region	chr	midPos	Nsites
(10,11)(12064,12068)(10000,60000)	NODE_1000_length_28765_cov_3.224203	35000	3	0.001872
(3,5)(15432,15458)(10000,60000)	NODE_1002_length_28759_cov_3.406211	35000	4	0.040105
(1,1)(23025,23025)(10000,60000)	NODE_1004_length_28751_cov_3.208258	35000	2	0.060541
(12,13)(17412,20252)(10000,60000)	NODE_1005_length_28748_cov_3.680652	35000	3	0.034859
(27,33)(16232,26544)(10000,60000)	NODE_1007_length_28726_cov_3.415552	35000	8	0.060185
(5,9)(20961,27181)(10000,60000)	NODE_1009_length_28717_cov_3.504018	35000	6	0.059928
(2,7)(42531,42565)(20000,70000)	NODE_100_length_47095_cov_3.782811	45000	7	0.016420
(3,10)(18813,21663)(10000,60000)	NODE_1010_length_28715_cov_3.683359	35000	9	0.027278
(46,49)(13674,20269)(10000,60000)	NODE_1011_length_28715_cov_3.354033	35000	5	0.000581
(5,10)(11028,23317)(10000,60000)	NODE_1012_length_28711_cov_3.297952	35000	7	0.056480
(5,23)(13772,25979)(10000,60000)	NODE_1017_length_28667_cov_3.535844	35000	20	0.056442
(1,5)(17598,28541)(10000,60000)	NODE_1021_length_28602_cov_3.913799	35000	6	0.009019
(5,34)(12283,28582)(10000,60000)	NODE_1022_length_28599_cov_3.422702	35000	31	0.018933
(14,41)(26940,28126)(10000,60000)	NODE_1023_length_28597_cov_3.311987	35000	29	0.036600
(57,58)(28500,28513)(10000,60000)	NODE_1024_length_28592_cov_3.411013	35000	3	0.017059
(6,27)(11129,27188)(10000,60000)	NODE_1025_length_28566_cov_3.506130	35000	23	0.027463
(1,16)(22016,22314)(20000,70000)	NODE_1028_length_28554_cov_3.668283	45000	17	0.041349
(8,10)(46009,46038)(30000,80000)	NODE_102_length_46763_cov_3.799246	55000	4	0.037511
(2,8)(24845,28312)(10000,60000)	NODE_1034_length_28461_cov_4.068331	35000	8	0.030130
(5,8)(25618,25634)(10000,60000)	NODE_1037_length_28403_cov_3.410260	35000	5	0.017048
(25,56)(15638,46623)(10000,60000)	NODE_103_length_46749_cov_3.696785	35000	33	0.031183
(8,8)(14715,14715)(10000,60000)	NODE_1044_length_28386_cov_3.335596	35000	2	0.009622
(15,26)(10217,24826)(10000,60000)	NODE_1045_length_28382_cov_3.769968	35000	13	0.028903
(9,24)(28044,28292)(20000,70000)	NODE_1047_length_28360_cov_3.458512	45000	17	0.012310
(7,15)(16440,17379)(10000,60000)	NODE_1049_length_28350_cov_3.501398	35000	10	0.024880
(8,24)(11979,46708)(10000,60000)	NODE_104_length_46715_cov_3.945491	35000	18	0.034401
(1,2)(15785,15794)(10000,60000)	NODE_1057_length_28294_cov_3.708601	35000	3	0.013235
(29,32)(10033,22119)(10000,60000)	NODE_1059_length_28283_cov_3.475163	35000	5	0.025852
(5,17)(40284,46538)(30000,80000)	NODE_105_length_46595_cov_4.374075	55000	14	0.021521
(10,10)(27673,27673)(10000,60000)	NODE_1062_length_28263_cov_3.487182	35000	2	0.026877
(3,26)(22179,22573)(20000,70000)	NODE_1065_length_28237_cov_3.335525	45000	25	0.044515
(1,8)(27562,27611)(10000,60000)	NODE_1066_length_28235_cov_3.991292	35000	9	0.024802
(13,24)(26684,26803)(20000,70000)	NODE_1068_length_28209_cov_3.536464	45000	13	0.010585
(1,1)(21021,21021)(20000,70000)	NODE_1069_length_28209_cov_3.509961	45000	2	0.074419
(1,1)(40233,40233)(40000,90000)	NODE_106_length_46410_cov_3.501587	65000	2	0.032547
(2,30)(10162,27215)(10000,60000)	NODE_1073_length_28176_cov_3.380418	35000	30	0.031429
(13,33)(20692,26224)(10000,60000)	NODE_1075_length_28172_cov_3.656859	35000	22	0.047130
(1,1)(12035,12035)(10000,60000)	NODE_1076_length_28172_cov_3.504862	35000	2	0.035498
(19,43)(13667,19268)(10000,60000)	NODE_1078_length_28159_cov_3.481646	35000	26	0.064727
(7,9)(10005,10055)(10000,60000)	NODE_1079_length_28144_cov_4.804564	35000	4	0.099206
(1,4)(20780,20810)(10000,60000)	NODE_1080_length_28143_cov_4.150300	35000	5	0.167971
(1,7)(28060,28100)(20000,70000)	NODE_1082_length_28126_cov_3.365647	45000	8	-0.004251
(8,12)(20959,27730)(20000,70000)	NODE_1083_length_28122_cov_3.522928	45000	6	0.044556
(11,37)(16934,24155)(10000,60000)	NODE_1084_length_28104_cov_3.508909	35000	28	0.044263
(4,6)(14251,27829)(10000,60000)	NODE_1085_length_28103_cov_3.809063	35000	4	0.070026
(16,46)(10101,25732)(10000,60000)	NODE_1088_length_28087_cov_3.725096	35000	32	0.023717
(36,37)(25347,25348)(10000,60000)	NODE_1089_length_28083_cov_3.489673	35000	3	0.093621
(4,20)(23830,25403)(20000,70000)	NODE_1092_length_28048_cov_3.913378	45000	18	0.028433
(4,34)(11045,17536)(10000,60000)	NODE_1094_length_28041_cov_3.287238	35000	32	0.030699
(1,3)(17733,24737)(10000,60000)	NODE_1095_length_28038_cov_3.095744	35000	4	-0.005139
(5,16)(13934,27883)(10000,60000)	NODE_1096_length_28028_cov_3.960650	35000	13	0.011990
(2,59)(21793,22109)(20000,70000)	NODE_1099_length_28010_cov_3.835083	45000	59	0.019993
(1,8)(38469,42259)(10000,60000)	NODE_109_length_46315_cov_3.793621	35000	9	0.020960
(5,40)(10399,27933)(10000,60000)	NODE_1103_length_27962_cov_3.749453	35000	37	0.052109
(2,2)(12951,12951)(10000,60000)	NODE_1104_length_27957_cov_3.296109	35000	2	0.041910
(4,9)(27882,27891)(20000,70000)	NODE_1106_length_27929_cov_3.366116	45000	7	0.031240
(11,15)(17824,17854)(10000,60000)	NODE_1107_length_27901_cov_6.316092	35000	6	0.028230
(1,1)(18427,18427)(10000,60000)	NODE_1113_length_27843_cov_3.584991	35000	2	0.094064
(15,15)(11643,11643)(10000,60000)	NODE_1114_length_27839_cov_3.775054	35000	2	0.021449
(1,23)(14416,26114)(10000,60000)	NODE_1115_length_27836_cov_3.964416	35000	24	0.029760
(23,29)(13627,25219)(10000,60000)	NODE_1117_length_27829_cov_3.514858	35000	8	0.051510
(12,31)(22735,23772)(20000,70000)	NODE_1118_length_27806_cov_3.433067	45000	21	0.033427
(7,30)(10757,20022)(10000,60000)	NODE_1119_length_27804_cov_3.265512	35000	25	0.070065
(6,27)(24666,39012)(10000,60000)	NODE_111_length_46104_cov_3.581915	35000	23	0.033539
(12,14)(13724,21702)(10000,60000)	NODE_1120_length_27804_cov_3.045660	35000	4	0.039118
(6,50)(20348,26439)(20000,70000)	NODE_1121_length_27798_cov_3.404022	45000	46	0.043490
(1,17)(11324,19778)(10000,60000)	NODE_1122_length_27796_cov_3.669495	35000	18	0.065991
(2,58)(19445,26223)(10000,60000)	NODE_1123_length_27794_cov_3.478534	35000	58	0.023026
(35,69)(21673,22214)(10000,60000)	NODE_1124_length_27782_cov_3.709966	35000	36	0.062608
(13,14)(25021,25040)(10000,60000)	NODE_1128_length_27760_cov_3.651567	35000	3	-0.000109
(1,14)(10137,19138)(10000,60000)	NODE_112_length_46055_cov_3.964510	35000	15	0.029655
(17,17)(24710,24710)(10000,60000)	NODE_1132_length_27744_cov_3.724507	35000	2	0.109252
(5,14)(16255,25037)(10000,60000)	NODE_1138_length_27705_cov_3.294863	35000	11	0.047410
(15,29)(10074,33731)(10000,60000)	NODE_113_length_45986_cov_3.459455	35000	16	0.057387
(6,36)(20367,27629)(20000,70000)	NODE_1141_length_27677_cov_3.392994	45000	32	0.019152
(1,9)(21179,22704)(20000,70000)	NODE_1145_length_27664_cov_3.491819	45000	10	0.035203
(5,29)(26428,26756)(10000,60000)	NODE_1146_length_27660_cov_3.597983	35000	26	0.030116
(1,13)(13967,21142)(10000,60000)	NODE_1148_length_27652_cov_3.417486	35000	14	0.018150
(56,102)(14200,25098)(10000,60000)	NODE_1149_length_27651_cov_3.445630	35000	48	0.046653
(1,29)(15027,25916)(10000,60000)	NODE_1150_length_27649_cov_4.857822	35000	30	0.048185
(5,9)(20928,20946)(10000,60000)	NODE_1151_length_27648_cov_3.518567	35000	6	0.092340
(9,9)(21316,21316)(20000,70000)	NODE_1161_length_27611_cov_3.431666	45000	2	0.009488
(79,114)(15376,21434)(10000,60000)	NODE_1162_length_27605_cov_4.986621	35000	37	0.029268
(37,46)(20241,25648)(20000,70000)	NODE_1163_length_27603_cov_3.382090	45000	11	-0.004489
(5,5)(24310,24310)(20000,70000)	NODE_1164_length_27579_cov_3.689265	45000	2	0.082383
(26,28)(27463,27493)(20000,70000)	NODE_1165_length_27571_cov_3.548267	45000	4	-0.000300
(3,18)(11038,27559)(10000,60000)	NODE_1166_length_27567_cov_3.729940	35000	17	0.045252
(1,8)(29857,34198)(10000,60000)	NODE_116_length_45728_cov_3.788797	35000	9	0.023134
(9,12)(15560,18402)(10000,60000)	NODE_1173_length_27537_cov_3.381041	35000	5	0.028642
(25,38)(12398,27488)(10000,60000)	NODE_1176_length_27508_cov_3.209019	35000	15	0.022203
(9,20)(11832,12613)(10000,60000)	NODE_1178_length_27483_cov_3.257084	35000	13	0.087289
(22,31)(16449,34467)(10000,60000)	NODE_117_length_45685_cov_3.779340	35000	11	0.045510
(9,24)(11391,21248)(10000,60000)	NODE_1180_length_27473_cov_3.373676	35000	17	0.010706
(6,10)(11840,19664)(10000,60000)	NODE_1183_length_27449_cov_3.639013	35000	6	0.093367
(38,66)(21005,22628)(10000,60000)	NODE_1184_length_27441_cov_3.633823	35000	30	0.044302
(9,24)(19041,27171)(10000,60000)	NODE_1185_length_27436_cov_3.501591	35000	17	0.076802
(8,13)(14821,14898)(10000,60000)	NODE_1188_length_27423_cov_3.655248	35000	7	0.021515
(13,21)(13329,20870)(10000,60000)	NODE_1190_length_27409_cov_3.594691	35000	10	0.084622
(1,25)(12985,25901)(10000,60000)	NODE_1192_length_27407_cov_3.223414	35000	26	0.047040
(4,11)(18938,27367)(10000,60000)	NODE_1193_length_27404_cov_3.487127	35000	9	0.139321
(12,12)(25868,25868)(20000,70000)	NODE_1196_length_27364_cov_3.469686	45000	2	-0.009011
(2,7)(14277,25363)(10000,60000)	NODE_1198_length_27349_cov_3.397358	35000	7	0.121797
(1,11)(11605,27343)(10000,60000)	NODE_1199_length_27348_cov_3.406731	35000	12	0.005086
(42,62)(13594,44660)(10000,60000)	NODE_119_length_45487_cov_3.639861	35000	22	0.034123
(1,3)(47141,66002)(40000,90000)	NODE_11_length_69074_cov_3.575571	65000	4	0.029830
(1,25)(13618,26293)(10000,60000)	NODE_1200_length_27344_cov_3.341714	35000	26	0.059711
(15,15)(26711,26711)(10000,60000)	NODE_1201_length_27343_cov_6.441822	35000	2	-0.003104
(6,9)(21866,24530)(10000,60000)	NODE_1202_length_27333_cov_3.550084	35000	5	0.042056
(1,1)(14985,14985)(10000,60000)	NODE_1203_length_27324_cov_3.147107	35000	2	0.192214
(15,22)(16535,25707)(10000,60000)	NODE_1204_length_27314_cov_3.533382	35000	9	0.028929
(10,16)(24740,24786)(10000,60000)	NODE_1207_length_27288_cov_3.534885	35000	8	0.050336
(21,22)(19150,19152)(10000,60000)	NODE_1209_length_27273_cov_3.050857	35000	3	0.068774
(1,6)(19731,19753)(10000,60000)	NODE_120_length_45471_cov_5.232500	35000	7	0.004389
(4,6)(10455,10481)(10000,60000)	NODE_1212_length_27255_cov_3.565768	35000	4	0.096678
(8,24)(21400,21475)(20000,70000)	NODE_1213_length_27242_cov_3.425524	45000	18	0.027440
(21,34)(18805,26721)(10000,60000)	NODE_1214_length_27237_cov_3.511939	35000	15	0.008510
(11,17)(23460,27166)(20000,70000)	NODE_1216_length_27228_cov_3.355302	45000	8	0.026666
(1,1)(21365,21365)(10000,60000)	NODE_1218_length_27227_cov_3.263381	35000	2	0.076376
(11,12)(11908,24066)(10000,60000)	NODE_1219_length_27224_cov_3.944590	35000	3	0.028946
(1,4)(26188,27169)(10000,60000)	NODE_1220_length_27222_cov_3.688383	35000	5	0.040561
(1,1)(21776,21776)(20000,70000)	NODE_1221_length_27222_cov_3.610699	45000	2	0.023678
(1,9)(18449,27070)(10000,60000)	NODE_1222_length_27220_cov_3.260794	35000	10	0.027588
(10,14)(17080,25601)(10000,60000)	NODE_1223_length_27218_cov_3.051477	35000	6	0.067040
(8,12)(13391,26032)(10000,60000)	NODE_1228_length_27197_cov_3.409514	35000	6	0.043529
(3,4)(42736,42737)(40000,90000)	NODE_122_length_45330_cov_3.460260	65000	3	0.003214
(2,7)(20290,23173)(10000,60000)	NODE_1230_length_27182_cov_3.131595	35000	7	0.018903
(16,16)(10542,10542)(10000,60000)	NODE_1233_length_27162_cov_3.314932	35000	2	-0.007202
(5,41)(14329,27107)(10000,60000)	NODE_1234_length_27157_cov_3.276517	35000	38	0.008707
(28,29)(20961,20982)(20000,70000)	NODE_1235_length_27145_cov_2.960401	45000	3	0.049530
(16,35)(13346,27081)(10000,60000)	NODE_1237_length_27119_cov_3.221651	35000	21	0.008335
(16,21)(17997,36865)(10000,60000)	NODE_123_length_45325_cov_3.673064	35000	7	0.080435
(9,13)(27029,27053)(10000,60000)	NODE_1240_length_27081_cov_3.657253	35000	6	0.024578
(8,12)(18627,18668)(10000,60000)	NODE_1242_length_27058_cov_3.832709	35000	6	0.035820
(1,3)(24388,24423)(10000,60000)	NODE_1243_length_27058_cov_3.508661	35000	4	0.111120
(3,18)(11882,25466)(10000,60000)	NODE_1250_length_27027_cov_3.379085	35000	17	0.033321
(12,25)(17683,26839)(10000,60000)	NODE_1252_length_27007_cov_3.269883	35000	15	0.053584
(1,1)(12362,12362)(10000,60000)	NODE_1253_length_27006_cov_3.558962	35000	2	0.001325
(15,24)(22859,23249)(10000,60000)	NODE_1255_length_26997_cov_3.373708	35000	11	0.051487
(2,6)(22590,22625)(20000,70000)	NODE_1257_length_26975_cov_3.702039	45000	6	0.025197
(2,8)(22848,24889)(10000,60000)	NODE_1259_length_26961_cov_3.629886	35000	8	0.015243
(1,6)(30567,38326)(10000,60000)	NODE_125_length_45261_cov_5.989814	35000	7	0.086084
(1,3)(10364,10367)(10000,60000)	NODE_1263_length_26955_cov_3.612452	35000	4	0.060018
(8,10)(43424,43581)(10000,60000)	NODE_126_length_45242_cov_4.606030	35000	4	0.088927
(53,93)(10001,26347)(10000,60000)	NODE_1272_length_26871_cov_6.895861	35000	42	0.012947
(3,6)(11106,24641)(10000,60000)	NODE_1273_length_26850_cov_3.083174	35000	5	0.006733
(9,56)(11130,20341)(10000,60000)	NODE_1274_length_26845_cov_3.176998	35000	49	0.031757
(9,9)(10500,10500)(10000,60000)	NODE_1277_length_26820_cov_4.313723	35000	2	0.106449
(2,6)(13772,25912)(10000,60000)	NODE_1279_length_26813_cov_3.735944	35000	6	0.033201
(1,7)(35145,41207)(10000,60000)	NODE_127_length_45191_cov_3.584006	35000	8	0.018731
(29,33)(12174,24468)(10000,60000)	NODE_1284_length_26795_cov_3.174333	35000	6	0.053078
(13,30)(16253,19924)(10000,60000)	NODE_1287_length_26773_cov_3.666642	35000	19	0.068911
(3,36)(10555,26632)(10000,60000)	NODE_1288_length_26772_cov_3.186893	35000	35	0.052474
(10,10)(25172,25172)(10000,60000)	NODE_1289_length_26763_cov_3.222810	35000	2	0.072653
(31,40)(12439,28673)(10000,60000)	NODE_128_length_45079_cov_3.165296	35000	11	0.077701
(1,2)(25059,25062)(20000,70000)	NODE_1290_length_26762_cov_3.683757	45000	3	0.044048
(7,7)(12830,12830)(10000,60000)	NODE_1291_length_26757_cov_3.392715	35000	2	0.007287
(2,3)(26403,26411)(20000,70000)	NODE_1292_length_26755_cov_3.507766	45000	3	0.074744
(4,6)(22360,22369)(20000,70000)	NODE_1294_length_26749_cov_3.576660	45000	4	0.018345
(8,54)(19380,26579)(10000,60000)	NODE_1296_length_26726_cov_3.886732	35000	48	0.041864
(4,4)(26707,26707)(20000,70000)	NODE_1299_length_26717_cov_3.870088	45000	2	0.045535
(1,9)(25163,44832)(20000,70000)	NODE_129_length_45051_cov_3.377202	45000	10	-0.001052
(5,6)(26667,26679)(20000,70000)	NODE_12_length_68210_cov_3.690256	45000	3	0.031487
(2,8)(24598,24635)(10000,60000)	NODE_1307_length_26637_cov_3.719346	35000	8	0.022698
(5,15)(10140,13552)(10000,60000)	NODE_1308_length_26635_cov_3.472000	35000	12	0.038706
(1,1)(26601,26601)(10000,60000)	NODE_1309_length_26628_cov_3.558332	35000	2	0.006167
(4,4)(39576,39576)(10000,60000)	NODE_130_length_44892_cov_3.676356	35000	2	0.004196
(3,25)(22794,25873)(10000,60000)	NODE_1320_length_26547_cov_3.567793	35000	24	0.020785
(3,3)(10402,10402)(10000,60000)	NODE_1322_length_26538_cov_3.539166	35000	2	0.004895
(1,18)(15376,15499)(10000,60000)	NODE_1324_length_26528_cov_3.116198	35000	19	0.033355
(8,10)(10850,10862)(10000,60000)	NODE_1326_length_26517_cov_3.592172	35000	4	0.033885
(15,30)(19127,23095)(10000,60000)	NODE_1328_length_26516_cov_3.439490	35000	17	0.011346
(2,2)(23324,23324)(10000,60000)	NODE_132_length_44822_cov_3.699774	35000	2	0.004569
(5,27)(16408,26342)(10000,60000)	NODE_1330_length_26515_cov_3.181481	35000	24	0.028188
(7,22)(15658,25510)(10000,60000)	NODE_1331_length_26514_cov_3.218626	35000	17	0.044576
(14,28)(17634,26451)(10000,60000)	NODE_1332_length_26512_cov_3.273994	35000	16	0.023382
(2,5)(24722,25034)(10000,60000)	NODE_1335_length_26506_cov_3.801530	35000	5	0.069137
(13,16)(26438,26460)(20000,70000)	NODE_1337_length_26496_cov_3.872523	45000	5	0.009966
(2,2)(11362,11362)(10000,60000)	NODE_1339_length_26475_cov_3.788937	35000	2	0.077327
(3,20)(20697,33642)(20000,70000)	NODE_133_length_44813_cov_3.744085	45000	19	0.049450
(6,9)(18527,21055)(10000,60000)	NODE_1341_length_26455_cov_4.125247	35000	5	0.100718
(5,7)(18264,18368)(10000,60000)	NODE_1342_length_26455_cov_3.289687	35000	4	-0.006854
(5,6)(20557,20558)(10000,60000)	NODE_1343_length_26431_cov_3.459897	35000	3	0.061712
(10,21)(11673,26200)(10000,60000)	NODE_1344_length_26430_cov_3.394516	35000	13	0.078269
(1,16)(12345,18591)(10000,60000)	NODE_1346_length_26390_cov_3.411662	35000	17	0.067510
(2,30)(16179,23943)(10000,60000)	NODE_1347_length_26389_cov_4.929973	35000	30	0.051357
(1,5)(27799,28162)(20000,70000)	NODE_134_length_44775_cov_3.683096	45000	6	0.042062
(9,11)(21103,21158)(10000,60000)	NODE_1350_length_26376_cov_3.193667	35000	4	0.114256
(3,4)(15780,24714)(10000,60000)	NODE_1352_length_26365_cov_3.657923	35000	3	0.056490
(2,20)(20392,26298)(10000,60000)	NODE_1354_length_26327_cov_3.895036	35000	20	0.032203
(3,36)(20660,26150)(20000,70000)	NODE_1357_length_26311_cov_6.751068	45000	35	0.038406
(23,24)(15163,19536)(10000,60000)	NODE_1358_length_26310_cov_3.440960	35000	3	0.006155
(50,51)(11600,11601)(10000,60000)	NODE_135_length_44762_cov_3.527887	35000	3	0.004115
(62,66)(23278,23302)(10000,60000)	NODE_1360_length_26304_cov_3.622438	35000	6	0.080533
(25,25)(16929,16929)(10000,60000)	NODE_1361_length_26303_cov_3.229431	35000	2	0.122345
(19,27)(10758,18865)(10000,60000)	NODE_1363_length_26299_cov_3.374198	35000	10	0.006186
(11,32)(25717,26199)(10000,60000)	NODE_1364_length_26295_cov_3.710872	35000	23	0.033825
(1,1)(18576,18576)(10000,60000)	NODE_1367_length_26265_cov_3.615914	35000	2	0.149036
(1,1)(28672,28672)(20000,70000)	NODE_136_length_44741_cov_3.447583	45000	2	-0.010665
(8,8)(16451,16451)(10000,60000)	NODE_1373_length_26235_cov_3.992386	35000	2	0.006659
(10,20)(11114,11182)(10000,60000)	NODE_1374_length_26231_cov_3.240433	35000	12	0.014902
(22,33)(21121,22050)(10000,60000)	NODE_1376_length_26219_cov_3.444985	35000	13	0.044423
(12,43)(20098,26187)(20000,70000)	NODE_1377_length_26216_cov_4.152238	45000	33	0.033884
(16,17)(13244,19491)(10000,60000)	NODE_1378_length_26215_cov_3.697580	35000	3	-0.010666
(22,90)(10316,25323)(10000,60000)	NODE_1379_length_26213_cov_3.739335	35000	70	0.032161
(6,7)(27475,38334)(20000,70000)	NODE_137_length_44682_cov_3.434605	45000	3	0.095565
(63,69)(10714,20076)(10000,60000)	NODE_1380_length_26213_cov_3.363177	35000	8	0.007401
(26,109)(19960,21187)(10000,60000)	NODE_1381_length_26211_cov_4.198032	35000	85	0.024127
(7,45)(13166,24378)(10000,60000)	NODE_1386_length_26182_cov_3.429360	35000	40	0.037548
(1,11)(16877,17892)(10000,60000)	NODE_1387_length_26166_cov_3.346108	35000	12	0.006583
(87,121)(13154,25868)(10000,60000)	NODE_1388_length_26161_cov_3.247372	35000	36	0.017978
(6,25)(15802,16631)(10000,60000)	NODE_1389_length_26156_cov_3.629505	35000	21	0.047397
(2,7)(22437,23113)(20000,70000)	NODE_1392_length_26146_cov_3.478212	45000	7	0.057776
(1,2)(17968,17980)(10000,60000)	NODE_1393_length_26145_cov_3.721838	35000	3	0.019236
(23,46)(10569,25372)(10000,60000)	NODE_1394_length_26144_cov_3.502246	35000	25	0.043802
(68,71)(25591,25645)(10000,60000)	NODE_1395_length_26141_cov_3.624875	35000	5	0.097093
(6,11)(19173,19412)(10000,60000)	NODE_1396_length_26132_cov_3.434372	35000	7	0.033562
(4,5)(22698,22699)(10000,60000)	NODE_1397_length_26131_cov_3.563883	35000	3	0.036027
(19,27)(14105,25947)(10000,60000)	NODE_1398_length_26119_cov_3.332859	35000	10	0.007267
(1,1)(30213,30213)(20000,70000)	NODE_139_length_44511_cov_3.867513	45000	2	0.002399
(12,22)(22038,41453)(10000,60000)	NODE_13_length_68114_cov_3.343174	35000	12	0.048313
(28,42)(23491,23778)(20000,70000)	NODE_1401_length_26104_cov_3.449221	45000	16	0.060684
(2,2)(10718,10718)(10000,60000)	NODE_1402_length_26103_cov_3.751500	35000	2	0.275965
(5,64)(13745,25424)(10000,60000)	NODE_1404_length_26088_cov_3.276463	35000	61	0.050432
(5,6)(16354,19430)(10000,60000)	NODE_1405_length_26082_cov_3.365855	35000	3	0.040570
(9,11)(24033,24042)(20000,70000)	NODE_1409_length_26060_cov_3.451947	45000	4	0.002898
(4,8)(21812,32531)(10000,60000)	NODE_140_length_44451_cov_3.709641	35000	6	0.058063
(1,2)(25977,25978)(20000,70000)	NODE_1413_length_26039_cov_3.371781	45000	3	0.001702
(1,16)(15054,15950)(10000,60000)	NODE_1415_length_26022_cov_3.697064	35000	17	0.025582
(32,32)(25727,25727)(10000,60000)	NODE_1419_length_26006_cov_3.494847	35000	2	0.004840
(3,40)(12988,13431)(10000,60000)	NODE_141_length_44334_cov_3.795547	35000	39	0.042727
(5,7)(16621,16650)(10000,60000)	NODE_1420_length_26003_cov_3.424761	35000	4	-0.002549
(1,4)(12456,12469)(10000,60000)	NODE_1422_length_25996_cov_3.577982	35000	5	0.037384
(2,10)(15168,23623)(10000,60000)	NODE_1424_length_25990_cov_3.403538	35000	10	0.060531
(3,38)(20982,25966)(20000,70000)	NODE_1427_length_25981_cov_3.620508	45000	37	0.028032
(7,23)(11456,25938)(10000,60000)	NODE_1428_length_25972_cov_4.008580	35000	18	0.061150
(9,14)(21244,24962)(20000,70000)	NODE_1429_length_25970_cov_4.166016	45000	7	0.022024
(13,28)(15009,22061)(10000,60000)	NODE_1431_length_25966_cov_4.131944	35000	17	0.028347
(7,12)(20618,20683)(10000,60000)	NODE_1432_length_25964_cov_3.227644	35000	7	0.048147
(7,9)(13682,21412)(10000,60000)	NODE_1437_length_25946_cov_3.194800	35000	4	0.135348
(43,44)(14468,14539)(10000,60000)	NODE_1438_length_25934_cov_3.228953	35000	3	0.231772
(9,27)(41887,42698)(10000,60000)	NODE_143_length_44289_cov_3.666486	35000	20	0.014541
(16,16)(22606,22606)(20000,70000)	NODE_1440_length_25925_cov_3.207310	45000	2	0.222560
(2,3)(23061,23072)(10000,60000)	NODE_1442_length_25919_cov_3.922153	35000	3	-0.006532
(1,4)(24781,25754)(20000,70000)	NODE_1443_length_25918_cov_3.655680	45000	5	0.160883
(1,2)(11996,11998)(10000,60000)	NODE_1445_length_25911_cov_3.509259	35000	3	0.061231
(16,32)(13183,16385)(10000,60000)	NODE_1446_length_25900_cov_3.202783	35000	18	0.029940
(43,46)(25785,25883)(20000,70000)	NODE_1447_length_25898_cov_3.298926	45000	5	0.037713
(9,25)(11783,19437)(10000,60000)	NODE_1449_length_25894_cov_3.445784	35000	18	0.031104
(13,13)(23724,23724)(20000,70000)	NODE_144_length_44076_cov_3.987448	45000	2	0.011728
(1,2)(14500,23952)(10000,60000)	NODE_1450_length_25890_cov_3.623977	35000	3	0.034553
(3,10)(17414,25704)(10000,60000)	NODE_1452_length_25871_cov_5.737001	35000	9	0.046150
(8,51)(11579,25824)(10000,60000)	NODE_1453_length_25859_cov_3.251203	35000	45	0.032978
(2,58)(23678,25826)(20000,70000)	NODE_1457_length_25840_cov_3.457247	45000	58	0.061348
(10,14)(21311,22278)(20000,70000)	NODE_1461_length_25829_cov_3.183405	45000	6	0.030540
(13,25)(18779,21735)(10000,60000)	NODE_1462_length_25820_cov_3.296062	35000	14	0.050580
(5,9)(24617,24641)(10000,60000)	NODE_1466_length_25784_cov_3.901616	35000	6	0.038283
(37,101)(20408,25289)(20000,70000)	NODE_1469_length_25773_cov_3.933824	45000	66	0.041986
(7,8)(25500,25503)(10000,60000)	NODE_1470_length_25770_cov_3.890538	35000	3	0.013359
(11,53)(13881,25627)(10000,60000)	NODE_1472_length_25762_cov_3.291782	35000	44	0.023338
(7,22)(22031,25063)(10000,60000)	NODE_1473_length_25761_cov_3.422298	35000	17	0.038556
(2,3)(14235,23334)(10000,60000)	NODE_1474_length_25760_cov_3.743892	35000	3	0.017876
(21,52)(18640,25584)(10000,60000)	NODE_1475_length_25734_cov_3.348157	35000	33	0.027877
(7,53)(10045,25699)(10000,60000)	NODE_1478_length_25718_cov_3.065537	35000	48	0.042084
(7,12)(22403,24259)(20000,70000)	NODE_1480_length_25708_cov_3.410715	45000	7	0.028385
(42,46)(25568,25681)(20000,70000)	NODE_1484_length_25686_cov_3.148161	45000	6	0.023014
(2,5)(12242,13329)(10000,60000)	NODE_1485_length_25682_cov_3.579447	35000	5	0.003429
(2,16)(11769,17718)(10000,60000)	NODE_1489_length_25664_cov_3.552904	35000	16	0.049571
(3,12)(40251,40900)(40000,90000)	NODE_148_length_43741_cov_3.390220	65000	11	0.049848
(1,11)(14715,18443)(10000,60000)	NODE_1490_length_25663_cov_3.766977	35000	12	0.011641
(2,2)(21155,21155)(10000,60000)	NODE_1491_length_25661_cov_3.652688	35000	2	0.021940
(37,62)(14107,24870)(10000,60000)	NODE_1492_length_25661_cov_3.053087	35000	27	0.017943
(1,17)(33257,63361)(30000,80000)	NODE_14_length_68017_cov_3.523101	55000	18	0.027175
(3,4)(24458,24459)(20000,70000)	NODE_1501_length_25626_cov_3.593920	45000	3	0.016722
(2,18)(17950,23099)(10000,60000)	NODE_1505_length_25602_cov_6.772576	35000	18	-0.001637
(29,38)(20140,20168)(20000,70000)	NODE_1507_length_25597_cov_3.191113	45000	11	0.047203
(11,11)(29919,29919)(10000,60000)	NODE_150_length_43656_cov_3.680832	35000	2	-0.005774
(1,1)(22881,22881)(10000,60000)	NODE_1510_length_25575_cov_3.868504	35000	2	0.299316
(3,8)(10250,22219)(10000,60000)	NODE_1511_length_25568_cov_3.900114	35000	7	0.011361
(8,39)(14885,25240)(10000,60000)	NODE_1513_length_25545_cov_3.639393	35000	33	0.040632
(8,22)(18014,22589)(10000,60000)	NODE_1515_length_25537_cov_3.189559	35000	16	0.018791
(1,17)(25345,25490)(20000,70000)	NODE_1519_length_25506_cov_3.476483	45000	18	0.004274
(29,48)(10031,42088)(10000,60000)	NODE_151_length_43654_cov_3.405694	35000	21	0.033681
(4,6)(23326,23353)(10000,60000)	NODE_1521_length_25498_cov_3.286271	35000	4	0.082015
(1,1)(10654,10654)(10000,60000)	NODE_1522_length_25482_cov_3.668558	35000	2	0.032496
(9,41)(14216,25188)(10000,60000)	NODE_1524_length_25474_cov_3.756138	35000	34	0.024525
(8,28)(25249,25380)(10000,60000)	NODE_1528_length_25436_cov_3.431188	35000	22	0.018459
(1,1)(16527,16527)(10000,60000)	NODE_1529_length_25421_cov_3.670682	35000	2	0.114641
(5,26)(20427,20895)(20000,70000)	NODE_1530_length_25420_cov_4.322144	45000	23	0.051965
(16,17)(16735,16740)(10000,60000)	NODE_1531_length_25414_cov_3.222635	35000	3	-0.008277
(4,81)(17379,25328)(10000,60000)	NODE_1533_length_25394_cov_3.646650	35000	79	0.046762
(2,7)(24321,25153)(10000,60000)	NODE_1535_length_25382_cov_3.237314	35000	7	0.042343
(1,12)(22094,24232)(10000,60000)	NODE_1536_length_25381_cov_4.034768	35000	13	0.040218
(15,30)(20338,25304)(10000,60000)	NODE_1538_length_25369_cov_2.876652	35000	17	0.026847
(31,89)(14560,22677)(10000,60000)	NODE_1539_length_25365_cov_5.586915	35000	60	0.029412
(2,8)(18589,22758)(10000,60000)	NODE_153_length_43494_cov_3.824749	35000	8	0.036837
(4,47)(12982,21305)(10000,60000)	NODE_1541_length_25363_cov_3.426813	35000	45	0.042956
(2,6)(13481,13506)(10000,60000)	NODE_1542_length_25361_cov_3.495487	35000	6	0.039016
(4,10)(14074,25091)(10000,60000)	NODE_1543_length_25359_cov_3.752019	35000	8	0.047197
(1,1)(21975,21975)(10000,60000)	NODE_1544_length_25354_cov_3.314393	35000	2	0.011181
(20,24)(23677,24779)(20000,70000)	NODE_1545_length_25350_cov_3.460813	45000	6	0.054356
(6,9)(22200,24593)(10000,60000)	NODE_1546_length_25350_cov_3.363748	35000	5	0.042316
(5,26)(13000,23785)(10000,60000)	NODE_1547_length_25345_cov_3.489741	35000	23	0.039141
(2,2)(35505,35505)(10000,60000)	NODE_154_length_43475_cov_3.815728	35000	2	0.266267
(11,13)(17830,17903)(10000,60000)	NODE_1550_length_25326_cov_3.515202	35000	4	0.013906
(17,46)(10021,15552)(10000,60000)	NODE_1553_length_25317_cov_9.607384	35000	31	0.052878
(6,25)(11210,24803)(10000,60000)	NODE_1554_length_25310_cov_3.095593	35000	21	0.011136
(8,9)(25121,25122)(20000,70000)	NODE_1556_length_25302_cov_3.328651	45000	3	-0.001372
(24,29)(17589,19732)(10000,60000)	NODE_1557_length_25285_cov_8.302112	35000	7	0.037752
(14,14)(24912,24912)(20000,70000)	NODE_1559_length_25285_cov_3.503931	45000	2	-0.006076
(1,3)(43252,43261)(40000,90000)	NODE_155_length_43336_cov_3.719939	65000	4	0.029571
(7,8)(16106,21260)(10000,60000)	NODE_1560_length_25282_cov_3.455347	35000	3	0.183111
(3,11)(17900,20623)(10000,60000)	NODE_1562_length_25278_cov_3.461734	35000	10	0.038705
(6,29)(21809,25149)(20000,70000)	NODE_1567_length_25255_cov_3.341787	45000	25	0.017863
(4,19)(17947,25160)(10000,60000)	NODE_1568_length_25248_cov_5.394926	35000	17	0.042249
(1,2)(25137,25218)(10000,60000)	NODE_1569_length_25242_cov_3.544843	35000	3	0.157712
(6,14)(22558,22620)(20000,70000)	NODE_156_length_43331_cov_3.762398	45000	10	0.009628
(1,1)(25137,25137)(20000,70000)	NODE_1571_length_25234_cov_3.497116	45000	2	0.159693
(2,5)(25158,25197)(20000,70000)	NODE_1572_length_25234_cov_2.979272	45000	5	0.070093
(4,5)(20872,20879)(10000,60000)	NODE_1573_length_25228_cov_3.336424	35000	3	0.100477
(1,20)(10678,24796)(10000,60000)	NODE_1576_length_25219_cov_3.304061	35000	21	0.037167
(6,21)(13776,13901)(10000,60000)	NODE_1577_length_25216_cov_3.698611	35000	17	0.031537
(5,17)(24099,24603)(20000,70000)	NODE_1578_length_25207_cov_3.421539	45000	14	0.021262
(3,15)(14012,14071)(10000,60000)	NODE_1579_length_25202_cov_3.299088	35000	14	0.032113
(1,11)(33566,33625)(30000,80000)	NODE_157_length_43310_cov_3.673162	55000	12	0.051324
(18,23)(10000,16841)(10000,60000)	NODE_1580_length_25202_cov_3.223320	35000	7	0.025161
(2,6)(13248,13426)(10000,60000)	NODE_1581_length_25184_cov_3.277337	35000	6	0.035756
(48,53)(17182,20295)(10000,60000)	NODE_1582_length_25166_cov_3.276100	35000	7	0.048821
(13,13)(15435,15435)(10000,60000)	NODE_1583_length_25154_cov_3.678228	35000	2	0.231105
(9,11)(11077,17998)(10000,60000)	NODE_1586_length_25145_cov_3.565879	35000	4	0.056507
(10,18)(10537,20199)(10000,60000)	NODE_1587_length_25142_cov_3.559757	35000	10	0.059802
(19,27)(24499,24646)(10000,60000)	NODE_1588_length_25136_cov_3.118664	35000	10	0.040235
(22,23)(18632,18634)(10000,60000)	NODE_1589_length_25135_cov_3.179182	35000	3	0.030270
(1,27)(12392,43290)(10000,60000)	NODE_158_length_43302_cov_4.042891	35000	28	0.029399
(30,50)(11220,24464)(10000,60000)	NODE_1594_length_25094_cov_3.824765	35000	22	0.031215
(1,14)(10899,22574)(10000,60000)	NODE_1595_length_25083_cov_3.818444	35000	15	0.044072
(8,8)(22644,22644)(10000,60000)	NODE_1598_length_25065_cov_3.577946	35000	2	0.033686
(3,5)(14924,19787)(10000,60000)	NODE_1599_length_25057_cov_4.470110	35000	4	0.028483
(4,21)(20112,20446)(20000,70000)	NODE_159_length_43060_cov_3.785387	45000	19	0.046010
(2,23)(40711,57704)(30000,80000)	NODE_15_length_67516_cov_3.678390	55000	23	0.030489
(32,32)(13433,13433)(10000,60000)	NODE_1606_length_25023_cov_3.272669	35000	2	0.012575
(2,4)(24785,24792)(20000,70000)	NODE_1609_length_25020_cov_3.629068	45000	4	0.101926
(46,51)(35662,40625)(20000,70000)	NODE_160_length_42998_cov_3.833772	45000	7	0.050626
(12,41)(12957,24921)(10000,60000)	NODE_1610_length_25014_cov_4.627935	35000	31	0.044740
(11,18)(13122,13749)(10000,60000)	NODE_1611_length_25009_cov_3.427619	35000	9	0.060531
(21,29)(24504,24924)(20000,70000)	NODE_1613_length_25006_cov_3.359819	45000	10	0.019751
(4,33)(17085,17435)(10000,60000)	NODE_1618_length_24998_cov_3.495241	35000	31	0.020431
(2,8)(14861,17154)(10000,60000)	NODE_161_length_42991_cov_3.446750	35000	8	0.081087
(5,6)(11351,11362)(10000,60000)	NODE_1623_length_24982_cov_3.314190	35000	3	-0.006208
(6,10)(16085,23016)(10000,60000)	NODE_1627_length_24973_cov_3.339431	35000	6	0.003937
(1,4)(20378,20395)(10000,60000)	NODE_1628_length_24972_cov_3.357938	35000	5	0.012706
(1,7)(24855,24954)(10000,60000)	NODE_1629_length_24970_cov_3.319408	35000	8	0.044680
(2,6)(10522,10646)(10000,60000)	NODE_1632_length_24951_cov_3.821383	35000	6	-0.001974
(31,32)(24754,24844)(10000,60000)	NODE_1635_length_24941_cov_3.646607	35000	3	-0.008964
(41,46)(12041,21570)(10000,60000)	NODE_1637_length_24934_cov_3.074653	35000	7	0.110604
(7,9)(19263,19275)(10000,60000)	NODE_1639_length_24931_cov_3.191970	35000	4	0.006966
(10,12)(16339,36048)(10000,60000)	NODE_163_length_42880_cov_3.903205	35000	4	-0.000557
(13,27)(17764,18373)(10000,60000)	NODE_1643_length_24902_cov_2.869250	35000	16	0.042978
(5,11)(24845,24889)(20000,70000)	NODE_1646_length_24898_cov_3.838784	45000	8	0.059375
(6,8)(10813,21819)(10000,60000)	NODE_1648_length_24895_cov_3.639619	35000	4	0.001478
(5,17)(40499,42612)(10000,60000)	NODE_164_length_42851_cov_3.609609	35000	14	0.021722
(20,25)(15524,20732)(10000,60000)	NODE_1651_length_24869_cov_3.191845	35000	7	0.039861
(2,12)(20646,24787)(20000,70000)	NODE_1652_length_24860_cov_3.716651	45000	12	0.075488
(4,4)(20913,20913)(10000,60000)	NODE_1653_length_24849_cov_3.727030	35000	2	0.003496
(16,26)(11044,23776)(10000,60000)	NODE_1654_length_24848_cov_3.006950	35000	12	0.022867
(9,16)(12470,22833)(10000,60000)	NODE_1659_length_24832_cov_3.778474	35000	9	0.035249
(2,11)(10494,28732)(10000,60000)	NODE_165_length_42797_cov_3.609185	35000	11	0.030943
(36,62)(21616,22008)(20000,70000)	NODE_1661_length_24830_cov_3.449355	45000	28	0.032506
(10,63)(23525,24770)(10000,60000)	NODE_1662_length_24827_cov_3.831567	35000	55	0.017381
(10,41)(18478,22671)(10000,60000)	NODE_1663_length_24821_cov_3.347221	35000	33	0.025762
(17,20)(12328,12338)(10000,60000)	NODE_1664_length_24817_cov_3.329638	35000	5	0.060121
(29,32)(19006,19032)(10000,60000)	NODE_1665_length_24813_cov_3.302946	35000	5	0.072875
(5,5)(24134,24134)(20000,70000)	NODE_1666_length_24812_cov_3.747016	45000	2	0.006858
(1,4)(23589,27374)(10000,60000)	NODE_166_length_42782_cov_3.464635	35000	5	0.059565
(10,16)(24639,24740)(20000,70000)	NODE_1670_length_24778_cov_3.300660	45000	8	0.015589
(24,40)(11850,22820)(10000,60000)	NODE_1671_length_24775_cov_4.044091	35000	18	0.045212
(17,40)(21854,21961)(20000,70000)	NODE_1673_length_24764_cov_3.339347	45000	25	0.033302
(1,15)(22867,23066)(10000,60000)	NODE_1677_length_24749_cov_3.438012	35000	16	0.009610
(7,9)(14344,19641)(10000,60000)	NODE_1678_length_24744_cov_3.521079	35000	4	0.025320
(4,6)(13757,13768)(10000,60000)	NODE_1679_length_24736_cov_3.894184	35000	4	-0.004805
(20,56)(17573,20562)(10000,60000)	NODE_1680_length_24731_cov_4.176031	35000	38	0.014827
(9,12)(20232,20269)(10000,60000)	NODE_1682_length_24722_cov_3.774073	35000	5	0.150722
(27,32)(24530,24548)(10000,60000)	NODE_1683_length_24717_cov_3.436347	35000	7	0.003405
(4,5)(10882,10888)(10000,60000)	NODE_1684_length_24707_cov_3.847773	35000	3	0.112141
(20,28)(14037,22692)(10000,60000)	NODE_1685_length_24705_cov_3.538405	35000	10	0.100460
(5,13)(17872,24671)(10000,60000)	NODE_1686_length_24702_cov_3.387351	35000	10	0.026198
(12,22)(12320,24244)(10000,60000)	NODE_1687_length_24692_cov_2.708698	35000	12	0.074866
(14,14)(13981,13981)(10000,60000)	NODE_1688_length_24686_cov_3.453288	35000	2	-0.005036
(11,11)(37247,37247)(10000,60000)	NODE_168_length_42730_cov_3.695105	35000	2	0.091299
(11,12)(11840,20340)(10000,60000)	NODE_1690_length_24680_cov_3.584069	35000	3	0.057587
(32,80)(10490,21346)(10000,60000)	NODE_1692_length_24669_cov_3.993081	35000	50	0.014312
(61,87)(16153,24570)(10000,60000)	NODE_1693_length_24666_cov_3.593235	35000	28	0.025116
(2,2)(22530,22530)(10000,60000)	NODE_1694_length_24661_cov_3.383967	35000	2	0.067692
(6,9)(24319,24341)(20000,70000)	NODE_1695_length_24660_cov_3.839502	45000	5	0.024503
(10,22)(10759,10855)(10000,60000)	NODE_1696_length_24654_cov_3.438974	35000	14	0.017967
(20,27)(10341,14564)(10000,60000)	NODE_1697_length_24642_cov_3.272868	35000	9	0.040628
(1,2)(13704,21827)(10000,60000)	NODE_1699_length_24638_cov_3.473736	35000	3	0.155834
(2,7)(26808,34078)(20000,70000)	NODE_169_length_42659_cov_3.684328	45000	7	0.017213
(6,36)(26006,57393)(10000,60000)	NODE_16_length_67001_cov_3.667843	35000	32	0.015367
(2,19)(12857,24616)(10000,60000)	NODE_1700_length_24635_cov_3.210099	35000	19	0.027552
(4,23)(10283,15355)(10000,60000)	NODE_1703_length_24629_cov_3.394863	35000	21	0.036972
(52,55)(24470,24574)(10000,60000)	NODE_1704_length_24625_cov_3.139403	35000	5	0.011675
(3,4)(12358,12377)(10000,60000)	NODE_1705_length_24623_cov_3.473699	35000	3	0.040526
(1,1)(16675,16675)(10000,60000)	NODE_1706_length_24622_cov_3.567059	35000	2	0.163034
(1,6)(22404,22448)(20000,70000)	NODE_1707_length_24621_cov_3.520227	45000	7	0.058816
(42,46)(21342,21550)(10000,60000)	NODE_1708_length_24619_cov_3.481077	35000	6	0.022681
(4,10)(24489,24559)(20000,70000)	NODE_1709_length_24618_cov_3.105632	45000	8	0.012527
(8,9)(20581,24410)(10000,60000)	NODE_1710_length_24615_cov_3.388767	35000	3	0.062490
(7,16)(16000,16046)(10000,60000)	NODE_1716_length_24602_cov_3.560258	35000	11	0.018212
(15,15)(13367,13367)(10000,60000)	NODE_1717_length_24595_cov_3.531964	35000	2	0.052796
(1,3)(17341,23619)(10000,60000)	NODE_1718_length_24593_cov_3.977260	35000	4	0.012184
(18,36)(11355,37648)(10000,60000)	NODE_171_length_42620_cov_3.394864	35000	20	0.016952
(8,10)(20712,20739)(10000,60000)	NODE_1721_length_24590_cov_3.456045	35000	4	-0.001679
(4,45)(20185,24563)(10000,60000)	NODE_1722_length_24575_cov_3.607656	35000	43	0.025379
(8,13)(24523,24557)(20000,70000)	NODE_1726_length_24567_cov_3.463054	45000	7	0.115747
(1,14)(22955,23013)(20000,70000)	NODE_1727_length_24563_cov_3.290468	45000	15	0.025894
(1,2)(22537,22559)(20000,70000)	NODE_1728_length_24562_cov_3.621633	45000	3	0.034917
(1,8)(16699,33252)(10000,60000)	NODE_172_length_42601_cov_3.393040	35000	9	0.034496
(7,8)(13514,20056)(10000,60000)	NODE_1733_length_24553_cov_3.757545	35000	3	0.058911
(4,29)(10820,20853)(10000,60000)	NODE_1734_length_24549_cov_2.955624	35000	27	0.044378
(6,100)(10000,23441)(10000,60000)	NODE_1735_length_24544_cov_3.994273	35000	96	0.037406
(1,3)(16268,16275)(10000,60000)	NODE_1739_length_24534_cov_3.459832	35000	4	-0.004757
(22,23)(20740,39316)(10000,60000)	NODE_173_length_42600_cov_3.882215	35000	3	0.026522
(34,45)(24078,24237)(20000,70000)	NODE_1741_length_24529_cov_3.116865	45000	13	0.023837
(18,19)(11858,11859)(10000,60000)	NODE_1745_length_24510_cov_3.671951	35000	3	0.034884
(1,16)(11009,11081)(10000,60000)	NODE_1746_length_24506_cov_3.353874	35000	17	0.018618
(1,6)(21298,24180)(20000,70000)	NODE_1749_length_24492_cov_3.621285	45000	7	0.076818
(18,47)(10010,30177)(10000,60000)	NODE_174_length_42557_cov_3.904188	35000	31	0.045372
(23,93)(15600,24209)(10000,60000)	NODE_1751_length_24488_cov_3.181147	35000	72	0.039686
(1,7)(22996,23112)(10000,60000)	NODE_1754_length_24478_cov_3.772755	35000	8	0.047163
(6,24)(23390,24019)(20000,70000)	NODE_1758_length_24458_cov_3.624205	45000	20	0.026927
(22,26)(20483,20510)(10000,60000)	NODE_1759_length_24458_cov_3.396855	35000	6	-0.002394
(13,29)(13112,23655)(10000,60000)	NODE_1760_length_24457_cov_3.318581	35000	18	0.043328
(31,47)(15599,20794)(10000,60000)	NODE_1761_length_24456_cov_3.735518	35000	18	0.022204
(8,10)(22338,22866)(10000,60000)	NODE_1765_length_24443_cov_3.706827	35000	4	0.031547
(17,25)(14391,23399)(10000,60000)	NODE_1767_length_24426_cov_3.380113	35000	10	0.008971
(1,16)(20127,22098)(10000,60000)	NODE_1768_length_24423_cov_4.204983	35000	17	0.017500
(1,2)(22592,22593)(20000,70000)	NODE_1769_length_24420_cov_2.934707	45000	3	0.238423
(2,66)(16210,24401)(10000,60000)	NODE_1770_length_24419_cov_3.250658	35000	66	0.036875
(16,25)(15044,15696)(10000,60000)	NODE_1771_length_24415_cov_4.249424	35000	11	0.055856
(9,25)(15573,16272)(10000,60000)	NODE_1772_length_24414_cov_3.468024	35000	18	0.043166
(4,27)(15171,24293)(10000,60000)	NODE_1775_length_24399_cov_3.357202	35000	25	0.070107
(1,18)(11258,21929)(10000,60000)	NODE_1777_length_24390_cov_3.400148	35000	19	0.049126
(8,28)(17100,22433)(10000,60000)	NODE_1779_length_24382_cov_3.429189	35000	22	0.011246
(1,8)(33535,42430)(20000,70000)	NODE_177_length_42503_cov_4.064852	45000	9	0.036163
(5,9)(10178,23042)(10000,60000)	NODE_1781_length_24367_cov_3.659428	35000	6	0.030353
(11,45)(11141,24313)(10000,60000)	NODE_1782_length_24366_cov_3.136770	35000	36	0.035029
(1,1)(14942,14942)(10000,60000)	NODE_1785_length_24357_cov_3.775126	35000	2	0.007135
(23,85)(23454,24185)(10000,60000)	NODE_1787_length_24356_cov_3.544915	35000	64	0.027370
(1,2)(19384,19398)(10000,60000)	NODE_178_length_42494_cov_3.585470	35000	3	0.009344
(4,36)(17762,21898)(10000,60000)	NODE_1790_length_24350_cov_3.240650	35000	34	0.065561
(1,1)(20288,20288)(10000,60000)	NODE_1792_length_24339_cov_3.617079	35000	2	-0.000499
(1,1)(11094,11094)(10000,60000)	NODE_1795_length_24322_cov_3.443587	35000	2	0.056241
(1,2)(24229,24280)(20000,70000)	NODE_1796_length_24288_cov_3.698003	45000	3	0.027865
(20,21)(14682,14720)(10000,60000)	NODE_1797_length_24287_cov_3.279436	35000	3	0.115677
(29,39)(15827,16110)(10000,60000)	NODE_1798_length_24285_cov_3.530141	35000	12	0.044938
(12,34)(11361,20921)(10000,60000)	NODE_179_length_42489_cov_3.782284	35000	24	0.026721
(3,6)(21173,53608)(10000,60000)	NODE_17_length_65525_cov_3.703665	35000	5	0.075105
(4,27)(11356,18317)(10000,60000)	NODE_1801_length_24251_cov_3.143839	35000	25	0.047818
(6,8)(16274,16448)(10000,60000)	NODE_1802_length_24241_cov_3.716179	35000	4	0.079512
(12,40)(11088,17481)(10000,60000)	NODE_1803_length_24237_cov_3.639034	35000	30	0.036128
(35,61)(18511,19048)(10000,60000)	NODE_1805_length_24234_cov_3.664719	35000	28	0.035138
(3,22)(12507,12879)(10000,60000)	NODE_1806_length_24228_cov_3.588089	35000	21	0.085412
(1,2)(24178,24180)(10000,60000)	NODE_1807_length_24228_cov_3.524680	35000	3	-0.001573
(1,1)(12741,12741)(10000,60000)	NODE_1810_length_24202_cov_4.004854	35000	2	-0.005675
(1,11)(13814,19886)(10000,60000)	NODE_1811_length_24202_cov_3.404763	35000	12	0.047305
(2,26)(22181,23188)(10000,60000)	NODE_1812_length_24198_cov_3.530063	35000	26	0.051811
(1,1)(10838,10838)(10000,60000)	NODE_1813_length_24197_cov_4.019670	35000	2	0.001428
(28,66)(11382,18699)(10000,60000)	NODE_1814_length_24189_cov_3.354961	35000	40	0.056518
(1,20)(14247,16285)(10000,60000)	NODE_1815_length_24178_cov_3.783338	35000	21	0.056121
(2,10)(16037,20565)(10000,60000)	NODE_1816_length_24167_cov_3.798654	35000	10	0.050862
(5,21)(34593,35403)(10000,60000)	NODE_181_length_42477_cov_3.618977	35000	18	0.043836
(3,10)(13799,13846)(10000,60000)	NODE_1828_length_24123_cov_3.667125	35000	9	0.008803
(48,60)(11876,17034)(10000,60000)	NODE_1829_length_24120_cov_3.416802	35000	14	0.017632
(4,26)(18765,42157)(10000,60000)	NODE_182_length_42465_cov_3.622362	35000	24	0.033284
(4,7)(19311,19864)(10000,60000)	NODE_1830_length_24112_cov_3.846875	35000	5	0.048030
(13,15)(22104,22165)(20000,70000)	NODE_1831_length_24109_cov_3.330071	45000	4	0.067854
(11,15)(18048,18641)(10000,60000)	NODE_1832_length_24107_cov_3.186355	35000	6	-0.004291
(4,10)(23780,23860)(20000,70000)	NODE_1837_length_24079_cov_3.128649	45000	8	0.012121
(11,13)(22026,22357)(10000,60000)	NODE_1839_length_24069_cov_3.158114	35000	4	0.004417
(47,51)(15205,41273)(10000,60000)	NODE_183_length_42389_cov_3.371128	35000	6	0.051279
(3,3)(21515,21515)(20000,70000)	NODE_1841_length_24058_cov_3.444384	45000	2	0.054775
(6,26)(20997,21482)(10000,60000)	NODE_1842_length_24057_cov_3.525962	35000	22	0.016837
(11,11)(13748,13748)(10000,60000)	NODE_1843_length_24057_cov_3.200017	35000	2	0.026815
(17,62)(20067,20889)(10000,60000)	NODE_1845_length_24054_cov_2.999332	35000	47	0.044368
(2,38)(23592,24030)(10000,60000)	NODE_1846_length_24047_cov_3.657633	35000	38	0.029327
(7,12)(21134,23979)(10000,60000)	NODE_1847_length_24045_cov_3.679821	35000	7	0.026695
(1,26)(12926,19996)(10000,60000)	NODE_1848_length_24038_cov_3.544091	35000	27	0.037017
(11,28)(20936,39922)(10000,60000)	NODE_184_length_42385_cov_3.498889	35000	19	0.032111
(5,5)(20344,20344)(20000,70000)	NODE_1850_length_24034_cov_3.733194	45000	2	0.015672
(8,10)(22869,23885)(20000,70000)	NODE_1852_length_24016_cov_3.897270	45000	4	0.007156
(3,5)(21535,21564)(10000,60000)	NODE_1854_length_24006_cov_3.492073	35000	4	0.008097
(25,30)(10838,14558)(10000,60000)	NODE_1858_length_23983_cov_3.179241	35000	7	0.041071
(1,1)(17892,17892)(10000,60000)	NODE_1859_length_23967_cov_3.526018	35000	2	0.017236
(9,12)(21174,21206)(20000,70000)	NODE_1863_length_23961_cov_3.533275	45000	5	0.117551
(1,37)(10662,20770)(10000,60000)	NODE_1864_length_23961_cov_3.508759	35000	38	0.042924
(2,11)(11000,23428)(10000,60000)	NODE_1865_length_23952_cov_3.468704	35000	11	0.038785
(7,7)(18960,18960)(10000,60000)	NODE_1866_length_23948_cov_3.620529	35000	2	0.172274
(5,5)(23158,23158)(20000,70000)	NODE_1868_length_23944_cov_3.883414	45000	2	-0.001093
(1,18)(25812,39570)(20000,70000)	NODE_186_length_42282_cov_3.590356	45000	19	0.053839
(18,19)(22798,22811)(10000,60000)	NODE_1871_length_23941_cov_3.592694	35000	3	0.047769
(1,3)(21825,21836)(20000,70000)	NODE_1873_length_23924_cov_3.902371	45000	4	0.025957
(1,29)(12548,20398)(10000,60000)	NODE_1875_length_23908_cov_3.929186	35000	30	0.046184
(5,11)(32453,32502)(10000,60000)	NODE_187_length_42265_cov_3.866907	35000	8	0.056204
(4,5)(22974,22982)(20000,70000)	NODE_1882_length_23864_cov_3.066358	45000	3	0.002466
(1,26)(17353,22847)(10000,60000)	NODE_1883_length_23862_cov_3.718933	35000	27	0.047802
(38,39)(13478,13486)(10000,60000)	NODE_1886_length_23840_cov_3.339918	35000	3	-0.006957
(3,3)(22048,22048)(20000,70000)	NODE_1889_length_23831_cov_3.309456	45000	2	0.043924
(10,27)(16270,28628)(10000,60000)	NODE_188_length_42261_cov_3.394953	35000	19	0.039481
(10,14)(19227,19264)(10000,60000)	NODE_1890_length_23822_cov_3.607259	35000	6	0.008177
(21,22)(12081,12082)(10000,60000)	NODE_1891_length_23818_cov_3.615077	35000	3	0.032016
(4,54)(18226,22112)(10000,60000)	NODE_1892_length_23816_cov_3.164566	35000	52	0.033173
(9,28)(11923,21683)(10000,60000)	NODE_1893_length_23812_cov_3.274027	35000	21	0.026173
(1,3)(12399,12411)(10000,60000)	NODE_1896_length_23803_cov_3.574544	35000	4	0.019774
(43,66)(11955,23738)(10000,60000)	NODE_1898_length_23793_cov_3.415590	35000	25	0.014921
(7,9)(54979,62909)(30000,80000)	NODE_18_length_63337_cov_3.725956	55000	4	0.007632
(13,14)(21358,21375)(20000,70000)	NODE_1901_length_23781_cov_3.366143	45000	3	0.006109
(10,17)(16292,22102)(10000,60000)	NODE_1902_length_23774_cov_3.562872	35000	9	0.031221
(49,87)(10017,23258)(10000,60000)	NODE_1904_length_23767_cov_2.833742	35000	40	0.023111
(6,10)(21941,21951)(10000,60000)	NODE_1907_length_23750_cov_3.165532	35000	6	0.028393
(12,67)(11253,18742)(10000,60000)	NODE_1909_length_23744_cov_3.356185	35000	57	0.035642
(3,17)(30604,42059)(10000,60000)	NODE_190_length_42200_cov_3.471984	35000	16	0.012978
(2,3)(23231,23246)(10000,60000)	NODE_1913_length_23729_cov_3.783157	35000	3	0.018075
(3,15)(11972,14467)(10000,60000)	NODE_1915_length_23720_cov_2.959951	35000	14	0.038218
(70,83)(15900,22346)(10000,60000)	NODE_1916_length_23719_cov_3.565495	35000	15	0.017875
(9,22)(14566,28877)(10000,60000)	NODE_191_length_42089_cov_3.205406	35000	15	0.019912
(1,3)(17180,17251)(10000,60000)	NODE_1920_length_23714_cov_3.597459	35000	4	0.030322
(33,46)(13087,20962)(10000,60000)	NODE_1922_length_23710_cov_3.707552	35000	15	0.054642
(4,22)(12845,22067)(10000,60000)	NODE_1924_length_23708_cov_3.208692	35000	20	0.022014
(10,16)(12993,13136)(10000,60000)	NODE_1925_length_23707_cov_3.891096	35000	8	0.101186
(33,33)(10948,10948)(10000,60000)	NODE_1926_length_23704_cov_3.935437	35000	2	0.344552
(1,3)(11032,11047)(10000,60000)	NODE_1927_length_23700_cov_3.592941	35000	4	0.055255
(8,9)(31114,31116)(10000,60000)	NODE_192_length_42042_cov_3.647998	35000	3	0.293797
(32,54)(10004,20912)(10000,60000)	NODE_1932_length_23690_cov_3.097622	35000	24	0.066902
(1,1)(16565,16565)(10000,60000)	NODE_1935_length_23687_cov_3.183186	35000	2	0.003772
(3,3)(12261,12261)(10000,60000)	NODE_1936_length_23677_cov_3.578336	35000	2	0.021643
(1,14)(14880,22685)(10000,60000)	NODE_1937_length_23671_cov_3.519048	35000	15	0.072521
(14,74)(18448,23645)(10000,60000)	NODE_1938_length_23659_cov_3.776952	35000	62	0.022484
(8,48)(11633,23196)(10000,60000)	NODE_1940_length_23658_cov_3.196910	35000	42	0.032073
(3,6)(13794,23074)(10000,60000)	NODE_1941_length_23656_cov_3.796961	35000	5	0.030022
(14,23)(20733,23235)(10000,60000)	NODE_1942_length_23651_cov_3.065175	35000	11	0.046416
(13,17)(14128,23630)(10000,60000)	NODE_1947_length_23645_cov_3.407330	35000	6	0.035210
(8,13)(21341,21382)(10000,60000)	NODE_1948_length_23641_cov_3.859698	35000	7	0.064394
(23,33)(10802,12097)(10000,60000)	NODE_1949_length_23629_cov_3.309222	35000	12	0.078592
(3,51)(11618,17852)(10000,60000)	NODE_1950_length_23628_cov_3.900761	35000	50	0.042025
(30,30)(14746,14746)(10000,60000)	NODE_1951_length_23627_cov_3.914272	35000	2	0.024150
(3,15)(11143,12050)(10000,60000)	NODE_1952_length_23626_cov_3.223615	35000	14	0.143367
(5,19)(11048,16344)(10000,60000)	NODE_1955_length_23621_cov_3.672264	35000	16	0.039851
(11,35)(10540,11696)(10000,60000)	NODE_1956_length_23614_cov_3.745524	35000	26	0.038687
(5,5)(17133,17133)(10000,60000)	NODE_1959_length_23610_cov_3.622390	35000	2	0.270803
(1,11)(19204,34982)(10000,60000)	NODE_195_length_41947_cov_3.267444	35000	12	0.024866
(2,9)(15890,15931)(10000,60000)	NODE_1964_length_23568_cov_3.723252	35000	9	0.029271
(1,4)(14740,14770)(10000,60000)	NODE_1966_length_23563_cov_4.327864	35000	5	0.079419
(2,38)(13156,21263)(10000,60000)	NODE_1967_length_23557_cov_3.434095	35000	38	0.042343
(1,5)(10149,15518)(10000,60000)	NODE_1969_length_23545_cov_3.589226	35000	6	0.048654
(22,23)(24841,27229)(10000,60000)	NODE_196_length_41906_cov_3.453513	35000	3	0.032568
(1,2)(14425,14800)(10000,60000)	NODE_1970_length_23544_cov_3.486031	35000	3	0.022239
(1,5)(11862,15913)(10000,60000)	NODE_1971_length_23540_cov_3.464869	35000	6	0.010094
(1,3)(19484,19491)(10000,60000)	NODE_1972_length_23539_cov_3.373763	35000	4	0.003080
(1,1)(20533,20533)(20000,70000)	NODE_1973_length_23529_cov_3.910414	45000	2	0.194917
(38,38)(23254,23254)(10000,60000)	NODE_1974_length_23529_cov_3.499531	35000	2	0.017053
(7,24)(18281,18600)(10000,60000)	NODE_1975_length_23526_cov_3.953985	35000	19	0.029069
(28,64)(17404,23470)(10000,60000)	NODE_1977_length_23525_cov_3.497994	35000	38	0.036273
(6,6)(11843,11843)(10000,60000)	NODE_1978_length_23523_cov_3.476904	35000	2	0.047928
(1,7)(23656,27822)(10000,60000)	NODE_197_length_41809_cov_3.756749	35000	8	0.075280
(1,3)(23445,23491)(20000,70000)	NODE_1981_length_23520_cov_3.441996	45000	4	0.079423
(22,55)(12418,23338)(10000,60000)	NODE_1984_length_23515_cov_2.895157	35000	35	0.027744
(19,21)(12180,12222)(10000,60000)	NODE_1989_length_23482_cov_3.376983	35000	4	0.000163
(3,31)(17837,18183)(10000,60000)	NODE_198_length_41807_cov_3.509710	35000	30	0.024263
(1,1)(14916,14916)(10000,60000)	NODE_1991_length_23474_cov_3.612706	35000	2	-0.008032
(20,55)(10718,19359)(10000,60000)	NODE_1993_length_23472_cov_3.038420	35000	37	0.032249
(15,15)(16467,16467)(10000,60000)	NODE_1996_length_23467_cov_3.313377	35000	2	0.026070
(2,9)(13957,18863)(10000,60000)	NODE_1997_length_23467_cov_3.251455	35000	9	0.095936
(8,8)(28738,28738)(10000,60000)	NODE_19_length_63044_cov_3.511732	35000	2	0.044472
(2,16)(23132,23399)(20000,70000)	NODE_2001_length_23456_cov_3.697735	45000	16	0.061402
(2,6)(11973,21646)(10000,60000)	NODE_2002_length_23456_cov_3.548358	35000	6	0.073307
(6,7)(15723,15777)(10000,60000)	NODE_2004_length_23454_cov_3.823036	35000	3	0.001041
(5,5)(22774,22774)(20000,70000)	NODE_2007_length_23443_cov_3.450565	45000	2	0.052348
(13,15)(23355,23364)(10000,60000)	NODE_2009_length_23441_cov_3.112287	35000	4	0.035972
(26,50)(10667,11144)(10000,60000)	NODE_2010_length_23440_cov_3.802365	35000	26	0.024206
(5,8)(15222,19598)(10000,60000)	NODE_2012_length_23428_cov_3.126452	35000	5	0.009505
(40,44)(20109,20123)(10000,60000)	NODE_2014_length_23412_cov_3.260970	35000	6	0.041107
(9,60)(13312,22435)(10000,60000)	NODE_2015_length_23411_cov_6.544012	35000	53	0.038663
(14,35)(11626,22597)(10000,60000)	NODE_2017_length_23402_cov_3.052096	35000	23	0.034937
(1,5)(23024,23106)(10000,60000)	NODE_2018_length_23400_cov_3.277799	35000	6	0.001253
(3,10)(15201,21136)(10000,60000)	NODE_2019_length_23392_cov_3.431503	35000	9	0.046467
(1,1)(11292,11292)(10000,60000)	NODE_201_length_41642_cov_3.623523	35000	2	0.043633
(25,45)(10516,23380)(10000,60000)	NODE_2020_length_23387_cov_3.698385	35000	22	0.035865
(11,18)(11327,16943)(10000,60000)	NODE_2021_length_23386_cov_3.703440	35000	9	0.032464
(29,30)(19076,19228)(10000,60000)	NODE_2022_length_23386_cov_2.886288	35000	3	0.013162
(5,6)(21013,21317)(20000,70000)	NODE_2025_length_23381_cov_3.595138	45000	3	0.037174
(17,28)(15239,15468)(10000,60000)	NODE_2026_length_23380_cov_4.035694	35000	13	0.019267
(11,54)(10987,23370)(10000,60000)	NODE_2028_length_23378_cov_3.647064	35000	45	0.046117
(11,12)(16969,16983)(10000,60000)	NODE_2029_length_23377_cov_3.710499	35000	3	0.048410
(11,26)(11370,40953)(10000,60000)	NODE_202_length_41616_cov_3.134041	35000	17	0.043957
(1,2)(23331,23341)(10000,60000)	NODE_2032_length_23366_cov_3.413332	35000	3	0.121859
(6,8)(11105,15455)(10000,60000)	NODE_2033_length_23363_cov_3.723994	35000	4	0.081354
(5,40)(11032,20780)(10000,60000)	NODE_2036_length_23353_cov_3.162553	35000	37	0.038367
(1,2)(20981,22034)(10000,60000)	NODE_2037_length_23349_cov_3.449118	35000	3	0.099568
(3,3)(16998,16998)(10000,60000)	NODE_2038_length_23349_cov_3.416903	35000	2	0.011804
(27,54)(12961,13152)(10000,60000)	NODE_2039_length_23349_cov_3.240516	35000	29	0.028125
(2,30)(15903,40800)(10000,60000)	NODE_203_length_41539_cov_3.451375	35000	30	0.046851
(10,15)(22516,22530)(10000,60000)	NODE_2042_length_23342_cov_3.795465	35000	7	0.034818
(18,27)(11948,11984)(10000,60000)	NODE_2043_length_23341_cov_3.565743	35000	11	0.034747
(2,6)(15574,15621)(10000,60000)	NODE_2045_length_23332_cov_3.486334	35000	6	0.002186
(6,9)(11078,11101)(10000,60000)	NODE_2046_length_23331_cov_3.320420	35000	5	0.042936
(1,6)(22202,22306)(20000,70000)	NODE_2047_length_23330_cov_4.408807	45000	7	0.028597
(3,18)(12072,23297)(10000,60000)	NODE_204_length_41437_cov_3.385118	35000	17	0.048125
(1,26)(12785,21751)(10000,60000)	NODE_2051_length_23321_cov_3.781543	35000	27	0.021778
(4,19)(23127,23289)(10000,60000)	NODE_2052_length_23320_cov_3.296111	35000	17	0.041271
(4,15)(16611,22072)(10000,60000)	NODE_2054_length_23312_cov_3.852540	35000	13	0.040470
(10,16)(18761,18857)(10000,60000)	NODE_2055_length_23312_cov_3.195623	35000	8	0.010920
(13,13)(20294,20294)(10000,60000)	NODE_2056_length_23308_cov_3.699858	35000	2	0.031876
(2,14)(23125,23250)(10000,60000)	NODE_2057_length_23307_cov_3.641632	35000	14	0.024283
(7,8)(12729,12735)(10000,60000)	NODE_2058_length_23306_cov_3.977464	35000	3	0.046081
(1,1)(13288,13288)(10000,60000)	NODE_2059_length_23303_cov_3.934882	35000	2	0.025710
(31,37)(12397,38814)(10000,60000)	NODE_205_length_41392_cov_3.439324	35000	8	0.025418
(2,8)(11356,22102)(10000,60000)	NODE_2063_length_23296_cov_3.365306	35000	8	0.050168
(4,15)(17786,18127)(10000,60000)	NODE_2066_length_23283_cov_3.392512	35000	13	0.042035
(1,43)(10112,16016)(10000,60000)	NODE_2068_length_23278_cov_3.393071	35000	44	0.036560
(1,3)(11957,11965)(10000,60000)	NODE_2072_length_23262_cov_3.764279	35000	4	0.036488
(72,80)(10030,13826)(10000,60000)	NODE_2074_length_23258_cov_3.318969	35000	10	0.025395
(1,1)(20191,20191)(20000,70000)	NODE_2077_length_23250_cov_3.137791	45000	2	0.070820
(13,40)(10393,20521)(10000,60000)	NODE_2078_length_23248_cov_4.591861	35000	29	0.012368
(9,9)(13572,13572)(10000,60000)	NODE_2079_length_23248_cov_3.169727	35000	2	0.087786
(2,2)(38002,38002)(10000,60000)	NODE_207_length_41361_cov_3.636179	35000	2	0.089213
(7,9)(16660,16680)(10000,60000)	NODE_2081_length_23242_cov_2.928142	35000	4	0.033310
(1,13)(19125,23110)(10000,60000)	NODE_2082_length_23238_cov_3.536713	35000	14	0.052075
(2,10)(13491,13623)(10000,60000)	NODE_2083_length_23235_cov_3.607063	35000	10	0.025593
(2,14)(10101,23130)(10000,60000)	NODE_2084_length_23229_cov_3.384609	35000	14	0.088937
(21,27)(19703,23128)(10000,60000)	NODE_2085_length_23227_cov_3.189813	35000	8	0.035592
(27,35)(15463,15584)(10000,60000)	NODE_2087_length_23223_cov_3.867540	35000	10	0.050389
(49,55)(15010,19937)(10000,60000)	NODE_2090_length_23212_cov_3.299875	35000	8	0.025100
(5,29)(11070,14349)(10000,60000)	NODE_2091_length_23211_cov_3.235462	35000	26	0.046623
(16,23)(10618,21923)(10000,60000)	NODE_2093_length_23206_cov_3.592245	35000	9	0.046262
(75,76)(23167,23199)(10000,60000)	NODE_2094_length_23205_cov_3.569246	35000	3	0.054890
(11,26)(15264,23045)(10000,60000)	NODE_2095_length_23197_cov_3.093385	35000	17	0.061750
(4,13)(20244,20299)(20000,70000)	NODE_2096_length_23194_cov_3.071487	45000	11	0.052370
(1,6)(21972,22942)(20000,70000)	NODE_2099_length_23179_cov_3.219411	45000	7	0.026064
(2,31)(19979,35507)(10000,60000)	NODE_209_length_41344_cov_3.421772	35000	31	0.025154
(1,4)(36389,45300)(10000,60000)	NODE_20_length_62940_cov_3.656116	35000	5	-0.003463
(6,12)(21003,21255)(10000,60000)	NODE_2100_length_23175_cov_3.174684	35000	8	0.020813
(3,4)(22937,23126)(10000,60000)	NODE_2103_length_23162_cov_3.756103	35000	3	0.025073
(6,24)(20338,20906)(20000,70000)	NODE_2104_length_23154_cov_3.371329	45000	20	0.020500
(5,17)(11183,21695)(10000,60000)	NODE_2107_length_23143_cov_3.382703	35000	14	0.016473
(1,3)(15813,18447)(10000,60000)	NODE_2109_length_23135_cov_3.659446	35000	4	0.104901
(5,16)(35161,41157)(10000,60000)	NODE_210_length_41304_cov_3.810897	35000	13	0.055570
(18,21)(20616,20792)(10000,60000)	NODE_2110_length_23134_cov_4.136401	35000	5	0.019435
(1,2)(21826,21834)(10000,60000)	NODE_2111_length_23128_cov_4.136654	35000	3	0.066124
(1,1)(14262,14262)(10000,60000)	NODE_2112_length_23127_cov_3.550591	35000	2	0.390779
(26,49)(10729,11441)(10000,60000)	NODE_2113_length_23116_cov_2.968806	35000	25	0.022100
(6,50)(12949,38915)(10000,60000)	NODE_211_length_41295_cov_3.722716	35000	46	0.034745
(1,20)(10333,20470)(10000,60000)	NODE_2127_length_23063_cov_3.184593	35000	21	0.032281
(1,2)(11200,11204)(10000,60000)	NODE_2129_length_23055_cov_3.792429	35000	3	0.017703
(11,11)(18021,18021)(10000,60000)	NODE_212_length_41266_cov_3.543712	35000	2	0.021024
(29,30)(12642,12652)(10000,60000)	NODE_2131_length_23054_cov_3.285167	35000	3	-0.011139
(1,2)(15344,15351)(10000,60000)	NODE_2135_length_23038_cov_3.238502	35000	3	0.022483
(1,20)(10218,10322)(10000,60000)	NODE_2136_length_23037_cov_3.526942	35000	21	0.022243
(10,21)(10153,21207)(10000,60000)	NODE_2137_length_23036_cov_3.852553	35000	13	0.003102
(1,9)(17135,36606)(10000,60000)	NODE_213_length_41242_cov_3.631092	35000	10	0.038693
(35,90)(17750,22930)(10000,60000)	NODE_2141_length_23022_cov_3.352223	35000	57	0.044297
(4,7)(15436,20301)(10000,60000)	NODE_2142_length_23022_cov_3.276273	35000	5	0.036519
(22,25)(15167,18746)(10000,60000)	NODE_2143_length_23021_cov_3.570631	35000	5	0.047289
(6,16)(19774,22973)(10000,60000)	NODE_2145_length_23013_cov_3.760583	35000	12	0.046036
(12,19)(11622,22919)(10000,60000)	NODE_2146_length_22991_cov_3.658527	35000	9	0.118405
(15,32)(19273,19453)(10000,60000)	NODE_2148_length_22976_cov_3.442715	35000	19	0.048125
(30,66)(10119,10538)(10000,60000)	NODE_2149_length_22963_cov_3.499300	35000	38	0.045379
(33,42)(23754,32691)(10000,60000)	NODE_214_length_41232_cov_3.405101	35000	11	0.032026
(2,8)(15639,16906)(10000,60000)	NODE_2150_length_22960_cov_3.690915	35000	8	0.046437
(16,24)(19753,22849)(10000,60000)	NODE_2152_length_22947_cov_3.348608	35000	10	0.031323
(3,5)(22800,22803)(10000,60000)	NODE_2153_length_22937_cov_3.476881	35000	4	0.001260
(3,25)(11248,22750)(10000,60000)	NODE_2158_length_22929_cov_2.942970	35000	24	0.051029
(14,19)(14380,41094)(10000,60000)	NODE_215_length_41229_cov_3.549161	35000	7	0.092781
(6,9)(12330,12430)(10000,60000)	NODE_2161_length_22919_cov_3.318931	35000	5	0.022106
(2,4)(16318,16350)(10000,60000)	NODE_2162_length_22917_cov_3.674073	35000	4	0.052095
(1,2)(21984,22429)(20000,70000)	NODE_2166_length_22907_cov_3.263942	45000	3	0.042375
(35,35)(20898,20898)(10000,60000)	NODE_2167_length_22907_cov_3.160996	35000	2	0.040985
(2,2)(18411,18411)(10000,60000)	NODE_2168_length_22905_cov_3.941638	35000	2	0.192846
(18,39)(40836,41150)(10000,60000)	NODE_216_length_41182_cov_3.547355	35000	23	0.029532
(18,18)(20964,20964)(20000,70000)	NODE_2171_length_22886_cov_3.011981	45000	2	-0.006049
(38,52)(22754,22854)(10000,60000)	NODE_2176_length_22873_cov_3.378809	35000	16	0.032824
(2,19)(16254,22763)(10000,60000)	NODE_2178_length_22858_cov_3.361747	35000	19	0.012443
(8,8)(40674,40674)(10000,60000)	NODE_217_length_41150_cov_3.686390	35000	2	0.050721
(3,28)(16485,21990)(10000,60000)	NODE_2183_length_22841_cov_3.114942	35000	27	0.024181
(16,26)(10337,15509)(10000,60000)	NODE_2185_length_22833_cov_2.490367	35000	12	0.015544
(4,6)(15417,19689)(10000,60000)	NODE_2186_length_22832_cov_3.372586	35000	4	0.153849
(10,15)(14301,14492)(10000,60000)	NODE_2187_length_22822_cov_2.973815	35000	7	0.052344
(1,9)(32994,40866)(30000,80000)	NODE_218_length_41107_cov_3.505170	55000	10	0.101971
(77,84)(19280,19361)(10000,60000)	NODE_2192_length_22799_cov_3.322555	35000	9	0.113117
(3,4)(20027,20040)(10000,60000)	NODE_2196_length_22795_cov_3.381345	35000	3	-0.010226
(6,15)(10271,20019)(10000,60000)	NODE_2197_length_22794_cov_3.734303	35000	11	0.047191
(42,48)(14741,22686)(10000,60000)	NODE_2198_length_22788_cov_3.357971	35000	8	0.063866
(2,6)(10520,22605)(10000,60000)	NODE_2199_length_22786_cov_3.685679	35000	6	0.015059
(1,79)(15560,35842)(10000,60000)	NODE_219_length_41022_cov_3.385993	35000	80	0.039073
(22,25)(32769,55505)(20000,70000)	NODE_21_length_62915_cov_4.070778	45000	5	0.032186
(16,20)(13722,19819)(10000,60000)	NODE_2200_length_22783_cov_24.466981	35000	6	0.041279
(2,35)(15505,21260)(10000,60000)	NODE_2201_length_22777_cov_3.334906	35000	35	0.043941
(2,33)(10029,22008)(10000,60000)	NODE_2203_length_22771_cov_3.620545	35000	33	0.034144
(1,38)(10125,22459)(10000,60000)	NODE_2204_length_22770_cov_3.314146	35000	39	0.037134
(31,53)(13892,14522)(10000,60000)	NODE_2205_length_22768_cov_3.500375	35000	24	0.016126
(1,1)(19249,19249)(10000,60000)	NODE_2208_length_22761_cov_3.688774	35000	2	0.066777
(9,15)(22220,22669)(20000,70000)	NODE_2209_length_22758_cov_3.893376	45000	8	0.054616
(29,33)(16506,31863)(10000,60000)	NODE_220_length_40996_cov_6.368976	35000	6	-0.001747
(10,85)(11695,18830)(10000,60000)	NODE_2210_length_22752_cov_3.205712	35000	77	0.038800
(13,37)(18274,22396)(10000,60000)	NODE_2212_length_22740_cov_3.779471	35000	26	0.036064
(17,44)(15783,19632)(10000,60000)	NODE_2215_length_22722_cov_2.987623	35000	29	0.016237
(13,14)(19631,19650)(10000,60000)	NODE_2217_length_22715_cov_3.373541	35000	3	0.007933
(1,8)(10601,22653)(10000,60000)	NODE_2219_length_22709_cov_3.270942	35000	9	0.009794
(5,6)(39996,40006)(20000,70000)	NODE_221_length_40988_cov_3.832180	45000	3	0.056357
(23,154)(10086,21011)(10000,60000)	NODE_2224_length_22695_cov_3.639272	35000	133	0.035317
(17,17)(21473,21473)(10000,60000)	NODE_2226_length_22693_cov_3.396742	35000	2	0.018634
(2,84)(12145,20451)(10000,60000)	NODE_2227_length_22693_cov_3.205497	35000	84	0.044215
(3,3)(18002,18002)(10000,60000)	NODE_2228_length_22692_cov_3.831895	35000	2	0.116691
(9,12)(22332,22350)(10000,60000)	NODE_2229_length_22689_cov_3.043338	35000	5	-0.000646
(1,2)(15636,15646)(10000,60000)	NODE_2232_length_22678_cov_3.493777	35000	3	0.011030
(20,24)(20771,20805)(10000,60000)	NODE_2234_length_22672_cov_3.555265	35000	6	0.000388
(1,27)(13957,22609)(10000,60000)	NODE_2237_length_22664_cov_3.038688	35000	28	0.037808
(2,2)(21823,21823)(10000,60000)	NODE_2239_length_22660_cov_3.725189	35000	2	-0.000374
(25,30)(11766,38452)(10000,60000)	NODE_223_length_40943_cov_3.337038	35000	7	0.016011
(7,64)(15467,21620)(10000,60000)	NODE_2243_length_22647_cov_3.440970	35000	59	0.034315
(27,29)(18354,18370)(10000,60000)	NODE_2245_length_22643_cov_3.420555	35000	4	0.065049
(3,7)(19314,19578)(10000,60000)	NODE_2248_length_22632_cov_3.084942	35000	6	0.035083
(2,10)(22222,22583)(20000,70000)	NODE_2252_length_22619_cov_3.490053	45000	10	0.022500
(3,11)(10340,14032)(10000,60000)	NODE_2256_length_22609_cov_3.615948	35000	10	0.038299
(1,3)(17406,17423)(10000,60000)	NODE_2257_length_22603_cov_3.829541	35000	4	0.027331
(2,39)(12265,15910)(10000,60000)	NODE_2259_length_22592_cov_3.781132	35000	39	0.047338
(12,27)(11532,39373)(10000,60000)	NODE_225_length_40865_cov_3.547196	35000	17	0.042781
(5,25)(20876,22578)(10000,60000)	NODE_2260_length_22583_cov_4.475271	35000	22	0.021775
(1,5)(13795,13817)(10000,60000)	NODE_2261_length_22579_cov_3.617482	35000	6	0.094965
(7,11)(10487,19820)(10000,60000)	NODE_2263_length_22576_cov_3.642612	35000	6	0.015383
(7,10)(18632,18656)(10000,60000)	NODE_2265_length_22572_cov_3.118453	35000	5	0.099149
(19,26)(11450,11489)(10000,60000)	NODE_2266_length_22567_cov_3.292460	35000	9	0.135164
(36,63)(10529,18788)(10000,60000)	NODE_2267_length_22565_cov_4.519585	35000	29	0.038660
(10,45)(11604,20859)(10000,60000)	NODE_2268_length_22563_cov_3.225383	35000	37	0.043834
(31,43)(11240,16683)(10000,60000)	NODE_2271_length_22555_cov_3.809271	35000	14	0.084842
(2,12)(21779,21834)(10000,60000)	NODE_2274_length_22542_cov_3.652230	35000	12	-0.001647
(1,20)(14364,22021)(10000,60000)	NODE_2275_length_22541_cov_3.287096	35000	21	0.032524
(1,4)(22016,22203)(10000,60000)	NODE_2278_length_22532_cov_3.235145	35000	5	0.012476
(7,47)(11378,21837)(10000,60000)	NODE_2282_length_22530_cov_3.323882	35000	42	0.025505
(25,25)(10196,10196)(10000,60000)	NODE_2284_length_22526_cov_3.688144	35000	2	0.034821
(14,14)(12481,12481)(10000,60000)	NODE_2285_length_22524_cov_3.620691	35000	2	0.066974
(4,12)(10067,18138)(10000,60000)	NODE_2286_length_22520_cov_3.216360	35000	10	0.038208
(10,11)(26031,40679)(10000,60000)	NODE_228_length_40757_cov_3.913252	35000	3	0.102181
(6,27)(12507,15366)(10000,60000)	NODE_2292_length_22497_cov_3.400036	35000	23	0.039188
(7,11)(10298,22471)(10000,60000)	NODE_2293_length_22494_cov_3.569859	35000	6	0.003149
(6,6)(10756,10756)(10000,60000)	NODE_2294_length_22494_cov_3.308238	35000	2	0.061814
(20,30)(14232,20104)(10000,60000)	NODE_2295_length_22494_cov_3.216923	35000	12	0.010772
(28,39)(11046,14919)(10000,60000)	NODE_2297_length_22485_cov_3.495131	35000	13	0.025040
(5,6)(20534,20541)(10000,60000)	NODE_2298_length_22474_cov_3.291039	35000	3	0.052223
(1,6)(29517,29555)(10000,60000)	NODE_229_length_40732_cov_4.100485	35000	7	0.047905
(9,11)(31546,41583)(10000,60000)	NODE_22_length_62893_cov_3.681482	35000	4	0.126882
(1,13)(14792,15083)(10000,60000)	NODE_2301_length_22464_cov_3.075162	35000	14	0.066017
(5,14)(16385,22443)(10000,60000)	NODE_2304_length_22459_cov_3.612209	35000	11	0.026099
(9,14)(22412,22448)(20000,70000)	NODE_2307_length_22456_cov_3.234647	45000	7	-0.001556
(6,17)(13557,13950)(10000,60000)	NODE_2308_length_22454_cov_10.439410	35000	13	0.061879
(3,11)(11441,22095)(10000,60000)	NODE_2309_length_22453_cov_3.516194	35000	10	0.026666
(28,29)(21818,21829)(10000,60000)	NODE_2310_length_22451_cov_3.568540	35000	3	0.056312
(3,4)(22375,22376)(20000,70000)	NODE_2313_length_22449_cov_3.598389	45000	3	0.004638
(18,50)(12557,17692)(10000,60000)	NODE_2315_length_22444_cov_3.461535	35000	34	0.027223
(5,13)(14892,22076)(10000,60000)	NODE_2316_length_22440_cov_3.847097	35000	10	0.025068
(4,23)(22196,22417)(10000,60000)	NODE_2317_length_22433_cov_3.592639	35000	21	0.021528
(10,19)(12267,21376)(10000,60000)	NODE_2318_length_22429_cov_3.686923	35000	11	0.031258
(42,47)(22332,22382)(10000,60000)	NODE_2319_length_22429_cov_2.910255	35000	7	0.110835
(2,14)(20286,38325)(10000,60000)	NODE_231_length_40711_cov_3.532453	35000	14	0.063765
(5,12)(10809,17310)(10000,60000)	NODE_2320_length_22418_cov_3.396120	35000	9	0.090666
(1,3)(14028,15096)(10000,60000)	NODE_2321_length_22416_cov_3.667742	35000	4	0.034136
(2,3)(12763,12785)(10000,60000)	NODE_2322_length_22414_cov_3.636298	35000	3	0.027099
(1,2)(12184,13601)(10000,60000)	NODE_2325_length_22410_cov_2.972032	35000	3	0.057542
(17,18)(10101,11014)(10000,60000)	NODE_2327_length_22397_cov_3.920038	35000	3	0.027958
(19,51)(13158,20435)(10000,60000)	NODE_2330_length_22382_cov_3.444240	35000	34	0.077220
(2,15)(15297,19202)(10000,60000)	NODE_2332_length_22377_cov_3.415118	35000	15	0.023659
(1,50)(12686,16002)(10000,60000)	NODE_2333_length_22375_cov_3.901823	35000	51	0.047599
(5,6)(15563,15565)(10000,60000)	NODE_2336_length_22369_cov_3.443152	35000	3	0.291516
(1,2)(22341,22342)(10000,60000)	NODE_2338_length_22362_cov_3.306203	35000	3	0.122526
(13,13)(20666,20666)(20000,70000)	NODE_2340_length_22355_cov_3.890816	45000	2	-0.010994
(25,27)(20589,20606)(20000,70000)	NODE_2342_length_22338_cov_3.744503	45000	4	0.041619
(3,6)(10034,15402)(10000,60000)	NODE_2346_length_22315_cov_3.865367	35000	5	0.177996
(6,20)(15276,22300)(10000,60000)	NODE_2347_length_22311_cov_4.299478	35000	16	0.033838
(5,6)(10053,21876)(10000,60000)	NODE_2349_length_22311_cov_3.468395	35000	3	0.025357
(7,31)(11340,21692)(10000,60000)	NODE_234_length_40623_cov_3.740993	35000	26	0.057974
(19,21)(18253,18319)(10000,60000)	NODE_2353_length_22297_cov_3.627939	35000	4	0.107712
(12,27)(13184,13342)(10000,60000)	NODE_2354_length_22296_cov_2.952606	35000	17	0.008661
(9,10)(19118,19130)(10000,60000)	NODE_2358_length_22285_cov_3.238258	35000	3	0.022770
(2,5)(10570,35741)(10000,60000)	NODE_235_length_40607_cov_3.436136	35000	5	0.110962
(3,4)(19858,19870)(10000,60000)	NODE_2363_length_22278_cov_3.175121	35000	3	0.018568
(6,6)(20666,20666)(20000,70000)	NODE_2366_length_22271_cov_3.992017	45000	2	-0.006122
(1,23)(19995,22132)(10000,60000)	NODE_2367_length_22271_cov_3.644010	35000	24	0.019336
(5,8)(21338,21564)(20000,70000)	NODE_2369_length_22266_cov_3.629991	45000	5	0.010141
(5,13)(12519,32321)(10000,60000)	NODE_236_length_40517_cov_3.341457	35000	10	0.024014
(61,63)(18954,18968)(10000,60000)	NODE_2370_length_22263_cov_3.691391	35000	4	0.032418
(29,41)(10197,17729)(10000,60000)	NODE_2375_length_22237_cov_3.290044	35000	14	0.019924
(27,39)(11370,19426)(10000,60000)	NODE_2376_length_22234_cov_3.050328	35000	14	0.004139
(28,47)(10007,14647)(10000,60000)	NODE_2377_length_22228_cov_3.525961	35000	21	0.033203
(1,3)(21576,21603)(20000,70000)	NODE_2378_length_22225_cov_3.182997	45000	4	0.009005
(17,40)(11551,20318)(10000,60000)	NODE_2379_length_22218_cov_3.474208	35000	25	0.036904
(3,5)(29440,35941)(20000,70000)	NODE_237_length_40499_cov_3.593960	45000	4	0.117868
(4,4)(18310,18310)(10000,60000)	NODE_2380_length_22215_cov_3.921279	35000	2	0.014368
(4,10)(14725,22172)(10000,60000)	NODE_2383_length_22208_cov_3.370121	35000	8	0.052474
(1,1)(17017,17017)(10000,60000)	NODE_2385_length_22203_cov_3.173996	35000	2	0.026060
(2,15)(21955,22154)(20000,70000)	NODE_2386_length_22198_cov_3.889678	45000	15	0.019277
(8,41)(25555,40338)(20000,70000)	NODE_238_length_40437_cov_3.889608	45000	35	0.025557
(23,25)(20456,20470)(10000,60000)	NODE_2392_length_22188_cov_3.931187	35000	4	0.033691
(5,7)(16835,16846)(10000,60000)	NODE_2394_length_22185_cov_3.149416	35000	4	0.009736
(2,5)(22094,22172)(10000,60000)	NODE_2397_length_22180_cov_3.399121	35000	5	0.062192
(22,34)(17997,22158)(10000,60000)	NODE_2399_length_22167_cov_5.915534	35000	14	0.062355
(4,5)(22762,53038)(10000,60000)	NODE_23_length_62712_cov_3.854311	35000	3	0.038367
(9,9)(15015,15015)(10000,60000)	NODE_2402_length_22160_cov_3.442138	35000	2	0.023607
(12,14)(13268,13277)(10000,60000)	NODE_2404_length_22159_cov_3.129193	35000	4	0.015061
(12,106)(11820,22121)(10000,60000)	NODE_2405_length_22153_cov_3.091639	35000	96	0.037614
(7,54)(10998,22135)(10000,60000)	NODE_2407_length_22151_cov_4.103392	35000	49	0.015581
(18,22)(17077,17112)(10000,60000)	NODE_2408_length_22149_cov_5.104036	35000	6	0.028980
(14,131)(15065,22122)(10000,60000)	NODE_2409_length_22149_cov_3.958549	35000	119	0.034845
(38,50)(11741,21694)(10000,60000)	NODE_2412_length_22130_cov_3.468068	35000	14	0.026776
(3,8)(14550,14592)(10000,60000)	NODE_2413_length_22127_cov_5.007127	35000	7	0.069133
(38,68)(14028,16466)(10000,60000)	NODE_2415_length_22120_cov_3.141410	35000	32	0.052860
(1,3)(21268,21301)(10000,60000)	NODE_2416_length_22112_cov_3.554627	35000	4	0.045499
(13,13)(13367,13367)(10000,60000)	NODE_2419_length_22100_cov_3.439935	35000	2	-0.009462
(18,33)(13566,39938)(10000,60000)	NODE_241_length_40304_cov_3.826216	35000	17	0.040901
(7,19)(16837,20924)(10000,60000)	NODE_2420_length_22099_cov_3.146364	35000	14	0.005922
(21,21)(21978,21978)(20000,70000)	NODE_2421_length_22098_cov_3.525388	45000	2	-0.006545
(6,12)(18429,21932)(10000,60000)	NODE_2423_length_22088_cov_2.968575	35000	8	0.021328
(6,6)(15513,15513)(10000,60000)	NODE_2424_length_22086_cov_3.944513	35000	2	-0.012207
(6,7)(12715,12716)(10000,60000)	NODE_2425_length_22083_cov_3.502365	35000	3	-0.003670
(2,31)(10887,19228)(10000,60000)	NODE_2428_length_22079_cov_7.211692	35000	31	0.031798
(8,10)(37187,38719)(30000,80000)	NODE_242_length_40221_cov_3.521833	55000	4	0.034679
(83,83)(21978,21978)(10000,60000)	NODE_2430_length_22073_cov_3.833166	35000	2	0.021425
(4,19)(14910,20358)(10000,60000)	NODE_2431_length_22073_cov_3.105625	35000	17	0.015234
(5,6)(16946,16960)(10000,60000)	NODE_2435_length_22058_cov_3.213580	35000	3	0.023552
(8,8)(10617,10617)(10000,60000)	NODE_2436_length_22056_cov_3.815412	35000	2	0.012302
(4,80)(11236,12420)(10000,60000)	NODE_2447_length_22027_cov_2.883938	35000	78	0.023494
(28,72)(20084,21973)(20000,70000)	NODE_2449_length_22020_cov_3.309794	45000	46	0.063505
(7,24)(21453,35429)(20000,70000)	NODE_244_length_40172_cov_3.395403	45000	19	0.039655
(3,18)(10342,20638)(10000,60000)	NODE_2454_length_22003_cov_3.152666	35000	17	0.024014
(7,13)(10030,13877)(10000,60000)	NODE_2456_length_21999_cov_3.522694	35000	8	0.024098
(26,29)(13098,18579)(10000,60000)	NODE_2457_length_21998_cov_3.620759	35000	5	0.051262
(5,12)(10863,19873)(10000,60000)	NODE_2459_length_21991_cov_3.931436	35000	9	0.071540
(3,13)(23933,38052)(10000,60000)	NODE_245_length_40162_cov_3.283553	35000	12	0.052780
(17,33)(20304,20399)(10000,60000)	NODE_2460_length_21991_cov_2.867486	35000	18	0.072086
(10,14)(15158,15186)(10000,60000)	NODE_2462_length_21981_cov_3.552143	35000	6	0.076622
(2,10)(10616,21782)(10000,60000)	NODE_2463_length_21980_cov_3.506512	35000	10	0.121117
(19,31)(21464,21860)(10000,60000)	NODE_2464_length_21980_cov_3.095425	35000	14	0.049219
(1,1)(18387,18387)(10000,60000)	NODE_2465_length_21979_cov_3.957633	35000	2	0.050218
(1,15)(14181,14537)(10000,60000)	NODE_2466_length_21974_cov_4.300160	35000	16	0.005619
(4,35)(10180,20294)(10000,60000)	NODE_2467_length_21973_cov_3.422876	35000	33	0.047338
(28,33)(11504,11986)(10000,60000)	NODE_2469_length_21969_cov_3.013763	35000	7	0.010829
(8,9)(14431,14454)(10000,60000)	NODE_2472_length_21966_cov_3.207436	35000	3	0.156699
(32,88)(10856,21710)(10000,60000)	NODE_2473_length_21965_cov_3.426873	35000	58	0.037052
(4,51)(11179,21940)(10000,60000)	NODE_2475_length_21958_cov_3.138570	35000	49	0.031323
(1,19)(14910,20638)(10000,60000)	NODE_2477_length_21950_cov_3.560844	35000	20	0.019711
(2,6)(16007,24575)(10000,60000)	NODE_247_length_40111_cov_3.761821	35000	6	0.024376
(17,20)(14931,15891)(10000,60000)	NODE_2480_length_21945_cov_3.375492	35000	5	0.007821
(30,50)(21728,21864)(20000,70000)	NODE_2484_length_21923_cov_3.703675	45000	22	0.031271
(37,63)(10535,21423)(10000,60000)	NODE_2485_length_21923_cov_3.348836	35000	28	0.032520
(40,44)(11662,16750)(10000,60000)	NODE_2487_length_21918_cov_3.129658	35000	6	0.002784
(1,48)(13845,21179)(10000,60000)	NODE_2488_length_21894_cov_3.445010	35000	49	0.040849
(9,20)(23961,39906)(10000,60000)	NODE_248_length_40096_cov_3.410331	35000	13	0.019876
(25,63)(15512,21878)(10000,60000)	NODE_2490_length_21892_cov_6.635020	35000	40	0.050045
(8,30)(10766,13163)(10000,60000)	NODE_2491_length_21887_cov_4.054250	35000	24	0.058500
(2,10)(10927,11554)(10000,60000)	NODE_2493_length_21876_cov_3.664463	35000	10	0.063893
(42,47)(14980,15019)(10000,60000)	NODE_2495_length_21872_cov_3.452257	35000	7	0.027134
(10,12)(20682,20705)(10000,60000)	NODE_2497_length_21870_cov_3.377199	35000	4	0.043807
(2,33)(16208,21747)(10000,60000)	NODE_2498_length_21865_cov_4.465267	35000	33	0.035810
(11,30)(21316,40049)(10000,60000)	NODE_249_length_40064_cov_3.324809	35000	21	0.082749
(10,10)(60166,60166)(60000,110000)	NODE_24_length_62654_cov_3.829382	85000	2	0.033138
(6,12)(17503,20952)(10000,60000)	NODE_2500_length_21863_cov_3.866385	35000	8	0.029397
(8,19)(21538,21623)(20000,70000)	NODE_2502_length_21855_cov_3.433490	45000	13	0.071077
(3,6)(11928,16100)(10000,60000)	NODE_2503_length_21855_cov_3.219388	35000	5	0.018368
(6,6)(17375,17375)(10000,60000)	NODE_2504_length_21850_cov_3.135810	35000	2	0.045365
(4,9)(20078,20207)(20000,70000)	NODE_2506_length_21847_cov_3.256253	45000	7	0.000917
(10,28)(10959,21693)(10000,60000)	NODE_2507_length_21842_cov_2.864692	35000	20	0.080768
(1,9)(18912,19270)(10000,60000)	NODE_2508_length_21839_cov_3.473689	35000	10	0.045080
(12,52)(16661,21737)(10000,60000)	NODE_2512_length_21833_cov_2.887780	35000	42	0.027323
(42,62)(16761,16966)(10000,60000)	NODE_2516_length_21823_cov_3.400571	35000	22	0.031022
(10,18)(13713,20033)(10000,60000)	NODE_2523_length_21810_cov_3.543089	35000	10	0.024062
(1,9)(19776,19868)(10000,60000)	NODE_2524_length_21801_cov_3.530919	35000	10	0.061823
(1,3)(21300,21311)(20000,70000)	NODE_2525_length_21800_cov_3.494678	45000	4	0.004466
(18,41)(10033,21637)(10000,60000)	NODE_2527_length_21796_cov_5.725077	35000	25	0.036814
(1,15)(10998,11135)(10000,60000)	NODE_2528_length_21795_cov_3.751337	35000	16	0.039482
(3,7)(17350,17368)(10000,60000)	NODE_2531_length_21785_cov_3.119524	35000	6	0.025693
(2,37)(12231,21458)(10000,60000)	NODE_2533_length_21782_cov_4.249181	35000	37	0.034487
(1,1)(11242,11242)(10000,60000)	NODE_2534_length_21776_cov_4.427827	35000	2	0.036686
(11,46)(13151,13476)(10000,60000)	NODE_2535_length_21772_cov_3.130623	35000	37	0.027928
(3,10)(12070,21545)(10000,60000)	NODE_2540_length_21739_cov_3.559843	35000	9	0.023174
(30,34)(12902,20947)(10000,60000)	NODE_2542_length_21733_cov_3.803458	35000	6	0.046564
(2,2)(13931,13931)(10000,60000)	NODE_2548_length_21728_cov_3.074853	35000	2	0.008944
(12,13)(39681,39682)(10000,60000)	NODE_254_length_39835_cov_3.546406	35000	3	0.001128
(3,4)(10318,10319)(10000,60000)	NODE_2552_length_21725_cov_2.920050	35000	3	0.048980
(27,28)(17183,17199)(10000,60000)	NODE_2553_length_21723_cov_3.777423	35000	3	0.075786
(46,48)(18283,20348)(10000,60000)	NODE_2554_length_21719_cov_3.602081	35000	4	0.068844
(8,8)(19630,19630)(10000,60000)	NODE_2558_length_21711_cov_3.569313	35000	2	0.009424
(4,7)(21629,21679)(10000,60000)	NODE_2563_length_21693_cov_2.972122	35000	5	0.015509
(1,2)(11557,11568)(10000,60000)	NODE_2564_length_21692_cov_3.902422	35000	3	0.028834
(7,11)(15702,15727)(10000,60000)	NODE_2566_length_21690_cov_3.356584	35000	6	0.055718
(9,10)(20813,20815)(10000,60000)	NODE_2567_length_21689_cov_3.693886	35000	3	0.097858
(4,9)(17236,21436)(10000,60000)	NODE_2568_length_21689_cov_3.330153	35000	7	0.004890
(50,59)(32719,33669)(10000,60000)	NODE_256_length_39785_cov_3.310009	35000	11	0.026909
(6,6)(19756,19756)(10000,60000)	NODE_2574_length_21676_cov_3.360847	35000	2	0.013266
(22,26)(11276,11308)(10000,60000)	NODE_2579_length_21661_cov_6.821260	35000	6	0.087495
(7,49)(10903,25617)(10000,60000)	NODE_257_length_39774_cov_3.819660	35000	44	0.031468
(13,13)(19721,19721)(10000,60000)	NODE_2581_length_21657_cov_3.751276	35000	2	0.004365
(15,38)(13145,21278)(10000,60000)	NODE_2583_length_21641_cov_3.773559	35000	25	0.032670
(39,63)(13347,16790)(10000,60000)	NODE_2587_length_21629_cov_3.080260	35000	26	0.031840
(8,9)(24596,37454)(20000,70000)	NODE_258_length_39770_cov_3.571198	45000	3	0.021917
(1,1)(13592,13592)(10000,60000)	NODE_2591_length_21616_cov_3.732769	35000	2	0.045859
(1,47)(14783,15137)(10000,60000)	NODE_2592_length_21616_cov_3.043408	35000	48	0.019205
(3,17)(15400,21604)(10000,60000)	NODE_2593_length_21614_cov_3.318057	35000	16	0.029107
(11,12)(16555,16570)(10000,60000)	NODE_2595_length_21612_cov_3.311068	35000	3	-0.003878
(1,23)(17245,17423)(10000,60000)	NODE_2596_length_21611_cov_2.982057	35000	24	0.028211
(29,33)(26038,38716)(10000,60000)	NODE_259_length_39722_cov_3.510991	35000	6	0.031495
(5,14)(22063,50609)(10000,60000)	NODE_25_length_62424_cov_3.351657	35000	11	0.007557
(12,15)(11979,20998)(10000,60000)	NODE_2600_length_21603_cov_3.160668	35000	5	0.050459
(1,16)(21408,21583)(10000,60000)	NODE_2602_length_21597_cov_3.669830	35000	17	0.063805
(4,8)(10811,10834)(10000,60000)	NODE_2607_length_21578_cov_3.470879	35000	6	0.089596
(3,8)(19251,20798)(10000,60000)	NODE_2608_length_21566_cov_3.273583	35000	7	0.003294
(9,24)(20928,37150)(20000,70000)	NODE_260_length_39678_cov_3.624220	45000	17	0.014658
(5,13)(12056,19507)(10000,60000)	NODE_2610_length_21561_cov_2.993290	35000	10	0.057718
(10,36)(14795,15317)(10000,60000)	NODE_2611_length_21557_cov_3.282133	35000	28	0.046540
(11,55)(10607,18114)(10000,60000)	NODE_2612_length_21551_cov_3.788784	35000	46	0.040383
(5,10)(21125,21283)(10000,60000)	NODE_2613_length_21549_cov_3.472354	35000	7	0.130073
(13,29)(10460,11165)(10000,60000)	NODE_2616_length_21523_cov_3.416402	35000	18	0.044294
(8,15)(21408,21493)(10000,60000)	NODE_2617_length_21519_cov_3.114239	35000	9	0.117969
(4,17)(20652,21393)(20000,70000)	NODE_2618_length_21515_cov_2.944294	45000	15	0.058117
(8,10)(27133,38902)(10000,60000)	NODE_261_length_39676_cov_3.651136	35000	4	0.044138
(27,31)(21426,21481)(20000,70000)	NODE_2621_length_21508_cov_3.533140	45000	6	0.044907
(13,37)(17315,21132)(10000,60000)	NODE_2623_length_21507_cov_3.711837	35000	26	0.039535
(62,65)(10188,17312)(10000,60000)	NODE_2624_length_21506_cov_3.062877	35000	5	0.023325
(23,37)(11928,16965)(10000,60000)	NODE_2625_length_21502_cov_2.959772	35000	16	0.047678
(21,22)(23802,28029)(20000,70000)	NODE_262_length_39671_cov_3.649171	45000	3	0.002235
(17,62)(12527,19178)(10000,60000)	NODE_2630_length_21482_cov_3.157508	35000	47	0.016015
(8,11)(13032,13055)(10000,60000)	NODE_2632_length_21476_cov_3.731627	35000	5	0.015404
(48,100)(12260,21466)(10000,60000)	NODE_2634_length_21475_cov_4.622380	35000	54	0.024427
(23,58)(16400,20512)(10000,60000)	NODE_2635_length_21470_cov_3.424922	35000	37	0.034327
(18,18)(21388,21388)(20000,70000)	NODE_2637_length_21467_cov_3.488253	45000	2	0.005953
(6,6)(19333,19333)(10000,60000)	NODE_2638_length_21466_cov_3.584031	35000	2	-0.008391
(5,10)(16311,16344)(10000,60000)	NODE_2639_length_21464_cov_3.432062	35000	7	0.028101
(2,4)(24966,24975)(10000,60000)	NODE_263_length_39644_cov_3.491642	35000	4	0.002265
(1,1)(20670,20670)(20000,70000)	NODE_2640_length_21463_cov_3.642295	45000	2	0.043905
(8,43)(12916,17018)(10000,60000)	NODE_2642_length_21459_cov_2.958380	35000	37	0.032754
(17,27)(21119,21227)(10000,60000)	NODE_2643_length_21458_cov_3.725877	35000	12	0.035186
(28,31)(12140,15343)(10000,60000)	NODE_2644_length_21456_cov_3.458210	35000	5	0.011977
(3,8)(12733,18021)(10000,60000)	NODE_2649_length_21447_cov_3.563659	35000	7	-0.000943
(11,18)(12653,31981)(10000,60000)	NODE_264_length_39637_cov_3.850524	35000	9	0.039861
(10,12)(21175,21183)(20000,70000)	NODE_2651_length_21446_cov_3.361831	45000	4	0.003359
(32,65)(14116,21139)(10000,60000)	NODE_2653_length_21444_cov_3.391614	35000	35	0.015846
(16,21)(11485,11515)(10000,60000)	NODE_2658_length_21440_cov_3.790966	35000	7	0.017049
(6,6)(16113,16113)(10000,60000)	NODE_2659_length_21438_cov_4.253901	35000	2	0.617085
(13,14)(17785,26673)(10000,60000)	NODE_265_length_39618_cov_3.738101	35000	3	0.023386
(33,63)(14065,21211)(10000,60000)	NODE_2660_length_21438_cov_3.339754	35000	32	0.045196
(56,82)(16124,16712)(10000,60000)	NODE_2662_length_21435_cov_3.532387	35000	28	0.039314
(10,21)(19381,21224)(10000,60000)	NODE_2663_length_21431_cov_3.382524	35000	13	0.031377
(9,17)(19227,20604)(10000,60000)	NODE_2664_length_21428_cov_3.523888	35000	10	0.103961
(8,8)(21391,21391)(20000,70000)	NODE_2665_length_21424_cov_3.353482	45000	2	0.033815
(9,9)(20002,20002)(20000,70000)	NODE_2666_length_21422_cov_3.841392	45000	2	0.044033
(12,22)(21057,21119)(10000,60000)	NODE_2668_length_21420_cov_3.271094	35000	12	0.019765
(18,18)(11176,11176)(10000,60000)	NODE_2669_length_21419_cov_3.705722	35000	2	0.127596
(16,33)(20126,39544)(20000,70000)	NODE_266_length_39617_cov_3.511033	45000	19	0.049812
(2,7)(21322,21376)(10000,60000)	NODE_2670_length_21411_cov_3.925629	35000	7	0.014092
(23,37)(12080,19206)(10000,60000)	NODE_2671_length_21406_cov_3.949594	35000	16	0.030796
(1,2)(21251,21252)(20000,70000)	NODE_2676_length_21399_cov_3.429765	45000	3	0.083163
(9,12)(16639,17534)(10000,60000)	NODE_2677_length_21398_cov_3.389643	35000	5	0.006386
(31,52)(11976,14742)(10000,60000)	NODE_2678_length_21394_cov_3.639164	35000	23	0.050720
(1,8)(22517,36281)(10000,60000)	NODE_267_length_39608_cov_3.824141	35000	9	0.026680
(3,16)(11807,21262)(10000,60000)	NODE_2680_length_21390_cov_3.404678	35000	15	0.035970
(1,2)(11823,11828)(10000,60000)	NODE_2683_length_21380_cov_3.639303	35000	3	0.111045
(39,64)(12235,21348)(10000,60000)	NODE_2688_length_21360_cov_3.630168	35000	27	0.032783
(45,107)(13981,21187)(10000,60000)	NODE_2689_length_21357_cov_7.468059	35000	64	0.033490
(1,8)(10211,39476)(10000,60000)	NODE_268_length_39561_cov_3.741929	35000	9	0.007512
(1,2)(18153,21121)(10000,60000)	NODE_2691_length_21355_cov_3.659296	35000	3	-0.001416
(13,32)(14694,16320)(10000,60000)	NODE_2692_length_21355_cov_3.010915	35000	21	0.023512
(1,2)(15127,15138)(10000,60000)	NODE_2693_length_21354_cov_3.544248	35000	3	0.059030
(5,8)(20643,20653)(20000,70000)	NODE_2694_length_21353_cov_3.795050	45000	5	-0.004518
(8,18)(11902,20623)(10000,60000)	NODE_2697_length_21335_cov_3.672678	35000	12	0.027526
(2,4)(20965,21332)(10000,60000)	NODE_2698_length_21334_cov_3.613610	35000	4	0.040207
(14,23)(11804,20498)(10000,60000)	NODE_2699_length_21327_cov_3.182966	35000	11	0.014692
(3,51)(10382,38929)(10000,60000)	NODE_269_length_39550_cov_3.466173	35000	50	0.025382
(1,3)(31757,39802)(30000,80000)	NODE_26_length_62198_cov_3.948244	55000	4	0.080879
(23,36)(12441,21144)(10000,60000)	NODE_2705_length_21310_cov_3.377776	35000	15	0.015915
(15,15)(10499,10499)(10000,60000)	NODE_2706_length_21309_cov_3.354220	35000	2	0.355405
(13,38)(17980,18313)(10000,60000)	NODE_2710_length_21289_cov_3.121520	35000	27	0.028756
(2,2)(19328,19328)(10000,60000)	NODE_2712_length_21285_cov_3.676862	35000	2	0.056904
(1,20)(21077,21190)(20000,70000)	NODE_2713_length_21278_cov_3.247887	45000	21	0.084137
(3,20)(10969,20575)(10000,60000)	NODE_2719_length_21260_cov_3.235339	35000	19	0.032281
(7,9)(20613,20659)(20000,70000)	NODE_2720_length_21259_cov_3.455718	45000	4	0.050614
(9,11)(18635,18639)(10000,60000)	NODE_2721_length_21255_cov_4.554925	35000	4	0.011040
(1,2)(19625,19688)(10000,60000)	NODE_2722_length_21254_cov_3.664713	35000	3	0.160911
(4,13)(20942,21189)(10000,60000)	NODE_2726_length_21237_cov_3.432586	35000	11	0.044209
(40,42)(19781,20586)(10000,60000)	NODE_2727_length_21234_cov_3.758883	35000	4	0.111139
(1,6)(10876,11567)(10000,60000)	NODE_2728_length_21230_cov_3.692726	35000	7	0.069406
(12,38)(21251,30341)(20000,70000)	NODE_272_length_39470_cov_3.597318	45000	28	0.057230
(9,15)(10130,16368)(10000,60000)	NODE_2730_length_21228_cov_3.308202	35000	8	0.033258
(2,5)(11805,14723)(10000,60000)	NODE_2731_length_21228_cov_3.091533	35000	5	0.006712
(5,13)(20538,21138)(10000,60000)	NODE_2736_length_21221_cov_3.691270	35000	10	0.043550
(12,18)(10513,20947)(10000,60000)	NODE_2737_length_21221_cov_3.258688	35000	8	0.012193
(2,7)(10948,19023)(10000,60000)	NODE_2738_length_21218_cov_3.693451	35000	7	0.037796
(6,23)(17055,17487)(10000,60000)	NODE_2742_length_21210_cov_3.439202	35000	19	0.055248
(1,5)(16696,20827)(10000,60000)	NODE_2748_length_21179_cov_3.186575	35000	6	0.016143
(1,27)(16568,34648)(10000,60000)	NODE_274_length_39377_cov_3.600362	35000	28	0.011991
(2,6)(20047,20082)(10000,60000)	NODE_2755_length_21153_cov_3.567873	35000	6	0.033607
(1,42)(13877,14312)(10000,60000)	NODE_2756_length_21152_cov_3.718757	35000	43	0.025352
(10,10)(18903,18903)(10000,60000)	NODE_2757_length_21147_cov_3.662011	35000	2	-0.003165
(35,41)(10530,16893)(10000,60000)	NODE_2758_length_21134_cov_3.186213	35000	8	0.035936
(2,21)(11950,21076)(10000,60000)	NODE_2759_length_21132_cov_3.062949	35000	21	0.029623
(18,32)(18428,34152)(10000,60000)	NODE_275_length_39358_cov_3.313890	35000	16	0.063154
(6,7)(18031,18033)(10000,60000)	NODE_2763_length_21124_cov_4.084281	35000	3	0.069740
(2,65)(13457,21096)(10000,60000)	NODE_2764_length_21121_cov_3.360955	35000	65	0.042603
(36,44)(10546,20466)(10000,60000)	NODE_2765_length_21120_cov_4.716807	35000	10	0.013445
(7,13)(16500,16623)(10000,60000)	NODE_2767_length_21120_cov_3.484468	35000	8	0.030857
(2,4)(31696,31843)(30000,80000)	NODE_276_length_39313_cov_3.937930	55000	4	0.072826
(2,18)(17704,18544)(10000,60000)	NODE_2770_length_21115_cov_3.461696	35000	18	0.016398
(1,10)(20881,21086)(20000,70000)	NODE_2771_length_21109_cov_3.538839	45000	11	0.013595
(2,22)(18870,21081)(10000,60000)	NODE_2772_length_21108_cov_3.152839	35000	22	0.014744
(22,37)(16931,17388)(10000,60000)	NODE_2775_length_21102_cov_3.442270	35000	17	0.042247
(1,9)(15634,15693)(10000,60000)	NODE_2777_length_21098_cov_3.748702	35000	10	0.018649
(24,33)(12139,18636)(10000,60000)	NODE_2778_length_21096_cov_3.465162	35000	11	0.037045
(22,27)(15277,15403)(10000,60000)	NODE_2780_length_21093_cov_3.400591	35000	7	0.027271
(26,107)(11993,15887)(10000,60000)	NODE_2784_length_21082_cov_3.164752	35000	83	0.035404
(16,19)(23086,23110)(10000,60000)	NODE_278_length_39288_cov_3.988823	35000	5	0.085908
(5,17)(13676,20667)(10000,60000)	NODE_2790_length_21068_cov_2.999714	35000	14	0.047769
(13,20)(11502,17671)(10000,60000)	NODE_2792_length_21060_cov_3.203521	35000	9	0.025818
(16,23)(18091,20156)(10000,60000)	NODE_2794_length_21040_cov_3.512105	35000	9	0.035721
(27,37)(12240,20973)(10000,60000)	NODE_2796_length_21033_cov_3.706172	35000	12	0.053070
(29,31)(15123,18759)(10000,60000)	NODE_2797_length_21033_cov_3.294449	35000	4	0.016324
(29,30)(18622,18637)(10000,60000)	NODE_2798_length_21031_cov_3.849369	35000	3	0.019372
(1,52)(19789,25721)(10000,60000)	NODE_279_length_39279_cov_3.387928	35000	53	0.036045
(50,146)(10006,20746)(10000,60000)	NODE_2800_length_21023_cov_3.110925	35000	98	0.037004
(33,33)(11399,11399)(10000,60000)	NODE_2804_length_21019_cov_3.231214	35000	2	0.082958
(11,13)(15188,18879)(10000,60000)	NODE_2805_length_21018_cov_3.415699	35000	4	-0.001102
(44,51)(20913,20980)(10000,60000)	NODE_2809_length_21010_cov_3.568457	35000	9	0.022814
(27,37)(13181,20189)(10000,60000)	NODE_2810_length_21004_cov_3.274193	35000	12	0.066338
(40,76)(11916,15113)(10000,60000)	NODE_2817_length_20985_cov_3.812506	35000	38	0.032231
(9,27)(12594,16852)(10000,60000)	NODE_2818_length_20985_cov_3.544336	35000	20	0.050504
(24,27)(19328,19338)(10000,60000)	NODE_2819_length_20982_cov_3.960207	35000	5	0.015168
(6,8)(11300,11561)(10000,60000)	NODE_2820_length_20980_cov_3.831043	35000	4	0.170301
(16,16)(18116,18116)(10000,60000)	NODE_2822_length_20973_cov_3.419278	35000	2	0.134023
(2,9)(10650,17972)(10000,60000)	NODE_2823_length_20972_cov_3.713122	35000	9	0.060171
(24,50)(16240,20118)(10000,60000)	NODE_2825_length_20965_cov_2.865858	35000	28	0.035841
(18,28)(10178,20567)(10000,60000)	NODE_2826_length_20961_cov_3.164606	35000	12	0.048345
(13,16)(20761,20833)(10000,60000)	NODE_2828_length_20957_cov_5.329754	35000	5	-0.001408
(3,6)(14788,14800)(10000,60000)	NODE_282_length_39234_cov_3.482305	35000	5	0.027063
(2,3)(20399,20407)(20000,70000)	NODE_2831_length_20951_cov_3.618838	45000	3	0.022519
(1,3)(20666,20845)(10000,60000)	NODE_2837_length_20926_cov_3.322274	35000	4	0.026386
(9,21)(13894,20866)(10000,60000)	NODE_2839_length_20920_cov_3.770520	35000	14	0.059529
(3,5)(26802,30106)(10000,60000)	NODE_283_length_39212_cov_3.763940	35000	4	0.007795
(3,6)(20074,20600)(10000,60000)	NODE_2843_length_20913_cov_3.061689	35000	5	0.085670
(23,52)(10697,19416)(10000,60000)	NODE_2844_length_20909_cov_3.140846	35000	31	0.037292
(20,22)(12849,19155)(10000,60000)	NODE_2845_length_20906_cov_3.366463	35000	4	0.041727
(8,15)(20671,20823)(20000,70000)	NODE_2847_length_20900_cov_3.812846	45000	9	0.095499
(35,53)(12479,20499)(10000,60000)	NODE_2848_length_20900_cov_2.526898	35000	20	0.025001
(4,4)(14290,14290)(10000,60000)	NODE_2849_length_20897_cov_3.181700	35000	2	0.241773
(5,6)(22050,22054)(20000,70000)	NODE_284_length_39179_cov_3.870445	45000	3	0.164039
(22,23)(18518,18533)(10000,60000)	NODE_2854_length_20891_cov_3.017314	35000	3	0.033027
(14,26)(11201,20194)(10000,60000)	NODE_2856_length_20876_cov_3.241950	35000	14	0.029166
(2,3)(12464,15402)(10000,60000)	NODE_2857_length_20874_cov_3.761781	35000	3	0.002279
(4,8)(16944,16982)(10000,60000)	NODE_2858_length_20874_cov_3.032347	35000	6	0.108626
(30,37)(12442,19118)(10000,60000)	NODE_2859_length_20866_cov_2.817210	35000	9	0.017927
(1,3)(15389,15398)(10000,60000)	NODE_2860_length_20861_cov_3.250506	35000	4	0.017364
(4,34)(11933,15778)(10000,60000)	NODE_2861_length_20859_cov_4.020087	35000	32	0.049476
(60,69)(17783,17855)(10000,60000)	NODE_2863_length_20858_cov_3.404981	35000	11	0.026110
(15,27)(14668,18569)(10000,60000)	NODE_2869_length_20840_cov_3.237452	35000	14	0.005198
(1,2)(36384,36385)(10000,60000)	NODE_286_length_39127_cov_3.454340	35000	3	0.086339
(5,8)(14649,20502)(10000,60000)	NODE_2870_length_20838_cov_3.095665	35000	5	0.162926
(9,22)(13198,17155)(10000,60000)	NODE_2871_length_20832_cov_2.986447	35000	15	0.041649
(1,28)(15452,16966)(10000,60000)	NODE_2872_length_20824_cov_3.276912	35000	29	0.021814
(1,1)(17127,17127)(10000,60000)	NODE_2873_length_20823_cov_3.660490	35000	2	0.009707
(13,16)(12491,17872)(10000,60000)	NODE_2874_length_20823_cov_3.197742	35000	5	0.016453
(11,11)(16733,16733)(10000,60000)	NODE_2875_length_20816_cov_3.315683	35000	2	0.055201
(1,36)(12956,16573)(10000,60000)	NODE_2878_length_20804_cov_3.322144	35000	37	0.035809
(1,28)(20608,20764)(20000,70000)	NODE_2879_length_20803_cov_3.876835	45000	29	0.031913
(4,7)(16307,18689)(10000,60000)	NODE_2882_length_20801_cov_3.351512	35000	5	0.083300
(12,23)(11587,19594)(10000,60000)	NODE_2883_length_20799_cov_4.532802	35000	13	0.034711
(7,20)(12277,14381)(10000,60000)	NODE_2885_length_20796_cov_3.484466	35000	15	0.045739
(18,20)(11787,17894)(10000,60000)	NODE_2887_length_20792_cov_3.240371	35000	4	0.006385
(1,1)(20095,20095)(10000,60000)	NODE_2888_length_20791_cov_3.628262	35000	2	0.026078
(4,5)(30488,34572)(10000,60000)	NODE_288_length_39096_cov_3.478780	35000	3	-0.007521
(1,11)(12075,20730)(10000,60000)	NODE_2895_length_20768_cov_4.824955	35000	12	0.062121
(7,7)(20438,20438)(10000,60000)	NODE_2896_length_20766_cov_3.393429	35000	2	0.028077
(43,60)(16345,18885)(10000,60000)	NODE_2897_length_20763_cov_7.886469	35000	19	0.052783
(1,3)(10517,10541)(10000,60000)	NODE_2898_length_20761_cov_3.725293	35000	4	-0.006010
(8,33)(18712,20752)(10000,60000)	NODE_2899_length_20760_cov_6.883839	35000	27	0.022698
(8,27)(25706,31123)(20000,70000)	NODE_289_length_38969_cov_3.550707	45000	21	0.049755
(1,17)(22815,55898)(20000,70000)	NODE_28_length_61056_cov_3.169300	45000	18	0.010487
(12,39)(16371,19321)(10000,60000)	NODE_2900_length_20760_cov_4.118339	35000	29	0.058978
(6,14)(13268,15581)(10000,60000)	NODE_2901_length_20759_cov_3.183930	35000	10	0.007876
(16,27)(10010,12274)(10000,60000)	NODE_2902_length_20754_cov_3.613508	35000	13	0.034415
(18,28)(17806,20693)(10000,60000)	NODE_2904_length_20748_cov_3.379001	35000	12	0.019982
(22,39)(15428,36553)(10000,60000)	NODE_290_length_38949_cov_3.720772	35000	19	0.061570
(1,30)(11050,20705)(10000,60000)	NODE_2910_length_20738_cov_3.477833	35000	31	0.032846
(25,25)(20721,20721)(10000,60000)	NODE_2914_length_20728_cov_3.621892	35000	2	0.113482
(6,75)(12724,18825)(10000,60000)	NODE_2915_length_20716_cov_3.912451	35000	71	0.024527
(8,13)(11654,15159)(10000,60000)	NODE_2917_length_20714_cov_3.150424	35000	7	0.064324
(5,8)(14910,14916)(10000,60000)	NODE_2918_length_20711_cov_3.172812	35000	5	0.024509
(14,18)(34200,34242)(10000,60000)	NODE_291_length_38859_cov_3.870666	35000	6	0.041695
(13,27)(20543,20683)(10000,60000)	NODE_2922_length_20701_cov_3.307203	35000	16	0.032674
(11,11)(18115,18115)(10000,60000)	NODE_2924_length_20693_cov_3.141935	35000	2	0.084774
(4,5)(14625,14628)(10000,60000)	NODE_2925_length_20689_cov_3.727975	35000	3	0.109662
(1,9)(14735,15268)(10000,60000)	NODE_2926_length_20689_cov_3.710539	35000	10	0.027853
(6,34)(19333,19688)(10000,60000)	NODE_2928_length_20685_cov_5.156126	35000	30	0.038351
(7,21)(15413,17325)(10000,60000)	NODE_2930_length_20683_cov_3.953265	35000	16	0.038422
(50,51)(20265,20266)(10000,60000)	NODE_2931_length_20683_cov_2.870288	35000	3	0.109325
(1,9)(13111,20637)(10000,60000)	NODE_2932_length_20682_cov_3.606666	35000	10	0.024140
(19,48)(17315,20643)(10000,60000)	NODE_2933_length_20681_cov_3.329171	35000	31	0.036348
(6,20)(20546,20647)(10000,60000)	NODE_2934_length_20680_cov_3.357757	35000	16	0.018778
(5,11)(18357,20630)(10000,60000)	NODE_2936_length_20675_cov_3.625923	35000	8	0.027885
(30,68)(10484,16561)(10000,60000)	NODE_2937_length_20672_cov_3.236815	35000	40	0.042732
(1,1)(12319,12319)(10000,60000)	NODE_2939_length_20665_cov_4.160848	35000	2	-0.006390
(2,33)(10378,11866)(10000,60000)	NODE_2944_length_20652_cov_3.419939	35000	33	0.049145
(3,26)(11726,19621)(10000,60000)	NODE_2946_length_20645_cov_3.659544	35000	25	0.025591
(3,5)(23991,25438)(20000,70000)	NODE_294_length_38836_cov_3.483749	45000	4	0.005663
(1,45)(11773,12430)(10000,60000)	NODE_2951_length_20631_cov_3.866014	35000	46	0.050818
(5,6)(20560,20566)(10000,60000)	NODE_2952_length_20631_cov_3.428210	35000	3	0.026420
(3,4)(20037,20049)(10000,60000)	NODE_2954_length_20626_cov_3.473377	35000	3	0.020585
(10,30)(12549,17616)(10000,60000)	NODE_2956_length_20625_cov_3.479636	35000	22	0.026170
(6,25)(17153,17278)(10000,60000)	NODE_2958_length_20621_cov_3.252120	35000	21	0.038533
(1,5)(17219,18412)(10000,60000)	NODE_2960_length_20619_cov_3.437281	35000	6	0.044933
(1,9)(17716,20530)(10000,60000)	NODE_2962_length_20614_cov_3.457421	35000	10	0.016339
(2,8)(11775,14444)(10000,60000)	NODE_2969_length_20597_cov_3.641331	35000	8	0.061122
(1,12)(14117,25200)(10000,60000)	NODE_296_length_38759_cov_3.881609	35000	13	0.073821
(18,18)(12407,12407)(10000,60000)	NODE_2970_length_20595_cov_3.206479	35000	2	0.016429
(13,19)(16985,17134)(10000,60000)	NODE_2974_length_20586_cov_3.327476	35000	8	0.080918
(25,35)(17683,18322)(10000,60000)	NODE_2979_length_20575_cov_3.284089	35000	12	0.006526
(7,13)(24655,31380)(10000,60000)	NODE_297_length_38712_cov_3.737809	35000	8	0.118341
(7,12)(13084,13203)(10000,60000)	NODE_2980_length_20575_cov_2.820717	35000	7	0.002878
(4,5)(12548,12574)(10000,60000)	NODE_2983_length_20569_cov_3.150611	35000	3	-0.003852
(23,27)(19302,20522)(10000,60000)	NODE_2984_length_20559_cov_3.414614	35000	6	0.131124
(34,54)(10035,18072)(10000,60000)	NODE_2987_length_20553_cov_3.672631	35000	22	0.033669
(1,10)(13834,38692)(10000,60000)	NODE_298_length_38712_cov_3.228783	35000	11	0.081716
(41,88)(10513,18975)(10000,60000)	NODE_2990_length_20541_cov_3.762694	35000	49	0.048405
(9,9)(16739,16739)(10000,60000)	NODE_2991_length_20541_cov_3.582379	35000	2	0.021255
(11,18)(20071,20111)(10000,60000)	NODE_2994_length_20532_cov_3.222826	35000	9	0.040807
(1,30)(17809,18583)(10000,60000)	NODE_2997_length_20528_cov_3.679231	35000	31	0.041698
(9,47)(13651,15013)(10000,60000)	NODE_2998_length_20527_cov_3.495154	35000	40	0.024092
(66,66)(10816,10816)(10000,60000)	NODE_299_length_38697_cov_16.074797	35000	2	0.079500
(4,5)(58136,58137)(50000,100000)	NODE_29_length_60093_cov_3.565107	75000	3	-0.011604
(4,16)(17766,47860)(10000,60000)	NODE_2_length_96890_cov_3.348008	35000	14	0.042312
(5,16)(43527,47860)(20000,70000)	NODE_2_length_96890_cov_3.348008	45000	13	0.042738
(86,103)(10444,15653)(10000,60000)	NODE_3005_length_20501_cov_3.083325	35000	19	0.027139
(1,1)(10037,10037)(10000,60000)	NODE_3006_length_20500_cov_3.750846	35000	2	-0.002820
(6,23)(10545,18013)(10000,60000)	NODE_3007_length_20499_cov_3.426912	35000	19	0.020058
(5,14)(15217,20367)(10000,60000)	NODE_3008_length_20495_cov_3.849922	35000	11	0.035965
(4,5)(15921,15928)(10000,60000)	NODE_3013_length_20482_cov_3.205269	35000	3	0.217373
(11,18)(10320,11695)(10000,60000)	NODE_3014_length_20480_cov_3.138413	35000	9	0.126779
(10,10)(19587,19587)(10000,60000)	NODE_3017_length_20467_cov_3.485909	35000	2	0.019916
(2,8)(11751,11766)(10000,60000)	NODE_301_length_38650_cov_3.635833	35000	8	0.059376
(8,10)(14881,14897)(10000,60000)	NODE_3021_length_20463_cov_3.318356	35000	4	0.021689
(24,46)(14263,20178)(10000,60000)	NODE_3022_length_20462_cov_2.953249	35000	24	0.022473
(1,4)(10401,20395)(10000,60000)	NODE_3023_length_20460_cov_3.401650	35000	5	0.019482
(9,24)(16424,16828)(10000,60000)	NODE_3025_length_20457_cov_3.904411	35000	17	0.038066
(1,1)(11932,11932)(10000,60000)	NODE_3028_length_20455_cov_3.066221	35000	2	-0.005225
(5,13)(14517,20294)(10000,60000)	NODE_3029_length_20454_cov_3.654483	35000	10	0.019945
(1,2)(29664,29667)(20000,70000)	NODE_302_length_38623_cov_3.526633	45000	3	0.000738
(3,5)(15833,15845)(10000,60000)	NODE_3032_length_20438_cov_3.690349	35000	4	-0.000288
(3,3)(17287,17287)(10000,60000)	NODE_3033_length_20437_cov_3.306716	35000	2	0.020591
(1,2)(20379,20406)(10000,60000)	NODE_3034_length_20435_cov_3.317467	35000	3	0.270701
(1,14)(13844,20384)(10000,60000)	NODE_3039_length_20421_cov_3.334662	35000	15	0.046718
(5,7)(35425,35432)(10000,60000)	NODE_303_length_38595_cov_3.617960	35000	4	0.040214
(1,1)(11243,11243)(10000,60000)	NODE_3043_length_20403_cov_3.369385	35000	2	-0.002106
(2,37)(15259,16335)(10000,60000)	NODE_3049_length_20397_cov_3.535324	35000	37	0.038424
(1,2)(27330,34095)(10000,60000)	NODE_304_length_38574_cov_3.656790	35000	3	0.064118
(2,3)(12840,12842)(10000,60000)	NODE_3050_length_20389_cov_3.643815	35000	3	0.061821
(4,11)(15759,15977)(10000,60000)	NODE_3051_length_20383_cov_3.282341	35000	9	0.026221
(24,36)(11321,17070)(10000,60000)	NODE_3054_length_20373_cov_3.315379	35000	14	0.065953
(18,23)(18876,19067)(10000,60000)	NODE_3058_length_20365_cov_3.324139	35000	7	0.050998
(30,53)(14602,27288)(10000,60000)	NODE_305_length_38567_cov_3.574114	35000	25	0.062909
(11,15)(20054,20071)(10000,60000)	NODE_3060_length_20362_cov_4.117159	35000	6	0.051504
(7,8)(15752,15762)(10000,60000)	NODE_3061_length_20362_cov_3.560677	35000	3	0.022721
(5,48)(11413,20316)(10000,60000)	NODE_3062_length_20361_cov_3.324203	35000	45	0.026886
(8,14)(12465,12486)(10000,60000)	NODE_3063_length_20356_cov_3.557980	35000	8	0.042092
(2,77)(12354,17340)(10000,60000)	NODE_3065_length_20353_cov_3.825368	35000	77	0.020357
(16,19)(15581,16130)(10000,60000)	NODE_3067_length_20352_cov_2.886733	35000	5	0.077169
(47,55)(10047,11176)(10000,60000)	NODE_3068_length_20351_cov_3.461436	35000	10	0.053071
(4,6)(11986,14519)(10000,60000)	NODE_3069_length_20346_cov_3.512026	35000	4	0.038633
(60,98)(14734,36488)(10000,60000)	NODE_306_length_38543_cov_3.670924	35000	40	0.030786
(3,6)(17514,20271)(10000,60000)	NODE_3071_length_20345_cov_3.567668	35000	5	0.022700
(10,10)(13306,13306)(10000,60000)	NODE_3073_length_20341_cov_3.403913	35000	2	0.050017
(8,9)(11146,18732)(10000,60000)	NODE_3074_length_20340_cov_3.533076	35000	3	0.044293
(6,19)(15155,20134)(10000,60000)	NODE_3077_length_20335_cov_3.270607	35000	15	0.027916
(21,23)(12765,18038)(10000,60000)	NODE_3079_length_20330_cov_3.720676	35000	4	0.058240
(3,18)(21728,24105)(10000,60000)	NODE_307_length_38514_cov_3.740492	35000	17	0.058294
(19,39)(12760,20125)(10000,60000)	NODE_3080_length_20328_cov_3.290079	35000	22	0.031090
(1,12)(16336,20314)(10000,60000)	NODE_3081_length_20328_cov_3.194177	35000	13	0.010809
(4,48)(15051,20254)(10000,60000)	NODE_3083_length_20326_cov_5.305186	35000	46	0.029629
(11,30)(18445,20175)(10000,60000)	NODE_3085_length_20325_cov_3.612331	35000	21	0.027707
(1,49)(18514,19069)(10000,60000)	NODE_3090_length_20312_cov_3.000247	35000	50	0.033937
(3,4)(20286,20287)(20000,70000)	NODE_3091_length_20310_cov_3.313592	45000	3	-0.007732
(1,36)(12920,19965)(10000,60000)	NODE_3095_length_20306_cov_3.354085	35000	37	0.024318
(4,5)(14918,14921)(10000,60000)	NODE_3096_length_20300_cov_3.673828	35000	3	0.060606
(14,28)(13021,20087)(10000,60000)	NODE_3098_length_20294_cov_3.157267	35000	16	0.030056
(8,32)(11153,33753)(10000,60000)	NODE_309_length_38491_cov_3.634924	35000	26	0.055472
(4,15)(16721,42150)(10000,60000)	NODE_30_length_59794_cov_3.480710	35000	13	0.048079
(6,15)(19785,19849)(10000,60000)	NODE_3100_length_20292_cov_3.393255	35000	11	0.022793
(26,36)(17663,18251)(10000,60000)	NODE_3101_length_20288_cov_3.320769	35000	12	0.012807
(2,7)(16304,16317)(10000,60000)	NODE_3104_length_20282_cov_3.412674	35000	7	0.006962
(9,21)(17252,17467)(10000,60000)	NODE_3105_length_20280_cov_3.288985	35000	14	0.009465
(26,26)(17931,17931)(10000,60000)	NODE_3106_length_20279_cov_3.738603	35000	2	0.024877
(17,18)(16604,18055)(10000,60000)	NODE_3107_length_20279_cov_3.677800	35000	3	0.032475
(3,4)(20026,20027)(10000,60000)	NODE_3109_length_20277_cov_3.196303	35000	3	0.000284
(21,38)(11271,13096)(10000,60000)	NODE_3111_length_20270_cov_3.377968	35000	19	0.022281
(30,70)(10767,19177)(10000,60000)	NODE_3112_length_20268_cov_4.920968	35000	42	0.058823
(4,15)(18420,19267)(10000,60000)	NODE_3117_length_20261_cov_3.430215	35000	13	0.035186
(85,88)(11156,19351)(10000,60000)	NODE_3119_length_20259_cov_9.200298	35000	5	-0.010414
(2,8)(18791,23145)(10000,60000)	NODE_311_length_38391_cov_4.242662	35000	8	0.056805
(6,9)(20081,20208)(20000,70000)	NODE_3120_length_20259_cov_3.725843	45000	5	0.056657
(46,51)(16251,20210)(10000,60000)	NODE_3121_length_20259_cov_3.082639	35000	7	0.013050
(33,81)(12610,20156)(10000,60000)	NODE_3122_length_20257_cov_3.013940	35000	50	0.030727
(4,16)(12303,19688)(10000,60000)	NODE_3128_length_20246_cov_3.312751	35000	14	0.039254
(15,31)(14705,18165)(10000,60000)	NODE_3129_length_20244_cov_3.816282	35000	18	0.031956
(8,17)(17853,18040)(10000,60000)	NODE_3130_length_20242_cov_3.583478	35000	11	0.044030
(16,29)(11149,17032)(10000,60000)	NODE_3131_length_20241_cov_3.501043	35000	15	0.028544
(2,3)(20071,20079)(20000,70000)	NODE_3132_length_20241_cov_3.349419	45000	3	0.009881
(23,31)(14432,16347)(10000,60000)	NODE_3133_length_20236_cov_3.438248	35000	10	0.025397
(1,1)(31659,31659)(30000,80000)	NODE_313_length_38347_cov_3.559219	55000	2	-0.011793
(1,44)(11063,16423)(10000,60000)	NODE_3140_length_20220_cov_2.846081	35000	45	0.033626
(1,4)(12523,12535)(10000,60000)	NODE_3141_length_20219_cov_3.564960	35000	5	0.207562
(2,3)(19121,20102)(10000,60000)	NODE_3145_length_20212_cov_3.401531	35000	3	0.021825
(1,1)(17036,17036)(10000,60000)	NODE_3148_length_20210_cov_3.790612	35000	2	-0.003814
(7,91)(10304,29351)(10000,60000)	NODE_314_length_38338_cov_3.413583	35000	86	0.050935
(21,30)(20048,20149)(20000,70000)	NODE_3150_length_20208_cov_4.327266	45000	11	0.021453
(8,9)(11889,11890)(10000,60000)	NODE_3151_length_20205_cov_2.999851	35000	3	-0.004218
(37,54)(13121,13420)(10000,60000)	NODE_3152_length_20204_cov_3.620443	35000	19	0.058248
(1,11)(14694,14759)(10000,60000)	NODE_3153_length_20204_cov_3.533947	35000	12	0.020611
(9,26)(19752,19967)(10000,60000)	NODE_3154_length_20203_cov_3.743086	35000	19	0.021409
(1,3)(10452,13407)(10000,60000)	NODE_3155_length_20203_cov_3.197622	35000	4	0.022036
(13,31)(10281,17361)(10000,60000)	NODE_3157_length_20201_cov_3.381106	35000	20	0.046598
(1,26)(17734,18066)(10000,60000)	NODE_3159_length_20200_cov_3.866773	35000	27	0.054766
(23,24)(17214,17215)(10000,60000)	NODE_3161_length_20192_cov_3.359478	35000	3	0.012118
(3,8)(13252,13449)(10000,60000)	NODE_3165_length_20178_cov_3.707306	35000	7	0.046563
(2,8)(14645,20162)(10000,60000)	NODE_3166_length_20178_cov_3.514617	35000	8	0.013003
(1,14)(14017,14099)(10000,60000)	NODE_3167_length_20177_cov_3.452784	35000	15	0.032225
(2,58)(13660,16686)(10000,60000)	NODE_3169_length_20173_cov_2.797997	35000	58	0.032447
(10,18)(10142,15022)(10000,60000)	NODE_3170_length_20171_cov_3.170237	35000	10	0.034515
(3,5)(20016,20032)(20000,70000)	NODE_3171_length_20169_cov_4.095167	45000	4	0.019611
(34,38)(10259,11304)(10000,60000)	NODE_3172_length_20169_cov_3.181016	35000	6	0.022687
(14,28)(14211,20027)(10000,60000)	NODE_3174_length_20160_cov_3.622252	35000	16	0.017003
(3,6)(13892,13927)(10000,60000)	NODE_3175_length_20158_cov_3.537165	35000	5	0.023408
(4,8)(16123,16133)(10000,60000)	NODE_3176_length_20154_cov_3.827275	35000	6	0.029703
(15,18)(15686,19841)(10000,60000)	NODE_3178_length_20148_cov_3.267295	35000	5	0.009170
(17,53)(11044,20040)(10000,60000)	NODE_3179_length_20145_cov_2.935000	35000	38	0.042079
(2,101)(10129,35368)(10000,60000)	NODE_317_length_38305_cov_3.427446	35000	101	0.026295
(5,8)(17089,17108)(10000,60000)	NODE_3181_length_20141_cov_3.391727	35000	5	0.051063
(3,4)(10322,10324)(10000,60000)	NODE_3182_length_20139_cov_3.998154	35000	3	0.000822
(2,12)(16431,20088)(10000,60000)	NODE_3184_length_20133_cov_3.039982	35000	12	0.032307
(13,21)(15411,15574)(10000,60000)	NODE_3185_length_20131_cov_4.054762	35000	10	0.052747
(7,58)(14243,17731)(10000,60000)	NODE_3187_length_20130_cov_3.724227	35000	53	0.031026
(41,45)(14666,14687)(10000,60000)	NODE_3188_length_20129_cov_3.271493	35000	6	0.021393
(1,9)(24605,37124)(10000,60000)	NODE_318_length_38226_cov_3.776484	35000	10	0.022671
(31,33)(16781,16794)(10000,60000)	NODE_3190_length_20126_cov_3.494882	35000	4	0.037864
(2,3)(16859,17137)(10000,60000)	NODE_3191_length_20125_cov_3.087736	35000	3	0.034600
(5,37)(12636,20042)(10000,60000)	NODE_3192_length_20122_cov_4.243919	35000	34	0.024368
(1,2)(16034,16058)(10000,60000)	NODE_3193_length_20120_cov_3.310973	35000	3	0.018367
(4,5)(12782,12783)(10000,60000)	NODE_3197_length_20103_cov_5.232154	35000	3	0.057035
(7,8)(19949,19950)(10000,60000)	NODE_3198_length_20101_cov_3.593291	35000	3	0.012996
(16,18)(37953,37968)(10000,60000)	NODE_319_length_38222_cov_3.113370	35000	4	0.018055
(3,49)(43516,50915)(10000,60000)	NODE_31_length_59470_cov_3.678884	35000	48	0.038432
(3,8)(10078,17356)(10000,60000)	NODE_3200_length_20100_cov_3.612119	35000	7	0.076807
(8,10)(15769,16374)(10000,60000)	NODE_3201_length_20098_cov_3.590230	35000	4	-0.003390
(23,32)(12016,17063)(10000,60000)	NODE_3202_length_20097_cov_3.169067	35000	11	0.063512
(9,25)(14198,14463)(10000,60000)	NODE_3203_length_20093_cov_3.963439	35000	18	0.042512
(7,59)(10093,18353)(10000,60000)	NODE_3205_length_20090_cov_3.450003	35000	54	0.052164
(3,13)(17421,19386)(10000,60000)	NODE_3206_length_20089_cov_4.768084	35000	12	0.028977
(1,1)(18626,18626)(10000,60000)	NODE_3207_length_20089_cov_3.651626	35000	2	0.059235
(19,22)(13298,13323)(10000,60000)	NODE_3208_length_20088_cov_3.543649	35000	5	0.055424
(2,2)(19835,19835)(10000,60000)	NODE_3209_length_20088_cov_3.146381	35000	2	0.097428
(2,4)(25143,25311)(20000,70000)	NODE_320_length_38202_cov_3.878015	45000	4	0.007173
(4,4)(15711,15711)(10000,60000)	NODE_3210_length_20086_cov_3.071446	35000	2	0.089320
(3,5)(19421,19435)(10000,60000)	NODE_3213_length_20083_cov_4.498649	35000	4	0.019732
(2,37)(10018,19001)(10000,60000)	NODE_3215_length_20077_cov_3.229502	35000	37	0.058489
(1,4)(12483,12504)(10000,60000)	NODE_3218_length_20074_cov_3.741827	35000	5	0.022402
(1,1)(17773,17773)(10000,60000)	NODE_3220_length_20063_cov_3.226458	35000	2	-0.011017
(28,31)(17760,17806)(10000,60000)	NODE_3221_length_20062_cov_3.265942	35000	5	0.024415
(16,75)(11015,19922)(10000,60000)	NODE_3224_length_20059_cov_2.904810	35000	61	0.027499
(3,3)(16646,16646)(10000,60000)	NODE_3226_length_20049_cov_3.714987	35000	2	0.270784
(5,5)(32900,32900)(10000,60000)	NODE_322_length_38060_cov_3.526303	35000	2	0.030059
(1,6)(11399,11437)(10000,60000)	NODE_3230_length_20043_cov_3.096621	35000	7	0.037512
(16,17)(12929,12935)(10000,60000)	NODE_3234_length_20036_cov_3.691177	35000	3	0.018257
(2,18)(15132,15613)(10000,60000)	NODE_3237_length_20031_cov_3.840157	35000	18	0.045062
(11,11)(18737,18737)(10000,60000)	NODE_3238_length_20027_cov_3.235598	35000	2	0.093653
(7,8)(15469,18742)(10000,60000)	NODE_3239_length_20020_cov_3.262537	35000	3	0.039144
(6,31)(13345,19986)(10000,60000)	NODE_3243_length_20013_cov_3.404791	35000	27	0.070851
(15,24)(18179,18269)(10000,60000)	NODE_3245_length_20012_cov_3.495656	35000	11	0.059083
(24,50)(13077,18656)(10000,60000)	NODE_3247_length_20005_cov_3.584849	35000	28	0.039575
(35,59)(12559,18970)(10000,60000)	NODE_3248_length_20002_cov_3.723358	35000	26	0.035928
(31,52)(10858,18506)(10000,60000)	NODE_3249_length_20002_cov_3.361453	35000	23	0.024357
(37,37)(19781,19781)(10000,60000)	NODE_3250_length_20002_cov_3.137617	35000	2	0.665213
(15,15)(17819,17819)(10000,60000)	NODE_3251_length_20000_cov_3.270187	35000	2	-0.000357
(1,61)(11643,36993)(10000,60000)	NODE_325_length_38001_cov_3.336447	35000	62	0.051287
(5,32)(10003,37881)(10000,60000)	NODE_326_length_37963_cov_3.443905	35000	29	0.046302
(2,10)(18827,36268)(10000,60000)	NODE_327_length_37950_cov_3.605374	35000	10	0.099009
(5,7)(31608,31634)(10000,60000)	NODE_329_length_37930_cov_3.397082	35000	4	0.072976
(8,14)(33612,58204)(20000,70000)	NODE_32_length_59289_cov_3.442845	45000	8	0.024340
(15,32)(35247,35374)(10000,60000)	NODE_330_length_37925_cov_3.476048	35000	19	0.008696
(48,68)(36298,37826)(10000,60000)	NODE_331_length_37867_cov_3.729295	35000	22	0.031183
(3,31)(10442,29571)(10000,60000)	NODE_333_length_37779_cov_3.312792	35000	30	0.041992
(1,53)(17269,32918)(10000,60000)	NODE_334_length_37719_cov_2.941574	35000	54	0.037379
(1,7)(37609,37655)(20000,70000)	NODE_335_length_37682_cov_3.370673	45000	8	0.071415
(8,9)(20939,23394)(20000,70000)	NODE_336_length_37673_cov_3.431761	45000	3	-0.000068
(3,16)(29085,37364)(10000,60000)	NODE_338_length_37640_cov_3.878746	35000	15	0.050998
(4,13)(21094,33573)(20000,70000)	NODE_339_length_37626_cov_3.445359	45000	11	0.057472
(1,7)(39801,44099)(10000,60000)	NODE_33_length_58250_cov_3.576826	35000	8	0.049997
(1,1)(35080,35080)(30000,80000)	NODE_341_length_37541_cov_4.090193	55000	2	-0.004850
(12,32)(27551,37236)(10000,60000)	NODE_342_length_37512_cov_4.667869	35000	22	0.031716
(2,8)(15935,26183)(10000,60000)	NODE_343_length_37506_cov_3.471917	35000	8	0.070477
(3,5)(37476,37481)(20000,70000)	NODE_344_length_37485_cov_3.593217	45000	4	0.233330
(13,16)(10957,17897)(10000,60000)	NODE_345_length_37471_cov_3.495933	35000	5	0.127527
(10,45)(16069,33009)(10000,60000)	NODE_346_length_37457_cov_3.716955	35000	37	0.026884
(59,80)(14594,37409)(10000,60000)	NODE_347_length_37442_cov_3.486303	35000	23	0.037340
(20,33)(10066,36185)(10000,60000)	NODE_348_length_37430_cov_3.625994	35000	15	0.092735
(26,38)(21396,23318)(10000,60000)	NODE_349_length_37405_cov_3.685493	35000	14	0.042013
(2,32)(41467,58100)(20000,70000)	NODE_34_length_58130_cov_3.719667	45000	32	0.032237
(2,41)(20077,37286)(10000,60000)	NODE_351_length_37384_cov_3.658361	35000	41	0.027348
(2,13)(33957,34971)(10000,60000)	NODE_352_length_37364_cov_3.455816	35000	13	0.081869
(22,35)(10386,37331)(10000,60000)	NODE_353_length_37362_cov_3.784290	35000	15	0.033025
(4,20)(28677,32296)(10000,60000)	NODE_356_length_37258_cov_3.874728	35000	18	0.036865
(9,36)(13750,34868)(10000,60000)	NODE_357_length_37244_cov_3.712209	35000	29	0.028180
(10,20)(10816,37209)(10000,60000)	NODE_358_length_37236_cov_3.654496	35000	12	0.019559
(1,10)(12697,16540)(10000,60000)	NODE_359_length_37217_cov_3.567972	35000	11	0.067701
(16,46)(10097,54947)(10000,60000)	NODE_35_length_57784_cov_3.561099	35000	32	0.049344
(4,11)(15480,26633)(10000,60000)	NODE_360_length_37214_cov_3.558561	35000	9	0.042199
(12,12)(35009,35009)(10000,60000)	NODE_362_length_37133_cov_3.294432	35000	2	0.033687
(24,55)(10472,35726)(10000,60000)	NODE_363_length_37030_cov_3.157456	35000	33	0.025196
(9,25)(14286,32406)(10000,60000)	NODE_364_length_37019_cov_3.835536	35000	18	0.026201
(8,11)(31804,31822)(20000,70000)	NODE_365_length_36963_cov_3.851671	45000	5	0.090571
(61,71)(20202,20326)(20000,70000)	NODE_367_length_36843_cov_3.523296	45000	12	0.020797
(3,5)(25841,25844)(10000,60000)	NODE_369_length_36792_cov_3.280789	35000	4	0.055465
(7,10)(23066,36779)(20000,70000)	NODE_370_length_36789_cov_3.401554	45000	5	0.002393
(4,18)(10677,11805)(10000,60000)	NODE_373_length_36764_cov_3.690031	35000	16	0.022114
(16,23)(10158,36676)(10000,60000)	NODE_376_length_36727_cov_3.316780	35000	9	0.072042
(35,39)(20012,26676)(10000,60000)	NODE_377_length_36707_cov_3.540483	35000	6	0.029167
(1,9)(16491,26880)(10000,60000)	NODE_378_length_36678_cov_3.245797	35000	10	0.017241
(1,4)(23863,36615)(10000,60000)	NODE_379_length_36662_cov_3.885130	35000	5	0.055015
(11,14)(32537,35974)(10000,60000)	NODE_37_length_57386_cov_3.806239	35000	5	0.037321
(1,2)(33093,33108)(30000,80000)	NODE_380_length_36507_cov_3.656367	55000	3	-0.004096
(12,28)(20066,24870)(20000,70000)	NODE_382_length_36485_cov_4.389216	45000	18	0.043335
(16,22)(19371,19447)(10000,60000)	NODE_383_length_36481_cov_3.434830	35000	8	-0.003574
(10,20)(33541,34959)(20000,70000)	NODE_386_length_36417_cov_3.341126	45000	12	0.045229
(6,8)(21858,21865)(20000,70000)	NODE_387_length_36387_cov_3.648093	45000	4	0.078573
(28,42)(26063,36163)(20000,70000)	NODE_388_length_36360_cov_3.854444	45000	16	0.045669
(3,62)(10497,31310)(10000,60000)	NODE_389_length_36354_cov_3.671052	35000	61	0.043233
(4,7)(42614,53044)(40000,90000)	NODE_38_length_57309_cov_3.381769	65000	5	0.061730
(1,35)(16050,27472)(10000,60000)	NODE_390_length_36343_cov_3.845023	35000	36	0.040707
(1,2)(23437,23443)(10000,60000)	NODE_391_length_36245_cov_3.625104	35000	3	0.011146
(2,3)(23377,23929)(10000,60000)	NODE_392_length_36220_cov_3.148003	35000	3	0.008929
(1,20)(24389,28859)(10000,60000)	NODE_393_length_36113_cov_3.457655	35000	21	0.005221
(43,68)(19531,35323)(10000,60000)	NODE_395_length_36084_cov_3.892316	35000	27	0.015775
(5,19)(13662,28476)(10000,60000)	NODE_396_length_36071_cov_3.389053	35000	16	0.062641
(15,32)(18842,36038)(10000,60000)	NODE_399_length_36055_cov_3.599511	35000	19	0.014423
(1,1)(45991,45991)(40000,90000)	NODE_39_length_57302_cov_3.953359	65000	2	0.041487
(6,12)(30070,30099)(20000,70000)	NODE_400_length_36009_cov_3.439376	45000	8	0.038151
(12,20)(10090,25803)(10000,60000)	NODE_401_length_36007_cov_3.654339	35000	10	0.023372
(7,14)(20208,32501)(20000,70000)	NODE_402_length_35994_cov_3.624154	45000	9	0.060207
(1,13)(22315,22779)(10000,60000)	NODE_404_length_35980_cov_3.531145	35000	14	0.058726
(1,2)(14135,25644)(10000,60000)	NODE_405_length_35962_cov_3.781390	35000	3	0.078646
(4,39)(17396,35902)(10000,60000)	NODE_406_length_35951_cov_3.624707	35000	37	0.057660
(13,22)(34595,35436)(30000,80000)	NODE_407_length_35932_cov_3.563810	55000	11	0.050396
(2,63)(14337,56820)(10000,60000)	NODE_40_length_57036_cov_4.017054	35000	63	0.025856
(1,23)(32196,32880)(20000,70000)	NODE_410_length_35885_cov_3.477449	45000	24	0.059608
(1,50)(16012,35746)(10000,60000)	NODE_411_length_35877_cov_3.370507	35000	51	0.043825
(1,3)(35721,35751)(20000,70000)	NODE_412_length_35871_cov_3.604803	45000	4	0.046719
(1,13)(10126,18383)(10000,60000)	NODE_413_length_35866_cov_4.004893	35000	14	0.021348
(1,1)(23595,23595)(20000,70000)	NODE_415_length_35838_cov_3.617337	45000	2	-0.002957
(1,36)(27533,35530)(10000,60000)	NODE_416_length_35835_cov_3.730748	35000	37	0.011326
(1,5)(23922,30677)(10000,60000)	NODE_417_length_35813_cov_3.312006	35000	6	0.098934
(21,25)(10776,30721)(10000,60000)	NODE_418_length_35786_cov_3.452462	35000	6	0.060384
(5,18)(16339,35653)(10000,60000)	NODE_421_length_35708_cov_4.088377	35000	15	0.029441
(8,21)(12672,33881)(10000,60000)	NODE_422_length_35700_cov_3.767535	35000	15	0.023280
(12,41)(17908,34412)(10000,60000)	NODE_424_length_35657_cov_3.936695	35000	31	0.038105
(13,37)(20046,31391)(10000,60000)	NODE_425_length_35607_cov_3.728456	35000	26	0.106298
(7,21)(12608,26029)(10000,60000)	NODE_426_length_35605_cov_3.469245	35000	16	0.052585
(5,5)(34131,34131)(20000,70000)	NODE_428_length_35573_cov_3.471472	45000	2	0.026898
(2,5)(28270,35288)(20000,70000)	NODE_429_length_35545_cov_3.252892	45000	5	0.013624
(8,30)(17225,40043)(10000,60000)	NODE_42_length_56745_cov_3.704728	35000	24	0.058254
(15,23)(12055,35387)(10000,60000)	NODE_433_length_35421_cov_3.462148	35000	10	0.035975
(11,14)(15804,15838)(10000,60000)	NODE_434_length_35410_cov_3.686132	35000	5	0.016153
(39,51)(23990,32842)(10000,60000)	NODE_435_length_35370_cov_3.605143	35000	14	0.026810
(3,6)(30882,30911)(30000,80000)	NODE_436_length_35367_cov_3.820716	55000	5	0.030444
(1,2)(32507,32508)(10000,60000)	NODE_438_length_35303_cov_3.798404	35000	3	0.010163
(1,10)(12982,13087)(10000,60000)	NODE_439_length_35275_cov_3.371276	35000	11	0.018629
(1,5)(12048,12078)(10000,60000)	NODE_43_length_56649_cov_3.890769	35000	6	0.007138
(25,31)(14311,24194)(10000,60000)	NODE_442_length_35214_cov_3.106849	35000	8	0.032370
(40,45)(20081,34986)(20000,70000)	NODE_444_length_35178_cov_3.220616	45000	7	0.013010
(9,10)(33982,33983)(20000,70000)	NODE_445_length_35176_cov_3.523448	45000	3	-0.010551
(8,46)(11060,25811)(10000,60000)	NODE_446_length_35170_cov_3.584500	35000	40	0.013739
(1,6)(28233,35118)(10000,60000)	NODE_447_length_35144_cov_3.152347	35000	7	0.021418
(7,7)(14188,14188)(10000,60000)	NODE_448_length_35139_cov_3.420919	35000	2	0.011874
(11,15)(18089,18117)(10000,60000)	NODE_449_length_35118_cov_3.601102	35000	6	0.055741
(1,1)(37096,37096)(10000,60000)	NODE_44_length_55711_cov_3.731551	35000	2	0.056761
(1,2)(28402,28408)(20000,70000)	NODE_450_length_35101_cov_3.452003	45000	3	0.103156
(1,2)(12248,24379)(10000,60000)	NODE_451_length_35092_cov_3.929529	35000	3	0.005143
(20,26)(17286,24965)(10000,60000)	NODE_452_length_35078_cov_3.830698	35000	8	0.056291
(42,42)(34585,34585)(10000,60000)	NODE_454_length_35023_cov_3.483765	35000	2	-0.006560
(24,71)(21679,34634)(20000,70000)	NODE_457_length_34939_cov_4.529133	45000	49	0.042490
(2,11)(31472,31559)(30000,80000)	NODE_459_length_34887_cov_3.462343	55000	11	0.050112
(7,48)(52923,53593)(50000,100000)	NODE_45_length_55545_cov_3.661472	75000	43	0.052928
(47,65)(30599,34747)(30000,80000)	NODE_460_length_34862_cov_3.908322	55000	20	0.038997
(11,11)(10732,10732)(10000,60000)	NODE_462_length_34803_cov_3.627478	35000	2	0.024135
(2,12)(28785,29043)(20000,70000)	NODE_463_length_34791_cov_3.784244	45000	12	0.012862
(18,50)(17786,23467)(10000,60000)	NODE_467_length_34734_cov_3.838516	35000	34	0.035239
(1,7)(30947,31158)(10000,60000)	NODE_468_length_34666_cov_3.834785	35000	8	0.043634
(11,12)(28928,28929)(10000,60000)	NODE_469_length_34656_cov_3.463698	35000	3	0.143253
(16,16)(34633,34633)(30000,80000)	NODE_470_length_34645_cov_3.381520	55000	2	0.081418
(1,4)(22156,34610)(10000,60000)	NODE_471_length_34642_cov_3.458877	35000	5	0.071395
(8,12)(19060,27005)(10000,60000)	NODE_472_length_34624_cov_3.066474	35000	6	0.022289
(60,60)(29395,29395)(20000,70000)	NODE_474_length_34578_cov_3.635227	45000	2	-0.011603
(1,28)(21798,34529)(10000,60000)	NODE_475_length_34571_cov_3.439690	35000	29	0.034442
(22,36)(27279,33803)(10000,60000)	NODE_476_length_34558_cov_3.654633	35000	16	0.026513
(3,10)(30186,30223)(10000,60000)	NODE_477_length_34543_cov_3.437464	35000	9	0.053135
(1,4)(19546,29840)(10000,60000)	NODE_478_length_34508_cov_3.886076	35000	5	0.031718
(5,6)(24380,53329)(20000,70000)	NODE_47_length_54946_cov_3.470782	45000	3	0.088038
(7,40)(19618,34176)(10000,60000)	NODE_481_length_34486_cov_3.322157	35000	35	0.030397
(5,18)(14899,27542)(10000,60000)	NODE_483_length_34449_cov_3.647656	35000	15	0.031982
(16,17)(34270,34306)(30000,80000)	NODE_484_length_34444_cov_3.509477	55000	3	0.057181
(23,26)(34322,34379)(10000,60000)	NODE_485_length_34438_cov_3.389441	35000	5	0.065333
(3,6)(14225,21482)(10000,60000)	NODE_486_length_34433_cov_3.780684	35000	5	0.055250
(5,5)(23244,23244)(20000,70000)	NODE_487_length_34423_cov_3.595851	45000	2	0.006006
(31,60)(13672,20298)(10000,60000)	NODE_488_length_34413_cov_3.695168	35000	31	0.035123
(7,17)(16207,33441)(10000,60000)	NODE_490_length_34349_cov_3.177226	35000	12	0.025018
(2,18)(25496,34325)(10000,60000)	NODE_491_length_34348_cov_4.661129	35000	18	0.068316
(49,55)(32590,32800)(30000,80000)	NODE_492_length_34336_cov_3.404212	55000	8	0.010186
(18,30)(20392,25534)(10000,60000)	NODE_493_length_34316_cov_3.769413	35000	14	0.046171
(8,30)(16124,16405)(10000,60000)	NODE_494_length_34304_cov_3.042567	35000	24	0.052174
(13,22)(15428,20728)(10000,60000)	NODE_496_length_34237_cov_4.007060	35000	11	0.052283
(1,1)(33649,33649)(20000,70000)	NODE_497_length_34219_cov_3.679894	45000	2	0.018242
(4,26)(25368,25549)(20000,70000)	NODE_498_length_34210_cov_3.821524	45000	24	0.051468
(14,29)(34445,59773)(10000,60000)	NODE_4_length_83149_cov_3.998880	35000	17	0.031278
(14,29)(34445,59773)(20000,70000)	NODE_4_length_83149_cov_3.998880	45000	17	0.031278
(5,6)(33988,34170)(10000,60000)	NODE_500_length_34196_cov_3.699651	35000	3	0.053291
(2,18)(16833,29002)(10000,60000)	NODE_501_length_34188_cov_3.545895	35000	18	0.067995
(8,41)(23529,34165)(10000,60000)	NODE_502_length_34181_cov_3.545977	35000	35	0.026642
(7,7)(24546,24546)(10000,60000)	NODE_503_length_34173_cov_3.882139	35000	2	0.013499
(2,7)(24248,26592)(10000,60000)	NODE_504_length_34159_cov_3.530652	35000	7	0.052489
(5,5)(27846,27846)(20000,70000)	NODE_507_length_34069_cov_3.456344	45000	2	0.004239
(4,6)(10955,29879)(10000,60000)	NODE_508_length_34067_cov_3.499028	35000	4	0.024551
(4,6)(10654,10666)(10000,60000)	NODE_510_length_34065_cov_3.671466	35000	4	0.021746
(26,26)(23665,23665)(20000,70000)	NODE_511_length_34063_cov_3.717789	45000	2	-0.005287
(7,8)(24690,27042)(20000,70000)	NODE_512_length_34027_cov_3.396251	45000	3	0.046611
(3,8)(29206,29241)(20000,70000)	NODE_513_length_34018_cov_3.234559	45000	7	0.000227
(8,22)(13226,33973)(10000,60000)	NODE_515_length_33981_cov_7.377575	35000	16	0.034956
(13,14)(24542,29770)(20000,70000)	NODE_518_length_33956_cov_4.356677	45000	3	0.028530
(6,10)(27486,27515)(10000,60000)	NODE_519_length_33947_cov_3.367200	35000	6	0.019629
(40,40)(49013,49013)(20000,70000)	NODE_51_length_54424_cov_3.747832	45000	2	-0.005199
(6,28)(10390,30373)(10000,60000)	NODE_520_length_33930_cov_3.127930	35000	24	0.044050
(6,6)(30406,30406)(10000,60000)	NODE_521_length_33921_cov_3.582816	35000	2	0.003597
(5,49)(22337,24077)(10000,60000)	NODE_524_length_33900_cov_3.610455	35000	46	0.035133
(2,4)(33138,33747)(30000,80000)	NODE_525_length_33871_cov_3.534940	55000	4	0.038662
(1,3)(22102,33422)(10000,60000)	NODE_526_length_33855_cov_4.028262	35000	4	0.012382
(1,1)(31355,31355)(20000,70000)	NODE_527_length_33828_cov_3.490913	45000	2	0.055504
(3,35)(26469,33596)(10000,60000)	NODE_530_length_33781_cov_3.613711	35000	34	0.037648
(7,51)(12154,24536)(10000,60000)	NODE_531_length_33769_cov_8.151262	35000	46	0.034190
(1,1)(32709,32709)(30000,80000)	NODE_532_length_33758_cov_3.531388	55000	2	0.026360
(1,2)(33646,33687)(10000,60000)	NODE_534_length_33726_cov_3.327207	35000	3	0.105955
(3,20)(23897,24474)(10000,60000)	NODE_535_length_33724_cov_3.428074	35000	19	0.031805
(16,16)(24238,24238)(10000,60000)	NODE_536_length_33689_cov_3.824323	35000	2	0.006597
(21,71)(19859,29903)(10000,60000)	NODE_538_length_33670_cov_3.557922	35000	52	0.037493
(9,20)(31156,33075)(30000,80000)	NODE_539_length_33667_cov_3.657501	55000	13	0.030300
(14,38)(35774,51400)(20000,70000)	NODE_53_length_53800_cov_3.757565	45000	26	0.051201
(6,8)(29417,29419)(10000,60000)	NODE_541_length_33641_cov_3.232604	35000	4	0.051965
(3,56)(20987,31758)(10000,60000)	NODE_543_length_33611_cov_3.243674	35000	55	0.071796
(1,10)(25001,28070)(10000,60000)	NODE_545_length_33591_cov_3.638361	35000	11	0.044558
(12,12)(31956,31956)(10000,60000)	NODE_546_length_33555_cov_3.374402	35000	2	0.304186
(11,28)(20892,31339)(10000,60000)	NODE_549_length_33530_cov_3.190362	35000	19	0.027743
(12,63)(26779,53343)(10000,60000)	NODE_54_length_53363_cov_3.365613	35000	53	0.030685
(11,27)(23638,32468)(10000,60000)	NODE_552_length_33506_cov_3.392343	35000	18	0.044918
(40,48)(21507,32256)(10000,60000)	NODE_553_length_33496_cov_3.646256	35000	10	0.070543
(11,26)(17145,17380)(10000,60000)	NODE_554_length_33485_cov_3.282394	35000	17	0.041984
(1,60)(15450,30909)(10000,60000)	NODE_555_length_33480_cov_3.831940	35000	61	0.045226
(11,24)(15221,19433)(10000,60000)	NODE_557_length_33460_cov_3.000779	35000	15	0.037771
(4,15)(21863,21977)(10000,60000)	NODE_559_length_33393_cov_3.594552	35000	13	0.046660
(1,13)(21452,41734)(10000,60000)	NODE_55_length_53216_cov_3.181204	35000	14	0.041673
(1,20)(14044,30537)(10000,60000)	NODE_560_length_33381_cov_3.451896	35000	21	0.079736
(10,10)(11663,11663)(10000,60000)	NODE_561_length_33378_cov_3.422429	35000	2	0.007942
(5,5)(17700,17700)(10000,60000)	NODE_565_length_33298_cov_3.490979	35000	2	0.025182
(18,26)(13549,28830)(10000,60000)	NODE_567_length_33279_cov_3.338608	35000	10	0.002867
(5,16)(27196,33256)(10000,60000)	NODE_568_length_33274_cov_4.430023	35000	13	0.008533
(4,5)(29302,29322)(10000,60000)	NODE_569_length_33269_cov_3.559723	35000	3	0.003241
(11,28)(52242,52633)(50000,100000)	NODE_56_length_53083_cov_3.770478	75000	19	0.032548
(18,21)(32916,32951)(20000,70000)	NODE_571_length_33199_cov_3.688036	45000	5	0.019759
(6,25)(10914,31071)(10000,60000)	NODE_572_length_33195_cov_3.445431	35000	21	0.030773
(9,15)(26401,27086)(20000,70000)	NODE_574_length_33177_cov_3.760898	45000	8	0.039271
(20,46)(10014,11570)(10000,60000)	NODE_575_length_33169_cov_3.488570	35000	28	0.020474
(1,6)(26029,26117)(20000,70000)	NODE_576_length_33165_cov_3.744450	45000	7	0.016170
(1,2)(21365,30372)(10000,60000)	NODE_577_length_33142_cov_3.563478	35000	3	0.016154
(7,36)(14902,30274)(10000,60000)	NODE_578_length_33103_cov_3.520543	35000	31	0.038681
(1,2)(52369,52396)(40000,90000)	NODE_57_length_52818_cov_3.717142	65000	3	0.102848
(33,35)(17756,17807)(10000,60000)	NODE_581_length_33053_cov_4.208199	35000	4	-0.005270
(2,7)(10307,31080)(10000,60000)	NODE_582_length_33051_cov_3.423859	35000	7	0.061606
(9,11)(23399,25218)(10000,60000)	NODE_584_length_32987_cov_3.371199	35000	4	0.294040
(2,6)(32776,32827)(20000,70000)	NODE_585_length_32950_cov_4.229856	45000	6	0.001125
(11,23)(23128,32845)(10000,60000)	NODE_586_length_32947_cov_3.204609	35000	14	0.016872
(2,8)(14522,14915)(10000,60000)	NODE_587_length_32946_cov_3.616495	35000	8	0.005028
(12,45)(16601,30748)(10000,60000)	NODE_589_length_32939_cov_3.744397	35000	35	0.031116
(34,44)(11977,38238)(10000,60000)	NODE_58_length_52638_cov_3.513105	35000	12	0.014361
(1,5)(11306,29860)(10000,60000)	NODE_590_length_32938_cov_3.552849	35000	6	0.052836
(1,8)(31256,31296)(10000,60000)	NODE_592_length_32914_cov_3.643791	35000	9	0.033405
(12,23)(23870,25435)(10000,60000)	NODE_595_length_32883_cov_3.400165	35000	13	0.079576
(17,24)(24889,28811)(20000,70000)	NODE_596_length_32863_cov_3.246002	45000	9	0.023945
(3,30)(15151,21657)(10000,60000)	NODE_598_length_32824_cov_3.489656	35000	29	0.022399
(3,13)(15051,29606)(10000,60000)	NODE_599_length_32824_cov_3.156700	35000	12	0.058085
(5,7)(30316,52568)(10000,60000)	NODE_59_length_52620_cov_3.445726	35000	4	0.030334
(5,12)(11957,27927)(10000,60000)	NODE_601_length_32787_cov_3.393570	35000	9	0.039054
(3,23)(14567,32760)(10000,60000)	NODE_602_length_32775_cov_3.512884	35000	22	0.052802
(2,6)(14812,14829)(10000,60000)	NODE_604_length_32750_cov_3.236624	35000	6	0.014791
(1,61)(28872,32494)(20000,70000)	NODE_605_length_32735_cov_3.236855	45000	62	0.024339
(7,24)(11498,11619)(10000,60000)	NODE_607_length_32730_cov_3.578836	35000	19	0.026046
(9,21)(11361,26673)(10000,60000)	NODE_608_length_32725_cov_3.566971	35000	14	0.040741
(4,11)(36071,36158)(20000,70000)	NODE_60_length_52497_cov_3.887782	45000	9	0.064685
(7,8)(26603,26611)(10000,60000)	NODE_610_length_32690_cov_3.469209	35000	3	-0.003582
(2,6)(26266,29316)(20000,70000)	NODE_611_length_32680_cov_3.705104	45000	6	0.008470
(93,93)(32440,32440)(20000,70000)	NODE_614_length_32600_cov_3.548291	45000	2	0.075359
(1,1)(17993,17993)(10000,60000)	NODE_615_length_32567_cov_3.433966	35000	2	0.118603
(12,21)(23653,32418)(10000,60000)	NODE_617_length_32551_cov_3.209016	35000	11	0.029010
(13,28)(18610,19151)(10000,60000)	NODE_619_length_32470_cov_3.491489	35000	17	0.028408
(3,4)(45981,46223)(20000,70000)	NODE_61_length_52473_cov_3.878642	45000	3	0.094544
(3,7)(32218,32238)(10000,60000)	NODE_621_length_32456_cov_3.725469	35000	6	0.014553
(8,13)(10978,19533)(10000,60000)	NODE_622_length_32452_cov_3.413037	35000	7	0.037385
(4,14)(25803,32280)(20000,70000)	NODE_623_length_32391_cov_3.370835	45000	12	0.012824
(2,29)(23504,24108)(10000,60000)	NODE_624_length_32375_cov_3.314041	35000	29	0.013584
(1,36)(15096,18091)(10000,60000)	NODE_625_length_32355_cov_3.873295	35000	37	0.025272
(1,4)(23621,23633)(10000,60000)	NODE_626_length_32351_cov_3.507379	35000	5	0.004003
(38,40)(22044,30518)(20000,70000)	NODE_628_length_32319_cov_3.056580	45000	4	0.023329
(13,26)(19766,50751)(10000,60000)	NODE_62_length_52114_cov_3.985350	35000	15	0.028296
(7,18)(32034,32088)(30000,80000)	NODE_631_length_32278_cov_3.780323	55000	13	0.028031
(2,16)(11422,11517)(10000,60000)	NODE_633_length_32233_cov_3.589065	35000	16	0.034933
(2,3)(31599,31647)(20000,70000)	NODE_634_length_32233_cov_3.560310	45000	3	0.025354
(2,4)(29295,29322)(20000,70000)	NODE_636_length_32219_cov_3.719925	45000	4	0.030720
(1,1)(29013,29013)(10000,60000)	NODE_639_length_32203_cov_3.726545	35000	2	0.001181
(9,16)(30534,51998)(10000,60000)	NODE_63_length_52114_cov_3.440431	35000	9	0.056453
(8,8)(13098,13098)(10000,60000)	NODE_641_length_32166_cov_3.438738	35000	2	0.023222
(18,80)(14497,30130)(10000,60000)	NODE_645_length_32157_cov_3.994884	35000	64	0.053561
(48,79)(10587,30111)(10000,60000)	NODE_646_length_32152_cov_3.525349	35000	33	0.017024
(1,4)(23978,24001)(20000,70000)	NODE_648_length_32129_cov_3.537652	45000	5	0.080467
(34,52)(13411,18975)(10000,60000)	NODE_649_length_32121_cov_3.644338	35000	20	0.032499
(13,67)(20525,48467)(10000,60000)	NODE_64_length_51776_cov_3.985197	35000	56	0.022689
(1,10)(13486,13534)(10000,60000)	NODE_651_length_32108_cov_3.618920	35000	11	0.066127
(36,44)(10238,14710)(10000,60000)	NODE_652_length_32107_cov_3.448232	35000	10	0.032806
(11,14)(17144,32018)(10000,60000)	NODE_654_length_32101_cov_3.663396	35000	5	0.035613
(11,13)(10377,10399)(10000,60000)	NODE_655_length_32064_cov_3.476615	35000	4	0.014335
(2,3)(17739,17748)(10000,60000)	NODE_656_length_32059_cov_4.316239	35000	3	0.048395
(35,35)(21499,21499)(20000,70000)	NODE_657_length_32049_cov_3.436213	45000	2	-0.010257
(19,19)(12366,12366)(10000,60000)	NODE_659_length_32043_cov_3.497120	35000	2	-0.003857
(37,52)(15363,46934)(10000,60000)	NODE_65_length_51730_cov_3.723499	35000	17	0.044941
(8,8)(31988,31988)(20000,70000)	NODE_661_length_32038_cov_3.639970	45000	2	-0.011422
(1,3)(12362,25505)(10000,60000)	NODE_662_length_32031_cov_3.533196	35000	4	-0.006027
(8,9)(31358,31359)(20000,70000)	NODE_664_length_32017_cov_3.449464	45000	3	-0.012648
(1,9)(31733,31887)(10000,60000)	NODE_665_length_32010_cov_3.529003	35000	10	0.021346
(13,68)(29274,31676)(20000,70000)	NODE_666_length_32000_cov_3.409924	45000	57	0.044974
(3,6)(23254,23316)(10000,60000)	NODE_668_length_31978_cov_3.382979	35000	5	0.081870
(6,17)(15051,23272)(10000,60000)	NODE_669_length_31966_cov_3.044121	35000	13	0.043255
(1,2)(28721,44105)(20000,70000)	NODE_66_length_51554_cov_3.431542	45000	3	0.003698
(4,32)(12762,31853)(10000,60000)	NODE_671_length_31963_cov_3.226023	35000	30	0.041478
(5,9)(16632,25720)(10000,60000)	NODE_673_length_31920_cov_3.457779	35000	6	0.056866
(10,23)(13508,13589)(10000,60000)	NODE_674_length_31915_cov_3.541740	35000	15	0.001770
(18,25)(14701,14745)(10000,60000)	NODE_675_length_31913_cov_3.417741	35000	9	0.013332
(2,29)(12374,31749)(10000,60000)	NODE_678_length_31890_cov_3.935988	35000	29	0.033440
(8,23)(26317,26821)(20000,70000)	NODE_679_length_31882_cov_3.587232	45000	17	0.052211
(1,28)(10472,43709)(10000,60000)	NODE_67_length_51503_cov_3.535464	35000	29	0.062373
(2,2)(28262,28262)(10000,60000)	NODE_680_length_31881_cov_3.770247	35000	2	0.030243
(22,25)(10082,10151)(10000,60000)	NODE_681_length_31873_cov_3.387801	35000	5	0.084021
(2,7)(30494,30523)(30000,80000)	NODE_683_length_31830_cov_3.674293	55000	7	0.014367
(9,9)(11462,11462)(10000,60000)	NODE_684_length_31824_cov_3.764003	35000	2	-0.005167
(23,24)(20201,22640)(20000,70000)	NODE_685_length_31794_cov_4.082190	45000	3	0.074971
(21,32)(15376,16718)(10000,60000)	NODE_686_length_31791_cov_3.241607	35000	13	0.020806
(7,19)(31136,31420)(10000,60000)	NODE_687_length_31787_cov_3.681141	35000	14	0.036241
(13,18)(19523,30458)(10000,60000)	NODE_688_length_31774_cov_3.587024	35000	7	0.030628
(6,13)(27607,31598)(10000,60000)	NODE_689_length_31764_cov_3.600221	35000	9	0.031541
(3,32)(35173,50921)(20000,70000)	NODE_68_length_51384_cov_3.619362	45000	31	0.025633
(7,8)(21683,27885)(10000,60000)	NODE_690_length_31760_cov_3.561448	35000	3	-0.001445
(7,63)(11013,29511)(10000,60000)	NODE_691_length_31753_cov_3.215297	35000	58	0.023195
(6,12)(15657,15707)(10000,60000)	NODE_692_length_31718_cov_3.562320	35000	8	0.004387
(1,3)(22340,31560)(20000,70000)	NODE_693_length_31706_cov_3.751985	45000	4	0.056783
(66,94)(12213,18249)(10000,60000)	NODE_694_length_31699_cov_3.412310	35000	30	0.075795
(2,24)(15950,27643)(10000,60000)	NODE_695_length_31693_cov_3.610274	35000	24	0.030734
(15,49)(15818,29512)(10000,60000)	NODE_697_length_31660_cov_2.922214	35000	36	0.032006
(4,14)(22658,31644)(10000,60000)	NODE_699_length_31652_cov_3.430767	35000	12	0.007329
(1,8)(20419,32323)(20000,70000)	NODE_69_length_51328_cov_3.655859	45000	9	0.133251
(11,17)(14185,17838)(10000,60000)	NODE_700_length_31649_cov_3.286688	35000	8	0.079664
(2,20)(10811,22009)(10000,60000)	NODE_703_length_31628_cov_3.488566	35000	20	0.071496
(2,2)(20013,20013)(10000,60000)	NODE_704_length_31614_cov_3.843630	35000	2	0.054443
(4,4)(31497,31497)(10000,60000)	NODE_706_length_31591_cov_3.457608	35000	2	0.023113
(2,18)(17494,31480)(10000,60000)	NODE_708_length_31581_cov_3.200591	35000	18	0.042406
(1,3)(27086,31453)(10000,60000)	NODE_709_length_31576_cov_3.176287	35000	4	0.055789
(20,54)(15716,44134)(10000,60000)	NODE_70_length_51005_cov_3.310749	35000	36	0.050826
(11,41)(17710,31528)(10000,60000)	NODE_711_length_31550_cov_3.357381	35000	32	0.054856
(2,8)(19836,27009)(10000,60000)	NODE_713_length_31485_cov_3.390110	35000	8	0.090923
(6,8)(17008,21775)(10000,60000)	NODE_715_length_31401_cov_3.456329	35000	4	0.073759
(27,35)(24111,26483)(20000,70000)	NODE_717_length_31374_cov_4.180080	45000	10	0.030479
(18,38)(10001,24720)(10000,60000)	NODE_718_length_31368_cov_3.383415	35000	22	0.059902
(6,7)(14941,14942)(10000,60000)	NODE_719_length_31365_cov_3.600812	35000	3	-0.000389
(1,1)(30383,30383)(30000,80000)	NODE_71_length_50897_cov_4.008071	55000	2	0.115791
(2,8)(28125,28442)(20000,70000)	NODE_721_length_31323_cov_3.767679	45000	8	0.014063
(1,6)(24916,28116)(10000,60000)	NODE_723_length_31308_cov_3.331763	35000	7	0.316129
(10,45)(17704,31219)(10000,60000)	NODE_725_length_31244_cov_3.805266	35000	37	0.043577
(4,18)(26140,31201)(20000,70000)	NODE_727_length_31215_cov_3.508645	45000	16	0.014304
(3,17)(16817,31181)(10000,60000)	NODE_729_length_31205_cov_3.744454	35000	16	0.000808
(7,17)(24760,32191)(10000,60000)	NODE_72_length_50800_cov_3.774285	35000	12	0.050352
(1,19)(22407,25306)(10000,60000)	NODE_731_length_31175_cov_3.512807	35000	20	0.008720
(11,44)(13826,31008)(10000,60000)	NODE_732_length_31173_cov_3.515029	35000	35	0.038566
(8,15)(22001,30225)(10000,60000)	NODE_736_length_31145_cov_3.738034	35000	9	0.057857
(1,2)(13394,15399)(10000,60000)	NODE_737_length_31142_cov_3.263022	35000	3	0.045839
(14,15)(28056,29044)(10000,60000)	NODE_739_length_31132_cov_3.648697	35000	3	0.029401
(6,9)(34084,41773)(20000,70000)	NODE_73_length_50610_cov_3.637129	45000	5	0.015826
(4,9)(24408,25666)(10000,60000)	NODE_740_length_31129_cov_3.603545	35000	7	0.103331
(19,39)(15403,19645)(10000,60000)	NODE_741_length_31120_cov_3.263757	35000	22	0.035999
(9,40)(16846,31095)(10000,60000)	NODE_742_length_31118_cov_3.617783	35000	33	0.041249
(3,21)(27648,27963)(20000,70000)	NODE_745_length_31084_cov_3.955172	45000	20	0.026571
(6,24)(29064,30038)(20000,70000)	NODE_746_length_31077_cov_3.856898	45000	20	0.044089
(18,39)(27088,48170)(10000,60000)	NODE_74_length_50534_cov_3.637771	35000	23	0.068121
(12,52)(22167,22801)(10000,60000)	NODE_750_length_31053_cov_3.290463	35000	42	0.028378
(9,13)(11781,30981)(10000,60000)	NODE_752_length_31016_cov_3.401268	35000	6	0.110679
(1,1)(27472,27472)(20000,70000)	NODE_753_length_30998_cov_3.858248	45000	2	0.034258
(5,15)(10784,20717)(10000,60000)	NODE_758_length_30957_cov_3.606682	35000	12	0.053148
(2,3)(30881,30886)(20000,70000)	NODE_759_length_30956_cov_3.465048	45000	3	0.021720
(1,29)(23627,44766)(10000,60000)	NODE_75_length_50493_cov_3.387189	35000	30	0.056098
(1,9)(30114,30848)(30000,80000)	NODE_764_length_30898_cov_3.315367	55000	10	0.066028
(17,20)(29582,29608)(10000,60000)	NODE_765_length_30885_cov_3.437569	35000	5	0.044038
(10,37)(12448,29771)(10000,60000)	NODE_767_length_30874_cov_3.254297	35000	29	0.021548
(36,36)(23140,23140)(10000,60000)	NODE_768_length_30872_cov_3.378384	35000	2	-0.000505
(17,33)(13599,29891)(10000,60000)	NODE_769_length_30846_cov_3.345725	35000	18	0.059179
(25,41)(23447,47320)(10000,60000)	NODE_76_length_50488_cov_4.109468	35000	18	0.025377
(12,16)(26239,26271)(10000,60000)	NODE_771_length_30827_cov_3.232394	35000	6	0.003156
(3,24)(16043,23025)(10000,60000)	NODE_772_length_30821_cov_3.583979	35000	23	0.028260
(5,14)(27113,30020)(20000,70000)	NODE_773_length_30820_cov_3.346115	45000	11	0.049172
(18,27)(23068,28174)(10000,60000)	NODE_774_length_30803_cov_3.292340	35000	11	0.051359
(5,20)(19619,26390)(10000,60000)	NODE_776_length_30797_cov_3.711121	35000	17	0.026981
(5,22)(15944,30756)(10000,60000)	NODE_778_length_30793_cov_3.292207	35000	19	0.066647
(31,44)(13237,27897)(10000,60000)	NODE_779_length_30785_cov_3.246041	35000	15	0.051837
(1,9)(36113,50145)(30000,80000)	NODE_77_length_50416_cov_3.959099	55000	10	0.023453
(21,28)(19627,30582)(10000,60000)	NODE_780_length_30774_cov_3.506797	35000	9	0.079054
(9,11)(24354,24368)(10000,60000)	NODE_781_length_30771_cov_3.894529	35000	4	0.000699
(7,9)(10963,16240)(10000,60000)	NODE_783_length_30754_cov_3.543859	35000	4	0.003931
(3,25)(10938,27118)(10000,60000)	NODE_785_length_30724_cov_3.653388	35000	24	0.055851
(6,7)(11178,11179)(10000,60000)	NODE_786_length_30707_cov_3.435572	35000	3	0.035010
(4,9)(25827,25847)(10000,60000)	NODE_788_length_30692_cov_3.700650	35000	7	-0.000281
(2,36)(10697,30566)(10000,60000)	NODE_789_length_30692_cov_3.573236	35000	36	0.052430
(2,30)(16768,47061)(10000,60000)	NODE_78_length_50161_cov_3.497703	35000	30	0.041319
(12,13)(25778,25869)(10000,60000)	NODE_791_length_30673_cov_3.311801	35000	3	-0.008824
(3,17)(30043,30243)(30000,80000)	NODE_792_length_30665_cov_3.627037	55000	16	0.053891
(23,23)(20381,20381)(20000,70000)	NODE_793_length_30659_cov_3.634490	45000	2	0.004299
(94,111)(14729,30560)(10000,60000)	NODE_796_length_30647_cov_3.546844	35000	19	0.039322
(3,9)(10178,30349)(10000,60000)	NODE_799_length_30601_cov_3.625107	35000	8	0.105930
(2,15)(48482,49816)(10000,60000)	NODE_79_length_49835_cov_3.292786	35000	15	0.069214
(1,4)(53079,53213)(10000,60000)	NODE_7_length_74596_cov_3.829966	35000	5	0.013082
(1,51)(53079,66091)(20000,70000)	NODE_7_length_74596_cov_3.829966	45000	52	0.039440
(6,8)(30014,30038)(30000,80000)	NODE_800_length_30588_cov_3.950572	55000	4	-0.000614
(2,18)(15106,15167)(10000,60000)	NODE_801_length_30586_cov_3.612327	35000	18	0.026768
(5,6)(26670,26671)(10000,60000)	NODE_803_length_30555_cov_3.452292	35000	3	0.018833
(14,20)(16409,19507)(10000,60000)	NODE_804_length_30552_cov_3.465931	35000	8	0.058867
(8,45)(22205,24980)(20000,70000)	NODE_805_length_30539_cov_3.536038	45000	39	0.030253
(14,27)(25644,25721)(10000,60000)	NODE_806_length_30485_cov_5.313138	35000	15	0.050824
(1,1)(23250,23250)(10000,60000)	NODE_807_length_30477_cov_3.835901	35000	2	-0.003929
(2,34)(10834,26726)(10000,60000)	NODE_808_length_30457_cov_3.696818	35000	34	0.036023
(8,12)(20031,20302)(20000,70000)	NODE_809_length_30432_cov_3.868790	45000	6	0.068093
(6,20)(16954,49779)(10000,60000)	NODE_80_length_49815_cov_3.569273	35000	16	0.035722
(8,10)(26438,26449)(10000,60000)	NODE_812_length_30377_cov_3.792291	35000	4	0.038286
(2,2)(27581,27581)(10000,60000)	NODE_814_length_30327_cov_3.767203	35000	2	0.504864
(1,7)(19251,26163)(10000,60000)	NODE_816_length_30320_cov_3.712319	35000	8	0.023581
(5,25)(12411,14807)(10000,60000)	NODE_817_length_30316_cov_3.591621	35000	22	0.038880
(2,28)(15994,29696)(10000,60000)	NODE_818_length_30302_cov_3.307983	35000	28	0.053827
(21,29)(19793,26065)(10000,60000)	NODE_819_length_30299_cov_3.458013	35000	10	0.013472
(16,39)(17664,47024)(10000,60000)	NODE_81_length_49658_cov_3.293186	35000	25	0.043630
(5,36)(13355,15962)(10000,60000)	NODE_821_length_30281_cov_3.389371	35000	33	0.028545
(2,5)(26664,26692)(10000,60000)	NODE_824_length_30266_cov_3.954752	35000	5	0.024863
(3,16)(26041,30115)(10000,60000)	NODE_825_length_30259_cov_3.428846	35000	15	0.030759
(9,11)(21079,21103)(10000,60000)	NODE_826_length_30244_cov_3.584309	35000	4	0.080301
(4,6)(13598,28224)(10000,60000)	NODE_829_length_30235_cov_3.298281	35000	4	0.019525
(40,42)(26451,26470)(10000,60000)	NODE_82_length_49654_cov_3.793744	35000	4	0.178422
(5,14)(30079,30181)(30000,80000)	NODE_830_length_30220_cov_3.365791	55000	11	0.011054
(13,15)(24982,25003)(20000,70000)	NODE_833_length_30173_cov_3.528530	45000	4	0.140346
(1,8)(28321,28335)(20000,70000)	NODE_834_length_30162_cov_3.553405	45000	9	0.011336
(30,30)(30101,30101)(30000,80000)	NODE_838_length_30110_cov_3.733398	55000	2	0.003133
(2,37)(10031,29270)(10000,60000)	NODE_839_length_30106_cov_3.841370	35000	37	0.048528
(15,51)(10147,42748)(10000,60000)	NODE_83_length_49492_cov_3.815622	35000	38	0.037800
(12,22)(18397,29968)(10000,60000)	NODE_840_length_30076_cov_3.370084	35000	12	0.039804
(8,18)(20812,20988)(20000,70000)	NODE_843_length_30041_cov_3.662982	45000	12	0.076997
(18,20)(14420,14450)(10000,60000)	NODE_847_length_30001_cov_3.548860	35000	4	0.072233
(1,23)(12001,19358)(10000,60000)	NODE_849_length_29997_cov_3.531474	35000	24	0.029888
(11,19)(19724,37779)(10000,60000)	NODE_84_length_49465_cov_3.397824	35000	10	0.100367
(2,9)(21293,29295)(20000,70000)	NODE_850_length_29993_cov_3.507794	45000	9	0.017792
(1,3)(29339,29853)(10000,60000)	NODE_853_length_29952_cov_4.192175	35000	4	0.165932
(1,21)(22295,22472)(20000,70000)	NODE_854_length_29943_cov_3.731571	45000	22	0.014106
(6,9)(17371,29916)(10000,60000)	NODE_855_length_29924_cov_3.766907	35000	5	0.081682
(4,41)(26362,29385)(20000,70000)	NODE_856_length_29902_cov_3.736906	45000	39	0.035116
(1,9)(20712,23966)(20000,70000)	NODE_857_length_29895_cov_3.803967	45000	10	0.053018
(4,7)(23209,23226)(10000,60000)	NODE_859_length_29878_cov_3.202223	35000	5	0.010633
(28,30)(22310,22330)(10000,60000)	NODE_85_length_49064_cov_5.712856	35000	4	0.026988
(2,17)(28633,28793)(10000,60000)	NODE_861_length_29848_cov_3.239840	35000	17	0.043057
(1,1)(28550,28550)(10000,60000)	NODE_863_length_29820_cov_4.010228	35000	2	0.006472
(8,33)(22279,27246)(10000,60000)	NODE_864_length_29816_cov_3.247771	35000	27	0.025588
(5,22)(22481,26459)(20000,70000)	NODE_865_length_29788_cov_3.952946	45000	19	0.008694
(3,7)(26043,26343)(10000,60000)	NODE_869_length_29769_cov_3.797506	35000	6	0.089865
(1,68)(31709,48842)(20000,70000)	NODE_86_length_48908_cov_3.763998	45000	69	0.047143
(1,2)(21948,21986)(20000,70000)	NODE_870_length_29769_cov_3.626862	45000	3	0.006402
(3,28)(20812,27348)(20000,70000)	NODE_871_length_29760_cov_3.986379	45000	27	0.035920
(3,17)(23732,24194)(10000,60000)	NODE_872_length_29752_cov_3.608640	35000	16	0.064408
(5,12)(21369,29236)(10000,60000)	NODE_873_length_29736_cov_3.323515	35000	9	0.037625
(2,2)(11336,11336)(10000,60000)	NODE_875_length_29725_cov_3.701006	35000	2	0.061874
(8,34)(15957,25476)(10000,60000)	NODE_878_length_29704_cov_6.067556	35000	28	0.062216
(50,50)(41712,41712)(20000,70000)	NODE_87_length_48838_cov_4.635384	45000	2	0.019418
(12,13)(15273,27436)(10000,60000)	NODE_880_length_29690_cov_3.393194	35000	3	0.026404
(3,3)(20552,20552)(10000,60000)	NODE_884_length_29649_cov_3.476345	35000	2	-0.001160
(80,122)(15263,29491)(10000,60000)	NODE_885_length_29640_cov_3.150740	35000	44	0.026101
(14,16)(24354,25635)(10000,60000)	NODE_887_length_29605_cov_3.578120	35000	4	0.201391
(1,7)(19139,29503)(10000,60000)	NODE_889_length_29602_cov_3.434871	35000	8	0.012756
(4,56)(35702,48482)(10000,60000)	NODE_88_length_48717_cov_3.474721	35000	54	0.041747
(28,79)(12437,23324)(10000,60000)	NODE_890_length_29602_cov_3.003864	35000	53	0.021009
(1,2)(22411,26018)(10000,60000)	NODE_893_length_29589_cov_3.583961	35000	3	-0.002850
(3,8)(29466,29536)(10000,60000)	NODE_895_length_29574_cov_3.726921	35000	7	0.024306
(6,16)(19569,27594)(10000,60000)	NODE_896_length_29571_cov_3.489244	35000	12	0.052500
(26,37)(20666,27182)(10000,60000)	NODE_898_length_29563_cov_3.680899	35000	13	0.064302
(11,24)(11658,59423)(10000,60000)	NODE_8_length_73120_cov_3.680873	35000	15	0.050855
(15,30)(51311,68910)(20000,70000)	NODE_8_length_73120_cov_3.680873	45000	17	0.015263
(19,57)(10722,12181)(10000,60000)	NODE_900_length_29549_cov_3.219185	35000	40	0.050456
(1,5)(27675,27766)(10000,60000)	NODE_901_length_29524_cov_4.233883	35000	6	0.054974
(14,17)(25494,25647)(10000,60000)	NODE_903_length_29513_cov_3.644387	35000	5	0.016231
(5,15)(29230,29291)(20000,70000)	NODE_904_length_29499_cov_3.547313	45000	12	0.061483
(5,11)(15307,27429)(10000,60000)	NODE_905_length_29494_cov_3.548869	35000	8	0.053206
(41,51)(25176,46018)(10000,60000)	NODE_90_length_48251_cov_3.312220	35000	12	0.079811
(1,5)(20842,20869)(10000,60000)	NODE_910_length_29460_cov_3.728245	35000	6	0.058784
(6,49)(12308,18272)(10000,60000)	NODE_911_length_29445_cov_3.187726	35000	45	0.023887
(8,38)(10011,20588)(10000,60000)	NODE_912_length_29444_cov_3.905469	35000	32	0.036368
(24,32)(17398,23927)(10000,60000)	NODE_914_length_29435_cov_3.390851	35000	10	-0.000453
(13,13)(23364,23364)(10000,60000)	NODE_915_length_29432_cov_3.626905	35000	2	0.051533
(9,10)(13787,14356)(10000,60000)	NODE_916_length_29424_cov_3.736607	35000	3	0.091553
(1,91)(16539,27810)(10000,60000)	NODE_919_length_29380_cov_3.438134	35000	92	0.028271
(4,27)(12694,48141)(10000,60000)	NODE_91_length_48239_cov_4.131034	35000	25	0.048893
(1,13)(19199,26720)(10000,60000)	NODE_920_length_29378_cov_3.725093	35000	14	0.046500
(14,21)(29094,29340)(20000,70000)	NODE_922_length_29371_cov_3.881252	45000	9	0.020743
(5,18)(25906,28420)(10000,60000)	NODE_923_length_29366_cov_3.729046	35000	15	0.022915
(1,11)(23092,29147)(10000,60000)	NODE_924_length_29360_cov_3.526708	35000	12	0.051247
(26,30)(23216,29269)(10000,60000)	NODE_928_length_29347_cov_3.182542	35000	6	0.038395
(1,94)(28182,29504)(10000,60000)	NODE_92_length_48092_cov_3.743275	35000	95	0.024672
(3,7)(28813,29244)(20000,70000)	NODE_930_length_29323_cov_3.515535	45000	6	0.001738
(21,23)(20528,27482)(20000,70000)	NODE_934_length_29301_cov_3.639853	45000	4	0.026737
(16,36)(20703,25972)(10000,60000)	NODE_935_length_29297_cov_3.401295	35000	22	0.042133
(9,12)(24871,24930)(20000,70000)	NODE_937_length_29277_cov_3.335767	45000	5	0.029000
(7,13)(27390,27703)(20000,70000)	NODE_938_length_29272_cov_3.644740	45000	8	0.038472
(9,10)(21636,21637)(20000,70000)	NODE_939_length_29271_cov_3.823941	45000	3	-0.006988
(7,15)(29106,29171)(10000,60000)	NODE_940_length_29259_cov_3.399554	35000	10	0.020993
(3,3)(26069,26069)(20000,70000)	NODE_941_length_29241_cov_3.426189	45000	2	0.092883
(5,16)(15127,25426)(10000,60000)	NODE_942_length_29230_cov_3.748035	35000	13	0.100753
(4,9)(25321,28981)(10000,60000)	NODE_945_length_29213_cov_3.570104	35000	7	0.045886
(4,5)(12359,25058)(10000,60000)	NODE_946_length_29210_cov_3.730239	35000	3	0.038390
(5,8)(23305,26486)(20000,70000)	NODE_947_length_29209_cov_3.884679	45000	5	0.043448
(9,9)(17704,17704)(10000,60000)	NODE_949_length_29201_cov_3.421724	35000	2	0.001233
(1,22)(16251,47363)(10000,60000)	NODE_94_length_47905_cov_3.958081	35000	23	0.015618
(2,12)(14469,28108)(10000,60000)	NODE_950_length_29179_cov_3.686245	35000	12	0.018530
(27,31)(27435,27454)(10000,60000)	NODE_951_length_29173_cov_3.647107	35000	6	0.052064
(12,34)(10005,29108)(10000,60000)	NODE_952_length_29172_cov_3.211605	35000	24	0.055059
(9,18)(25620,25679)(20000,70000)	NODE_953_length_29169_cov_3.785587	45000	11	0.002607
(8,33)(12790,29121)(10000,60000)	NODE_954_length_29169_cov_3.696938	35000	27	0.053032
(14,24)(17362,17477)(10000,60000)	NODE_955_length_29160_cov_3.637452	35000	12	0.014774
(6,7)(11184,27284)(10000,60000)	NODE_958_length_29141_cov_3.558570	35000	3	0.034071
(1,1)(22198,22198)(20000,70000)	NODE_959_length_29140_cov_3.934782	45000	2	-0.006708
(8,25)(28548,43555)(10000,60000)	NODE_95_length_47810_cov_3.397267	35000	19	0.026794
(21,49)(11913,25880)(10000,60000)	NODE_961_length_29124_cov_3.386770	35000	30	0.019242
(10,42)(12645,16450)(10000,60000)	NODE_962_length_29113_cov_3.388743	35000	34	0.030403
(5,23)(21923,22133)(10000,60000)	NODE_963_length_29104_cov_3.770902	35000	20	0.098260
(2,10)(19135,25256)(10000,60000)	NODE_964_length_29092_cov_3.594764	35000	10	0.044990
(1,2)(25243,25250)(10000,60000)	NODE_965_length_29090_cov_3.467904	35000	3	0.458555
(8,17)(20065,28012)(10000,60000)	NODE_966_length_29068_cov_3.236598	35000	11	0.025344
(10,15)(24655,28758)(10000,60000)	NODE_967_length_29067_cov_3.600766	35000	7	0.010384
(11,25)(10540,21000)(10000,60000)	NODE_968_length_29042_cov_3.105518	35000	16	0.042089
(44,115)(11330,22493)(10000,60000)	NODE_970_length_29035_cov_3.026921	35000	73	0.021917
(8,24)(15400,28987)(10000,60000)	NODE_973_length_29029_cov_3.266816	35000	18	0.039351
(4,7)(22492,22547)(20000,70000)	NODE_974_length_29024_cov_3.530925	45000	5	0.007897
(3,12)(14697,28979)(10000,60000)	NODE_975_length_29013_cov_3.403611	35000	11	0.016844
(10,16)(18331,28742)(10000,60000)	NODE_976_length_28984_cov_3.556829	35000	8	0.013756
(12,19)(27769,27991)(20000,70000)	NODE_977_length_28967_cov_3.724193	45000	9	0.024376
(13,15)(26929,28238)(20000,70000)	NODE_978_length_28949_cov_3.672270	45000	4	0.025247
(4,4)(19691,19691)(10000,60000)	NODE_979_length_28922_cov_3.452625	35000	2	-0.004446
(1,1)(14126,14126)(10000,60000)	NODE_97_length_47612_cov_3.944373	35000	2	0.030756
(2,14)(22264,25788)(10000,60000)	NODE_983_length_28910_cov_3.522196	35000	14	0.040572
(17,24)(22139,22231)(10000,60000)	NODE_984_length_28903_cov_3.677475	35000	9	0.004493
(3,81)(10673,26204)(10000,60000)	NODE_986_length_28871_cov_3.899833	35000	80	0.025745
(2,2)(11574,11574)(10000,60000)	NODE_987_length_28849_cov_3.533948	35000	2	0.038819
(1,41)(19958,24343)(10000,60000)	NODE_990_length_28828_cov_3.612308	35000	42	0.035792
(3,11)(13868,24772)(10000,60000)	NODE_991_length_28815_cov_3.606561	35000	10	0.042713
(2,3)(10567,10575)(10000,60000)	NODE_992_length_28798_cov_3.273668	35000	3	0.089368
(4,33)(26048,26553)(20000,70000)	NODE_993_length_28797_cov_3.715207	45000	31	0.066089
(1,1)(24151,24151)(20000,70000)	NODE_994_length_28797_cov_3.595756	45000	2	0.012701
(3,26)(21010,28449)(10000,60000)	NODE_996_length_28792_cov_3.957725	35000	25	0.046327
(1,6)(22189,22242)(20000,70000)	NODE_997_length_28786_cov_3.877784	45000	7	0.035517
(5,6)(22177,22216)(10000,60000)	NODE_999_length_28766_cov_3.924059	35000	3	0.030928
(5,28)(41334,41629)(10000,60000)	NODE_99_length_47222_cov_3.554528	35000	25	0.062654
