region	chr	midPos	Nsites
(3,3)(20971,20971)(10000,60000)	NODE_1000_length_28765_cov_3.224203	35000	2	0.124558
(10,35)(10620,25363)(10000,60000)	NODE_1001_length_28761_cov_3.206196	35000	27	0.285710
(7,61)(12624,25236)(10000,60000)	NODE_1002_length_28759_cov_3.406211	35000	56	0.155543
(3,23)(14698,26839)(10000,60000)	NODE_1003_length_28751_cov_3.628822	35000	22	0.407195
(67,122)(10206,28654)(10000,60000)	NODE_1004_length_28751_cov_3.208258	35000	57	0.206637
(216,262)(10071,28038)(10000,60000)	NODE_1005_length_28748_cov_3.680652	35000	48	0.126361
(3,34)(17411,28369)(10000,60000)	NODE_1006_length_28733_cov_3.902808	35000	33	0.100337
(14,123)(10760,26065)(10000,60000)	NODE_1007_length_28726_cov_3.415552	35000	111	0.061773
(10,20)(11739,25953)(10000,60000)	NODE_1008_length_28719_cov_3.842453	35000	12	0.307951
(59,118)(11882,27370)(10000,60000)	NODE_1009_length_28717_cov_3.504018	35000	61	0.138695
(7,64)(11423,46560)(10000,60000)	NODE_100_length_47095_cov_3.782811	35000	59	0.179875
(5,74)(10107,24971)(10000,60000)	NODE_1010_length_28715_cov_3.683359	35000	71	0.131880
(27,31)(15583,22721)(10000,60000)	NODE_1011_length_28715_cov_3.354033	35000	6	0.063572
(21,35)(18919,27409)(10000,60000)	NODE_1012_length_28711_cov_3.297952	35000	16	0.114235
(1,8)(20157,22190)(20000,70000)	NODE_1013_length_28706_cov_3.768833	45000	9	0.399824
(96,155)(12638,16445)(10000,60000)	NODE_1014_length_28701_cov_3.471855	35000	61	0.095695
(1,72)(10003,27972)(10000,60000)	NODE_1015_length_28697_cov_3.274914	35000	73	0.108548
(15,79)(20017,27673)(20000,70000)	NODE_1016_length_28681_cov_3.789308	45000	66	0.109314
(1,35)(11311,28180)(10000,60000)	NODE_1017_length_28667_cov_3.535844	35000	36	0.130910
(1,43)(20917,27182)(20000,70000)	NODE_1018_length_28649_cov_3.858984	45000	44	0.077661
(7,31)(14272,23462)(10000,60000)	NODE_1019_length_28647_cov_3.452606	35000	26	0.100972
(6,15)(24115,46562)(20000,70000)	NODE_101_length_46778_cov_4.250412	45000	11	0.439392
(10,20)(10645,20006)(10000,60000)	NODE_1020_length_28628_cov_3.219566	35000	12	0.308756
(2,6)(11799,28437)(10000,60000)	NODE_1021_length_28602_cov_3.913799	35000	6	0.124176
(4,14)(10600,24837)(10000,60000)	NODE_1022_length_28599_cov_3.422702	35000	12	0.034640
(78,233)(27237,28560)(10000,60000)	NODE_1023_length_28597_cov_3.311987	35000	157	0.104467
(99,112)(24954,27712)(10000,60000)	NODE_1024_length_28592_cov_3.411013	35000	15	0.044560
(71,92)(10165,26743)(10000,60000)	NODE_1025_length_28566_cov_3.506130	35000	23	0.054103
(17,20)(13100,23053)(10000,60000)	NODE_1026_length_28565_cov_3.782477	35000	5	0.126571
(17,21)(23294,25997)(10000,60000)	NODE_1027_length_28562_cov_3.403471	35000	6	0.388360
(1,137)(12906,23421)(10000,60000)	NODE_1028_length_28554_cov_3.668283	35000	138	0.075198
(8,24)(11920,27758)(10000,60000)	NODE_1029_length_28534_cov_3.301108	35000	18	0.161775
(16,77)(11618,42644)(10000,60000)	NODE_102_length_46763_cov_3.799246	35000	63	0.270143
(9,45)(12788,26625)(10000,60000)	NODE_1030_length_28514_cov_3.677565	35000	38	0.177170
(7,17)(13188,21187)(10000,60000)	NODE_1031_length_28509_cov_3.529849	35000	12	0.287763
(1,8)(10154,24849)(10000,60000)	NODE_1032_length_28507_cov_3.527316	35000	9	0.348046
(20,54)(14743,28354)(10000,60000)	NODE_1033_length_28478_cov_3.597096	35000	36	0.180578
(51,108)(10373,28256)(10000,60000)	NODE_1034_length_28461_cov_4.068331	35000	59	0.145962
(25,43)(11328,28412)(10000,60000)	NODE_1035_length_28435_cov_3.580463	35000	20	0.184674
(6,33)(11150,23536)(10000,60000)	NODE_1036_length_28428_cov_4.037982	35000	29	0.386067
(90,98)(19685,27901)(10000,60000)	NODE_1037_length_28403_cov_3.410260	35000	10	0.139360
(14,51)(10056,24619)(10000,60000)	NODE_1038_length_28401_cov_3.893859	35000	39	0.219873
(7,49)(10698,26520)(10000,60000)	NODE_1039_length_28400_cov_3.863220	35000	44	0.086319
(5,152)(11404,46739)(10000,60000)	NODE_103_length_46749_cov_3.696785	35000	149	0.067234
(13,112)(20395,27840)(10000,60000)	NODE_1040_length_28400_cov_3.310554	35000	101	0.075137
(16,35)(11549,26257)(10000,60000)	NODE_1041_length_28398_cov_3.581363	35000	21	0.348134
(19,70)(12115,27064)(10000,60000)	NODE_1043_length_28396_cov_3.864473	35000	53	0.066617
(1,6)(20546,27507)(10000,60000)	NODE_1044_length_28386_cov_3.335596	35000	7	0.502113
(125,533)(10003,24734)(10000,60000)	NODE_1045_length_28382_cov_3.769968	35000	410	0.079547
(3,7)(15979,17536)(10000,60000)	NODE_1046_length_28376_cov_3.732645	35000	6	0.416840
(4,7)(26176,26204)(20000,70000)	NODE_1047_length_28360_cov_3.458512	45000	5	0.012531
(10,29)(20219,27988)(20000,70000)	NODE_1049_length_28350_cov_3.501398	45000	21	0.143918
(156,602)(11238,46616)(10000,60000)	NODE_104_length_46715_cov_3.945491	35000	448	0.088351
(13,17)(18214,20674)(10000,60000)	NODE_1050_length_28346_cov_3.383722	35000	6	0.151916
(51,204)(10309,27208)(10000,60000)	NODE_1051_length_28336_cov_21.318200	35000	155	0.104568
(6,21)(10966,26511)(10000,60000)	NODE_1052_length_28330_cov_3.697212	35000	17	0.169851
(1,11)(27285,27504)(20000,70000)	NODE_1053_length_28329_cov_3.280871	45000	12	0.028952
(18,58)(10432,22599)(10000,60000)	NODE_1054_length_28327_cov_3.271893	35000	42	0.130413
(13,17)(12113,12246)(10000,60000)	NODE_1055_length_28320_cov_3.238369	35000	6	0.072142
(23,29)(13337,24314)(10000,60000)	NODE_1056_length_28316_cov_3.315165	35000	8	0.108011
(1,6)(12688,27780)(10000,60000)	NODE_1057_length_28294_cov_3.708601	35000	7	0.334751
(6,612)(17602,28229)(10000,60000)	NODE_1058_length_28285_cov_4.802029	35000	608	0.088561
(4,19)(20280,38749)(10000,60000)	NODE_105_length_46595_cov_4.374075	35000	17	0.361998
(21,34)(11299,23947)(10000,60000)	NODE_1060_length_28278_cov_3.752049	35000	15	0.308490
(14,37)(12244,27547)(10000,60000)	NODE_1061_length_28269_cov_3.948988	35000	25	0.244328
(10,56)(13929,28087)(10000,60000)	NODE_1062_length_28263_cov_3.487182	35000	48	0.258333
(2,53)(11846,27334)(10000,60000)	NODE_1063_length_28260_cov_3.450162	35000	53	0.230361
(15,20)(13212,23184)(10000,60000)	NODE_1064_length_28237_cov_3.576267	35000	7	0.118462
(12,28)(13406,27633)(10000,60000)	NODE_1065_length_28237_cov_3.335525	35000	18	0.130231
(5,10)(16686,21569)(10000,60000)	NODE_1066_length_28235_cov_3.991292	35000	7	0.367650
(6,59)(10729,27026)(10000,60000)	NODE_1067_length_28230_cov_3.886851	35000	55	0.083578
(19,87)(11885,27227)(10000,60000)	NODE_1068_length_28209_cov_3.536464	35000	70	0.099213
(43,88)(10000,26769)(10000,60000)	NODE_1069_length_28209_cov_3.509961	35000	47	0.138200
(5,91)(10500,41735)(10000,60000)	NODE_106_length_46410_cov_3.501587	35000	88	0.194068
(7,12)(10694,25357)(10000,60000)	NODE_1070_length_28184_cov_3.679580	35000	7	0.067820
(75,86)(11420,19785)(10000,60000)	NODE_1071_length_28176_cov_3.704491	35000	13	0.387758
(8,60)(12036,21217)(10000,60000)	NODE_1072_length_28176_cov_3.660184	35000	54	0.158937
(15,65)(10158,25955)(10000,60000)	NODE_1073_length_28176_cov_3.380418	35000	52	0.053217
(11,24)(15579,26903)(10000,60000)	NODE_1074_length_28172_cov_3.666156	35000	15	0.092840
(15,111)(18210,27049)(10000,60000)	NODE_1075_length_28172_cov_3.656859	35000	98	0.047658
(68,78)(12498,26593)(10000,60000)	NODE_1076_length_28172_cov_3.504862	35000	12	0.109767
(10,16)(18457,25547)(10000,60000)	NODE_1077_length_28172_cov_3.472554	35000	8	0.106280
(119,139)(14883,15023)(10000,60000)	NODE_1078_length_28159_cov_3.481646	35000	22	0.028907
(83,101)(16000,16867)(10000,60000)	NODE_1079_length_28144_cov_4.804564	35000	20	0.091633
(2,17)(22332,42590)(20000,70000)	NODE_107_length_46358_cov_3.828142	45000	17	0.226600
(13,32)(10030,22247)(10000,60000)	NODE_1080_length_28143_cov_4.150300	35000	21	0.316777
(9,18)(11882,25256)(10000,60000)	NODE_1081_length_28130_cov_3.763726	35000	11	0.125523
(34,80)(10065,21933)(10000,60000)	NODE_1083_length_28122_cov_3.522928	35000	48	0.164039
(17,30)(10735,27600)(10000,60000)	NODE_1084_length_28104_cov_3.508909	35000	15	0.092996
(2,108)(10725,27851)(10000,60000)	NODE_1085_length_28103_cov_3.809063	35000	108	0.170880
(32,168)(10124,23572)(10000,60000)	NODE_1086_length_28102_cov_3.260222	35000	138	0.060516
(6,22)(10676,24221)(10000,60000)	NODE_1087_length_28088_cov_3.494123	35000	18	0.173252
(135,173)(10186,13268)(10000,60000)	NODE_1088_length_28087_cov_3.725096	35000	40	0.052567
(20,54)(10387,25352)(10000,60000)	NODE_1089_length_28083_cov_3.489673	35000	36	0.241324
(3,33)(16167,39955)(10000,60000)	NODE_108_length_46346_cov_3.619910	35000	32	0.177586
(6,19)(13776,27100)(10000,60000)	NODE_1090_length_28071_cov_3.783534	35000	15	0.348585
(6,11)(15912,25983)(10000,60000)	NODE_1091_length_28055_cov_3.518207	35000	7	0.463171
(9,22)(10357,25412)(10000,60000)	NODE_1092_length_28048_cov_3.913378	35000	15	0.037672
(213,217)(14098,24988)(10000,60000)	NODE_1093_length_28043_cov_3.327405	35000	6	0.355652
(3,54)(10970,23769)(10000,60000)	NODE_1094_length_28041_cov_3.287238	35000	53	0.057309
(20,28)(10425,20929)(10000,60000)	NODE_1095_length_28038_cov_3.095744	35000	10	0.276220
(5,29)(13923,27612)(10000,60000)	NODE_1096_length_28028_cov_3.960650	35000	26	0.062180
(4,35)(13007,25020)(10000,60000)	NODE_1097_length_28026_cov_3.729581	35000	33	0.165970
(10,13)(21697,23739)(10000,60000)	NODE_1098_length_28020_cov_3.371727	35000	5	0.132610
(22,153)(11345,22147)(10000,60000)	NODE_1099_length_28010_cov_3.835083	35000	133	0.065798
(7,32)(13850,42289)(10000,60000)	NODE_109_length_46315_cov_3.793621	35000	27	0.173939
(3,92)(10819,59521)(10000,60000)	NODE_10_length_70150_cov_3.661732	35000	91	0.256864
(5,9)(10817,21053)(10000,60000)	NODE_1100_length_28008_cov_3.942098	35000	6	0.095792
(10,13)(26752,26853)(10000,60000)	NODE_1101_length_27975_cov_3.378605	35000	5	0.267360
(33,38)(14106,24883)(10000,60000)	NODE_1102_length_27970_cov_3.517994	35000	7	0.036594
(7,7)(10874,10874)(10000,60000)	NODE_1103_length_27962_cov_3.749453	35000	2	0.008951
(7,25)(11349,18513)(10000,60000)	NODE_1104_length_27957_cov_3.296109	35000	20	0.131223
(2,6)(20591,25972)(10000,60000)	NODE_1105_length_27936_cov_3.775766	35000	6	0.108616
(11,40)(14242,22105)(10000,60000)	NODE_1106_length_27929_cov_3.366116	35000	31	0.208475
(518,545)(12638,16736)(10000,60000)	NODE_1107_length_27901_cov_6.316092	35000	29	0.119332
(15,24)(26205,26393)(10000,60000)	NODE_1108_length_27899_cov_3.569856	35000	11	0.156244
(6,60)(13156,27779)(10000,60000)	NODE_1109_length_27878_cov_3.688830	35000	56	0.129816
(2,9)(16866,23022)(10000,60000)	NODE_110_length_46186_cov_3.757567	35000	9	0.123725
(15,98)(23962,25493)(10000,60000)	NODE_1110_length_27875_cov_3.295111	35000	85	0.068121
(20,31)(10940,18750)(10000,60000)	NODE_1111_length_27872_cov_3.492277	35000	13	0.133401
(37,44)(19421,22117)(10000,60000)	NODE_1112_length_27847_cov_3.203654	35000	9	0.301538
(10,50)(13355,26402)(10000,60000)	NODE_1113_length_27843_cov_3.584991	35000	42	0.240023
(7,18)(17080,23443)(10000,60000)	NODE_1114_length_27839_cov_3.775054	35000	13	0.162397
(8,18)(18387,25751)(10000,60000)	NODE_1116_length_27831_cov_3.355726	35000	12	0.073567
(12,37)(16215,25384)(10000,60000)	NODE_1117_length_27829_cov_3.514858	35000	27	0.287479
(6,167)(11330,26462)(10000,60000)	NODE_1118_length_27806_cov_3.433067	35000	163	0.042587
(57,100)(11031,25185)(10000,60000)	NODE_1119_length_27804_cov_3.265512	35000	45	0.063979
(35,150)(11346,39012)(10000,60000)	NODE_111_length_46104_cov_3.581915	35000	117	0.060604
(2,38)(13546,24538)(10000,60000)	NODE_1120_length_27804_cov_3.045660	35000	38	0.209434
(15,32)(10379,26096)(10000,60000)	NODE_1121_length_27798_cov_3.404022	35000	19	0.257533
(6,108)(11337,26139)(10000,60000)	NODE_1122_length_27796_cov_3.669495	35000	104	0.061527
(20,176)(12812,26192)(10000,60000)	NODE_1123_length_27794_cov_3.478534	35000	158	0.053203
(29,67)(11580,25218)(10000,60000)	NODE_1124_length_27782_cov_3.709966	35000	40	0.159562
(3,5)(14503,16676)(10000,60000)	NODE_1125_length_27781_cov_3.615021	35000	4	0.073529
(2,17)(14517,23527)(10000,60000)	NODE_1126_length_27779_cov_3.176481	35000	17	0.389755
(200,215)(11518,18707)(10000,60000)	NODE_1127_length_27776_cov_3.779420	35000	17	0.106131
(25,38)(17483,26180)(10000,60000)	NODE_1128_length_27760_cov_3.651567	35000	15	0.093166
(5,5)(21390,21390)(10000,60000)	NODE_1129_length_27751_cov_3.889556	35000	2	0.154876
(57,85)(11597,44486)(10000,60000)	NODE_112_length_46055_cov_3.964510	35000	30	0.138172
(2,27)(12876,26198)(10000,60000)	NODE_1130_length_27750_cov_3.924704	35000	27	0.130712
(4,5)(22061,22351)(10000,60000)	NODE_1131_length_27747_cov_3.611183	35000	3	0.009108
(3,24)(16220,20629)(10000,60000)	NODE_1132_length_27744_cov_3.724507	35000	23	0.242637
(1,102)(16075,27614)(10000,60000)	NODE_1133_length_27739_cov_4.007272	35000	103	0.034437
(14,38)(20142,27243)(20000,70000)	NODE_1135_length_27727_cov_3.478283	45000	26	0.143240
(9,63)(15915,26690)(10000,60000)	NODE_1137_length_27708_cov_3.999638	35000	56	0.093445
(6,29)(12851,26219)(10000,60000)	NODE_1138_length_27705_cov_3.294863	35000	25	0.176917
(3,32)(11021,27402)(10000,60000)	NODE_1139_length_27697_cov_3.811653	35000	31	0.087003
(7,16)(13574,35119)(10000,60000)	NODE_113_length_45986_cov_3.459455	35000	11	0.112377
(1,9)(13318,23076)(10000,60000)	NODE_1140_length_27681_cov_3.550721	35000	10	0.159573
(137,138)(25784,26596)(20000,70000)	NODE_1141_length_27677_cov_3.392994	45000	3	0.148900
(6,56)(16976,26168)(10000,60000)	NODE_1142_length_27673_cov_3.257344	35000	52	0.218547
(3,34)(16561,26636)(10000,60000)	NODE_1143_length_27667_cov_3.487631	35000	33	0.137436
(7,19)(18049,18340)(10000,60000)	NODE_1145_length_27664_cov_3.491819	35000	14	0.159248
(16,16)(16788,16788)(10000,60000)	NODE_1146_length_27660_cov_3.597983	35000	2	0.046502
(27,30)(22509,23506)(10000,60000)	NODE_1147_length_27654_cov_3.620214	35000	5	0.083899
(8,25)(15072,26808)(10000,60000)	NODE_1148_length_27652_cov_3.417486	35000	19	0.287944
(215,358)(12494,27111)(10000,60000)	NODE_1149_length_27651_cov_3.445630	35000	145	0.054919
(66,109)(21169,45055)(20000,70000)	NODE_114_length_45855_cov_3.896691	45000	45	0.117967
(24,30)(11307,27148)(10000,60000)	NODE_1150_length_27649_cov_4.857822	35000	8	0.110535
(9,21)(10185,21099)(10000,60000)	NODE_1151_length_27648_cov_3.518567	35000	14	0.225782
(9,118)(10969,27548)(10000,60000)	NODE_1152_length_27646_cov_3.747559	35000	111	0.062402
(42,178)(23685,26812)(10000,60000)	NODE_1153_length_27641_cov_3.124828	35000	138	0.046530
(6,30)(22424,25970)(10000,60000)	NODE_1154_length_27640_cov_3.119386	35000	26	0.129393
(7,10)(18126,25725)(10000,60000)	NODE_1155_length_27637_cov_3.601496	35000	5	0.190346
(1,2)(21641,21643)(10000,60000)	NODE_1156_length_27631_cov_3.838697	35000	3	0.109515
(11,11)(25602,25602)(10000,60000)	NODE_1157_length_27630_cov_3.433148	35000	2	0.166047
(3,10)(20462,25043)(20000,70000)	NODE_1158_length_27621_cov_3.746821	45000	9	0.340992
(5,18)(10610,16991)(10000,60000)	NODE_1159_length_27617_cov_3.857366	35000	15	0.116138
(3,38)(10533,32391)(10000,60000)	NODE_115_length_45814_cov_3.603106	35000	37	0.173021
(1,1)(22939,22939)(10000,60000)	NODE_1160_length_27612_cov_3.361429	35000	2	0.074940
(19,33)(12399,23103)(10000,60000)	NODE_1161_length_27611_cov_3.431666	35000	16	0.096906
(1050,1247)(10079,25527)(10000,60000)	NODE_1162_length_27605_cov_4.986621	35000	199	0.062657
(42,51)(25222,26701)(20000,70000)	NODE_1163_length_27603_cov_3.382090	45000	11	0.042693
(8,63)(10180,26213)(10000,60000)	NODE_1164_length_27579_cov_3.689265	35000	57	0.127971
(2,3)(25227,25232)(10000,60000)	NODE_1165_length_27571_cov_3.548267	35000	3	0.095246
(38,79)(10120,27170)(10000,60000)	NODE_1166_length_27567_cov_3.729940	35000	43	0.275715
(1,10)(11105,21220)(10000,60000)	NODE_1167_length_27563_cov_3.766203	35000	11	0.169684
(5,25)(16286,22091)(10000,60000)	NODE_1168_length_27558_cov_3.399942	35000	22	0.089666
(140,157)(12846,26308)(10000,60000)	NODE_116_length_45728_cov_3.788797	35000	19	0.148785
(5,9)(15078,20807)(10000,60000)	NODE_1170_length_27547_cov_3.450379	35000	6	0.079390
(59,59)(15876,15876)(10000,60000)	NODE_1171_length_27544_cov_3.228493	35000	2	0.013424
(1,29)(10242,22615)(10000,60000)	NODE_1172_length_27538_cov_3.953096	35000	30	0.334746
(3,18)(18138,26813)(10000,60000)	NODE_1173_length_27537_cov_3.381041	35000	17	0.106914
(3,11)(12216,21356)(10000,60000)	NODE_1174_length_27515_cov_3.768165	35000	10	0.500426
(14,19)(11204,18536)(10000,60000)	NODE_1175_length_27515_cov_3.703458	35000	7	0.133916
(2,88)(10638,25559)(10000,60000)	NODE_1176_length_27508_cov_3.209019	35000	88	0.069712
(23,23)(26491,26491)(10000,60000)	NODE_1177_length_27492_cov_3.760523	35000	2	0.050820
(11,99)(10948,25925)(10000,60000)	NODE_1178_length_27483_cov_3.257084	35000	90	0.056657
(36,38)(17299,24356)(10000,60000)	NODE_1179_length_27479_cov_3.615814	35000	4	0.113091
(1,4)(16536,39365)(10000,60000)	NODE_117_length_45685_cov_3.779340	35000	5	0.031454
(10,29)(11821,25570)(10000,60000)	NODE_1180_length_27473_cov_3.373676	35000	21	0.237299
(8,11)(11948,18894)(10000,60000)	NODE_1181_length_27462_cov_3.794723	35000	5	0.128802
(4,42)(12083,27381)(10000,60000)	NODE_1182_length_27450_cov_3.211766	35000	40	0.243400
(33,42)(13766,21651)(10000,60000)	NODE_1183_length_27449_cov_3.639013	35000	11	0.191874
(137,154)(10766,27359)(10000,60000)	NODE_1184_length_27441_cov_3.633823	35000	19	0.146044
(9,176)(13197,27406)(10000,60000)	NODE_1185_length_27436_cov_3.501591	35000	169	0.065625
(45,66)(16361,24164)(10000,60000)	NODE_1186_length_27432_cov_3.175539	35000	23	0.202714
(4,8)(13783,26889)(10000,60000)	NODE_1187_length_27425_cov_3.169655	35000	6	0.050492
(4,8)(11895,20201)(10000,60000)	NODE_1188_length_27423_cov_3.655248	35000	6	0.313353
(10,75)(10585,25937)(10000,60000)	NODE_1189_length_27409_cov_3.692237	35000	67	0.041622
(4,31)(10703,40329)(10000,60000)	NODE_118_length_45643_cov_3.668957	35000	29	0.078213
(170,305)(12966,26957)(10000,60000)	NODE_1190_length_27409_cov_3.594691	35000	137	0.099385
(5,51)(11849,24281)(10000,60000)	NODE_1192_length_27407_cov_3.223414	35000	48	0.112613
(17,24)(11133,22314)(10000,60000)	NODE_1193_length_27404_cov_3.487127	35000	9	0.187014
(7,23)(12133,25296)(10000,60000)	NODE_1194_length_27392_cov_3.518118	35000	18	0.194615
(15,58)(10592,25874)(10000,60000)	NODE_1196_length_27364_cov_3.469686	35000	45	0.052312
(1,12)(10536,21735)(10000,60000)	NODE_1197_length_27353_cov_3.708410	35000	13	0.179372
(5,18)(13394,21052)(10000,60000)	NODE_1199_length_27348_cov_3.406731	35000	15	0.284310
(16,88)(11749,45471)(10000,60000)	NODE_119_length_45487_cov_3.639861	35000	74	0.105274
(4,112)(22042,67627)(20000,70000)	NODE_11_length_69074_cov_3.575571	45000	110	0.193348
(4,125)(12555,26307)(10000,60000)	NODE_1200_length_27344_cov_3.341714	35000	123	0.081932
(660,665)(14495,23897)(10000,60000)	NODE_1201_length_27343_cov_6.441822	35000	7	0.352213
(2,36)(10466,24947)(10000,60000)	NODE_1202_length_27333_cov_3.550084	35000	36	0.186655
(146,168)(13908,17941)(10000,60000)	NODE_1203_length_27324_cov_3.147107	35000	24	0.132945
(8,25)(11280,24719)(10000,60000)	NODE_1204_length_27314_cov_3.533382	35000	19	0.135003
(1,5)(15056,27296)(10000,60000)	NODE_1205_length_27298_cov_3.876356	35000	6	0.405024
(9,9)(20586,20586)(10000,60000)	NODE_1206_length_27294_cov_3.469829	35000	2	0.010132
(14,16)(24778,26225)(10000,60000)	NODE_1207_length_27288_cov_3.534885	35000	4	0.433249
(5,62)(15010,27235)(10000,60000)	NODE_1208_length_27278_cov_3.410758	35000	59	0.198740
(80,84)(21153,24919)(20000,70000)	NODE_1209_length_27273_cov_3.050857	45000	6	0.062863
(36,57)(10380,44628)(10000,60000)	NODE_120_length_45471_cov_5.232500	35000	23	0.242769
(9,28)(15650,25911)(10000,60000)	NODE_1210_length_27265_cov_3.613782	35000	21	0.431924
(43,63)(15575,19142)(10000,60000)	NODE_1211_length_27263_cov_3.613128	35000	22	0.102524
(4,16)(17334,26893)(10000,60000)	NODE_1212_length_27255_cov_3.565768	35000	14	0.292580
(1,35)(17282,23191)(10000,60000)	NODE_1213_length_27242_cov_3.425524	35000	36	0.180376
(98,123)(11270,22116)(10000,60000)	NODE_1214_length_27237_cov_3.511939	35000	27	0.230264
(17,46)(10902,18324)(10000,60000)	NODE_1216_length_27228_cov_3.355302	35000	31	0.177017
(7,18)(10990,21926)(10000,60000)	NODE_1217_length_27227_cov_3.825826	35000	13	0.429552
(10,24)(10549,23981)(10000,60000)	NODE_1218_length_27227_cov_3.263381	35000	16	0.301829
(2,21)(11174,26427)(10000,60000)	NODE_1219_length_27224_cov_3.944590	35000	21	0.174149
(6,77)(29503,42702)(10000,60000)	NODE_121_length_45403_cov_3.419764	35000	73	0.164529
(4,23)(13628,20874)(10000,60000)	NODE_1220_length_27222_cov_3.688383	35000	21	0.282606
(3,67)(14040,21777)(10000,60000)	NODE_1221_length_27222_cov_3.610699	35000	66	0.120631
(24,148)(14287,27149)(10000,60000)	NODE_1222_length_27220_cov_3.260794	35000	126	0.080681
(57,84)(10886,19738)(10000,60000)	NODE_1223_length_27218_cov_3.051477	35000	29	0.093800
(24,25)(16571,16588)(10000,60000)	NODE_1224_length_27217_cov_3.030386	35000	3	0.047924
(4,36)(20567,26010)(20000,70000)	NODE_1225_length_27214_cov_3.479071	45000	34	0.071275
(2,4)(10229,13968)(10000,60000)	NODE_1226_length_27209_cov_3.427554	35000	4	0.063555
(2,6)(15714,17996)(10000,60000)	NODE_1227_length_27201_cov_3.868017	35000	6	0.401579
(98,111)(12818,21224)(10000,60000)	NODE_1228_length_27197_cov_3.409514	35000	15	0.292349
(70,207)(24729,27189)(20000,70000)	NODE_1229_length_27194_cov_3.471563	45000	139	0.070807
(16,39)(18539,43494)(10000,60000)	NODE_122_length_45330_cov_3.460260	35000	25	0.202986
(4,212)(14077,24509)(10000,60000)	NODE_1230_length_27182_cov_3.131595	35000	210	0.067616
(10,12)(20918,23248)(20000,70000)	NODE_1231_length_27179_cov_3.707238	45000	4	0.221940
(9,17)(11968,25332)(10000,60000)	NODE_1232_length_27177_cov_3.902172	35000	10	0.187019
(5,11)(26645,26919)(20000,70000)	NODE_1233_length_27162_cov_3.314932	45000	8	0.369950
(72,141)(14329,27137)(10000,60000)	NODE_1234_length_27157_cov_3.276517	35000	71	0.033360
(1,20)(12633,15735)(10000,60000)	NODE_1235_length_27145_cov_2.960401	35000	21	0.030619
(39,76)(14874,23760)(10000,60000)	NODE_1236_length_27134_cov_3.268911	35000	39	0.063085
(12,14)(21440,23006)(20000,70000)	NODE_1238_length_27119_cov_3.093523	45000	4	0.157761
(1,4)(13749,21730)(10000,60000)	NODE_1239_length_27112_cov_3.596824	35000	5	0.078369
(7,25)(14566,39056)(10000,60000)	NODE_123_length_45325_cov_3.673064	35000	20	0.100731
(12,15)(24087,24148)(10000,60000)	NODE_1240_length_27081_cov_3.657253	35000	5	0.058927
(61,70)(13268,17412)(10000,60000)	NODE_1242_length_27058_cov_3.832709	35000	11	0.240598
(15,65)(21246,24484)(20000,70000)	NODE_1243_length_27058_cov_3.508661	45000	52	0.153703
(8,17)(10360,25636)(10000,60000)	NODE_1244_length_27051_cov_3.855076	35000	11	0.487670
(7,14)(12014,25046)(10000,60000)	NODE_1245_length_27050_cov_3.836555	35000	9	0.352611
(17,30)(12283,26379)(10000,60000)	NODE_1246_length_27049_cov_3.483377	35000	15	0.167613
(2,7)(12419,18133)(10000,60000)	NODE_1247_length_27040_cov_3.472328	35000	7	0.440095
(10,27)(11254,20852)(10000,60000)	NODE_1248_length_27039_cov_3.815999	35000	19	0.148233
(7,87)(21958,24634)(10000,60000)	NODE_1249_length_27034_cov_3.479413	35000	82	0.088078
(122,136)(19290,39015)(10000,60000)	NODE_124_length_45263_cov_3.763462	35000	16	0.137563
(9,27)(20176,26280)(20000,70000)	NODE_1250_length_27027_cov_3.379085	45000	20	0.156812
(5,34)(12594,23567)(10000,60000)	NODE_1251_length_27016_cov_3.474087	35000	31	0.165568
(29,146)(10601,26891)(10000,60000)	NODE_1252_length_27007_cov_3.269883	35000	119	0.050832
(19,36)(14087,22841)(10000,60000)	NODE_1253_length_27006_cov_3.558962	35000	19	0.161968
(13,23)(11697,23981)(10000,60000)	NODE_1254_length_26997_cov_3.671574	35000	12	0.410708
(4,60)(14135,24557)(10000,60000)	NODE_1255_length_26997_cov_3.373708	35000	58	0.080816
(5,28)(10175,24469)(10000,60000)	NODE_1256_length_26980_cov_3.927607	35000	25	0.292936
(9,14)(16328,25066)(10000,60000)	NODE_1257_length_26975_cov_3.702039	35000	7	0.171042
(14,52)(11258,24539)(10000,60000)	NODE_1258_length_26965_cov_3.886771	35000	40	0.269359
(10,137)(12544,24919)(10000,60000)	NODE_1259_length_26961_cov_3.629886	35000	129	0.064410
(23,29)(30313,38787)(20000,70000)	NODE_125_length_45261_cov_5.989814	45000	8	0.055955
(2,15)(14737,26020)(10000,60000)	NODE_1260_length_26961_cov_3.525985	35000	15	0.344113
(7,36)(12094,18806)(10000,60000)	NODE_1261_length_26959_cov_3.858302	35000	31	0.330500
(6,6)(16803,16803)(10000,60000)	NODE_1262_length_26959_cov_3.495011	35000	2	0.010959
(6,9)(16626,19402)(10000,60000)	NODE_1263_length_26955_cov_3.612452	35000	5	0.186924
(2,10)(23009,25589)(10000,60000)	NODE_1264_length_26954_cov_3.306349	35000	10	0.374692
(7,36)(15846,23285)(10000,60000)	NODE_1265_length_26941_cov_3.165859	35000	31	0.077556
(2,14)(11216,26023)(10000,60000)	NODE_1266_length_26938_cov_3.599762	35000	14	0.302146
(56,63)(11901,26615)(10000,60000)	NODE_1267_length_26920_cov_3.418180	35000	9	0.201307
(20,34)(16179,22740)(10000,60000)	NODE_1268_length_26919_cov_3.328188	35000	16	0.382460
(4,37)(10353,26071)(10000,60000)	NODE_1269_length_26905_cov_3.277811	35000	35	0.202188
(3,100)(10701,43588)(10000,60000)	NODE_126_length_45242_cov_4.606030	35000	99	0.119048
(33,40)(12236,21058)(10000,60000)	NODE_1270_length_26899_cov_3.448246	35000	9	0.308724
(5,16)(16147,25369)(10000,60000)	NODE_1271_length_26888_cov_3.429878	35000	13	0.132499
(1133,2072)(10000,26375)(10000,60000)	NODE_1272_length_26871_cov_6.895861	35000	941	0.053322
(2,17)(18287,25135)(10000,60000)	NODE_1273_length_26850_cov_3.083174	35000	17	0.136744
(1,107)(11112,25678)(10000,60000)	NODE_1274_length_26845_cov_3.176998	35000	108	0.062213
(2,14)(11153,19308)(10000,60000)	NODE_1275_length_26832_cov_3.682378	35000	14	0.276149
(51,87)(13566,26514)(10000,60000)	NODE_1276_length_26829_cov_3.559746	35000	38	0.161177
(4,7)(20509,20530)(20000,70000)	NODE_1278_length_26816_cov_3.259573	45000	5	0.052565
(36,46)(12538,22170)(10000,60000)	NODE_1279_length_26813_cov_3.735944	35000	12	0.109023
(6,43)(20767,43311)(20000,70000)	NODE_127_length_45191_cov_3.584006	45000	39	0.110828
(1,70)(12463,24979)(10000,60000)	NODE_1280_length_26809_cov_3.636129	35000	71	0.062494
(11,53)(10880,20237)(10000,60000)	NODE_1281_length_26808_cov_3.548280	35000	44	0.253968
(1,6)(14772,26665)(10000,60000)	NODE_1282_length_26804_cov_3.968321	35000	7	0.089722
(3,19)(12929,25518)(10000,60000)	NODE_1283_length_26803_cov_3.382527	35000	18	0.075702
(42,394)(12225,26592)(10000,60000)	NODE_1284_length_26795_cov_3.174333	35000	354	0.084071
(7,10)(22790,24479)(10000,60000)	NODE_1285_length_26785_cov_3.731545	35000	5	0.174347
(7,22)(10461,20277)(10000,60000)	NODE_1286_length_26782_cov_2.941386	35000	17	0.207505
(34,97)(16094,16600)(10000,60000)	NODE_1287_length_26773_cov_3.666642	35000	65	0.043548
(22,174)(10493,26667)(10000,60000)	NODE_1288_length_26772_cov_3.186893	35000	154	0.052907
(83,140)(10296,23937)(10000,60000)	NODE_1289_length_26763_cov_3.222810	35000	59	0.145552
(120,323)(10947,42252)(10000,60000)	NODE_128_length_45079_cov_3.165296	35000	205	0.058882
(10,16)(12277,25399)(10000,60000)	NODE_1290_length_26762_cov_3.683757	35000	8	0.425264
(3,6)(19437,26001)(10000,60000)	NODE_1291_length_26757_cov_3.392715	35000	5	0.117768
(6,40)(10691,26414)(10000,60000)	NODE_1292_length_26755_cov_3.507766	35000	36	0.247269
(69,93)(10746,24406)(10000,60000)	NODE_1293_length_26755_cov_3.414016	35000	26	0.218190
(9,17)(13692,24356)(10000,60000)	NODE_1295_length_26727_cov_3.745569	35000	10	0.307050
(22,241)(10099,26543)(10000,60000)	NODE_1296_length_26726_cov_3.886732	35000	221	0.090042
(1,26)(10143,25226)(10000,60000)	NODE_1297_length_26721_cov_3.593081	35000	27	0.425385
(7,31)(13625,24221)(10000,60000)	NODE_1298_length_26721_cov_3.404252	35000	26	0.314344
(14,32)(10003,26455)(10000,60000)	NODE_1299_length_26717_cov_3.870088	35000	20	0.341775
(15,26)(28863,44817)(20000,70000)	NODE_129_length_45051_cov_3.377202	45000	13	0.269901
(76,136)(10488,57573)(10000,60000)	NODE_12_length_68210_cov_3.690256	35000	62	0.147660
(13,22)(10262,19072)(10000,60000)	NODE_1300_length_26700_cov_3.528364	35000	11	0.438909
(3,6)(12178,19881)(10000,60000)	NODE_1301_length_26692_cov_4.080284	35000	5	0.103153
(12,15)(24762,25267)(10000,60000)	NODE_1302_length_26674_cov_4.127112	35000	5	0.458494
(7,9)(25837,26045)(10000,60000)	NODE_1303_length_26674_cov_3.386679	35000	4	0.124934
(7,12)(10874,19069)(10000,60000)	NODE_1304_length_26670_cov_3.421926	35000	7	0.023349
(2,46)(10986,26500)(10000,60000)	NODE_1306_length_26640_cov_3.388003	35000	46	0.324103
(29,36)(16004,21096)(10000,60000)	NODE_1307_length_26637_cov_3.719346	35000	9	0.067529
(62,72)(11811,25088)(10000,60000)	NODE_1308_length_26635_cov_3.472000	35000	12	0.119020
(13,31)(14550,22462)(10000,60000)	NODE_1309_length_26628_cov_3.558332	35000	20	0.038051
(6,28)(10241,40367)(10000,60000)	NODE_130_length_44892_cov_3.676356	35000	24	0.339621
(10,65)(12723,25924)(10000,60000)	NODE_1310_length_26619_cov_3.428130	35000	57	0.122474
(37,42)(10796,20751)(10000,60000)	NODE_1311_length_26612_cov_5.046392	35000	7	0.139750
(5,20)(16159,25846)(10000,60000)	NODE_1312_length_26612_cov_3.469883	35000	17	0.339862
(10,15)(10740,19681)(10000,60000)	NODE_1313_length_26598_cov_3.789464	35000	7	0.099032
(2,60)(14520,26517)(10000,60000)	NODE_1314_length_26596_cov_4.060611	35000	60	0.063201
(5,194)(13606,22062)(10000,60000)	NODE_1315_length_26591_cov_5.352748	35000	191	0.110981
(26,35)(13297,21348)(10000,60000)	NODE_1316_length_26569_cov_3.909369	35000	11	0.070335
(60,68)(16190,21816)(10000,60000)	NODE_1317_length_26564_cov_3.490308	35000	10	0.315823
(1,29)(10371,25180)(10000,60000)	NODE_1318_length_26550_cov_3.641223	35000	30	0.173206
(3,6)(11196,26256)(10000,60000)	NODE_1319_length_26548_cov_3.258157	35000	5	0.057548
(4,185)(13615,38208)(10000,60000)	NODE_131_length_44884_cov_3.879424	35000	183	0.088923
(305,340)(15278,26519)(10000,60000)	NODE_1320_length_26547_cov_3.567793	35000	37	0.118120
(4,14)(17898,22667)(10000,60000)	NODE_1321_length_26540_cov_3.518853	35000	12	0.081939
(3,3)(21295,21295)(10000,60000)	NODE_1322_length_26538_cov_3.539166	35000	2	0.470889
(10,38)(12172,26535)(10000,60000)	NODE_1323_length_26537_cov_3.575876	35000	30	0.104627
(3,65)(12519,25658)(10000,60000)	NODE_1324_length_26528_cov_3.116198	35000	64	0.074092
(33,70)(11322,25699)(10000,60000)	NODE_1325_length_26519_cov_3.566162	35000	39	0.102128
(84,87)(14170,18367)(10000,60000)	NODE_1326_length_26517_cov_3.592172	35000	5	0.155241
(15,30)(10318,13036)(10000,60000)	NODE_1327_length_26517_cov_3.441782	35000	17	0.245034
(24,49)(13400,24620)(10000,60000)	NODE_1328_length_26516_cov_3.439490	35000	27	0.383154
(13,15)(14120,14147)(10000,60000)	NODE_1329_length_26515_cov_3.697759	35000	4	0.029289
(22,65)(11949,44632)(10000,60000)	NODE_132_length_44822_cov_3.699774	35000	45	0.286395
(20,37)(11933,25127)(10000,60000)	NODE_1330_length_26515_cov_3.181481	35000	19	0.059313
(39,206)(14391,23439)(10000,60000)	NODE_1331_length_26514_cov_3.218626	35000	169	0.053987
(3,10)(11239,20253)(10000,60000)	NODE_1332_length_26512_cov_3.273994	35000	9	0.155602
(42,58)(19416,25473)(10000,60000)	NODE_1333_length_26510_cov_3.934005	35000	18	0.452318
(25,29)(13941,17199)(10000,60000)	NODE_1334_length_26507_cov_3.818426	35000	6	0.535149
(5,161)(11933,26255)(10000,60000)	NODE_1335_length_26506_cov_3.801530	35000	158	0.079579
(1,11)(15676,20148)(10000,60000)	NODE_1336_length_26506_cov_3.534707	35000	12	0.149922
(6,9)(11144,23420)(10000,60000)	NODE_1337_length_26496_cov_3.872523	35000	5	0.120244
(3,9)(15073,23403)(10000,60000)	NODE_1338_length_26486_cov_3.653238	35000	8	0.138389
(29,176)(11031,25008)(10000,60000)	NODE_1339_length_26475_cov_3.788937	35000	149	0.066657
(3,129)(18162,37322)(10000,60000)	NODE_133_length_44813_cov_3.744085	35000	128	0.063452
(5,397)(12817,25515)(10000,60000)	NODE_1340_length_26469_cov_3.830110	35000	394	0.071280
(15,19)(14976,14998)(10000,60000)	NODE_1341_length_26455_cov_4.125247	35000	6	0.122076
(169,195)(15410,23350)(10000,60000)	NODE_1342_length_26455_cov_3.289687	35000	28	0.232655
(15,19)(14575,20583)(10000,60000)	NODE_1343_length_26431_cov_3.459897	35000	6	0.077965
(19,63)(14501,19184)(10000,60000)	NODE_1344_length_26430_cov_3.394516	35000	46	0.088561
(18,76)(11716,25176)(10000,60000)	NODE_1345_length_26392_cov_3.219450	35000	60	0.156059
(8,21)(18061,23659)(10000,60000)	NODE_1346_length_26390_cov_3.411662	35000	15	0.052345
(12,510)(20887,26248)(20000,70000)	NODE_1347_length_26389_cov_4.929973	45000	500	0.132803
(10,96)(13394,24926)(10000,60000)	NODE_1348_length_26379_cov_3.589155	35000	88	0.068185
(10,26)(10002,25683)(10000,60000)	NODE_1349_length_26376_cov_3.697911	35000	18	0.067919
(3,69)(10308,37460)(10000,60000)	NODE_134_length_44775_cov_3.683096	35000	68	0.191108
(6,16)(11201,25330)(10000,60000)	NODE_1350_length_26376_cov_3.193667	35000	12	0.053844
(8,30)(11657,25869)(10000,60000)	NODE_1351_length_26370_cov_3.313083	35000	24	0.135865
(20,66)(10099,24745)(10000,60000)	NODE_1352_length_26365_cov_3.657923	35000	48	0.197664
(16,35)(12547,21994)(10000,60000)	NODE_1353_length_26353_cov_3.730593	35000	21	0.184007
(9,66)(10914,24989)(10000,60000)	NODE_1354_length_26327_cov_3.895036	35000	59	0.194208
(7,10)(13266,23074)(10000,60000)	NODE_1355_length_26325_cov_3.522039	35000	5	0.141714
(7,23)(15132,24269)(10000,60000)	NODE_1356_length_26313_cov_3.816396	35000	18	0.127144
(11,1169)(13717,26238)(10000,60000)	NODE_1357_length_26311_cov_6.751068	35000	1160	0.077900
(68,102)(15163,24269)(10000,60000)	NODE_1358_length_26310_cov_3.440960	35000	36	0.190848
(14,23)(18333,18387)(10000,60000)	NODE_1359_length_26308_cov_3.504254	35000	11	0.337977
(175,181)(11610,39020)(10000,60000)	NODE_135_length_44762_cov_3.527887	35000	8	0.224516
(41,55)(16924,25575)(10000,60000)	NODE_1360_length_26304_cov_3.622438	35000	16	0.062993
(25,35)(13038,25317)(10000,60000)	NODE_1361_length_26303_cov_3.229431	35000	12	0.166905
(10,40)(11339,25914)(10000,60000)	NODE_1362_length_26300_cov_3.563757	35000	32	0.282683
(6,50)(10234,25329)(10000,60000)	NODE_1363_length_26299_cov_3.374198	35000	46	0.104742
(13,62)(10438,26244)(10000,60000)	NODE_1364_length_26295_cov_3.710872	35000	51	0.035291
(7,25)(11836,23785)(10000,60000)	NODE_1365_length_26279_cov_3.576203	35000	20	0.225062
(3,31)(12598,25740)(10000,60000)	NODE_1366_length_26277_cov_3.147910	35000	30	0.189948
(7,24)(10846,20384)(10000,60000)	NODE_1367_length_26265_cov_3.615914	35000	19	0.124918
(4,27)(10568,24142)(10000,60000)	NODE_1368_length_26264_cov_3.371565	35000	25	0.270434
(2,19)(20485,25467)(10000,60000)	NODE_1369_length_26262_cov_3.714635	35000	19	0.055924
(5,64)(20289,40609)(10000,60000)	NODE_136_length_44741_cov_3.447583	35000	61	0.131995
(13,28)(15866,25333)(10000,60000)	NODE_1370_length_26260_cov_3.728298	35000	17	0.299281
(23,54)(10815,25478)(10000,60000)	NODE_1371_length_26259_cov_3.986927	35000	33	0.112778
(112,209)(12309,25952)(10000,60000)	NODE_1373_length_26235_cov_3.992386	35000	99	0.129790
(8,18)(13012,23144)(10000,60000)	NODE_1374_length_26231_cov_3.240433	35000	12	0.247789
(5,19)(15479,23444)(10000,60000)	NODE_1375_length_26224_cov_3.649455	35000	16	0.172200
(110,112)(11325,21101)(10000,60000)	NODE_1376_length_26219_cov_3.444985	35000	4	0.122308
(7,158)(12031,15958)(10000,60000)	NODE_1377_length_26216_cov_4.152238	35000	153	0.102545
(4,50)(12769,25691)(10000,60000)	NODE_1378_length_26215_cov_3.697580	35000	48	0.160695
(419,1457)(10073,25572)(10000,60000)	NODE_1379_length_26213_cov_3.739335	35000	1040	0.067176
(14,40)(10100,43583)(10000,60000)	NODE_137_length_44682_cov_3.434605	35000	28	0.228764
(145,210)(13353,25552)(10000,60000)	NODE_1380_length_26213_cov_3.363177	35000	67	0.096842
(119,248)(11313,25820)(10000,60000)	NODE_1381_length_26211_cov_4.198032	35000	131	0.052974
(3,7)(10916,24123)(10000,60000)	NODE_1382_length_26207_cov_3.992684	35000	6	0.312541
(24,25)(21946,25332)(20000,70000)	NODE_1383_length_26201_cov_3.644931	45000	3	0.105886
(1,36)(14934,24947)(10000,60000)	NODE_1384_length_26196_cov_3.573706	35000	37	0.242140
(1,6)(23465,24694)(10000,60000)	NODE_1385_length_26195_cov_3.765328	35000	7	0.156946
(33,142)(13162,15610)(10000,60000)	NODE_1386_length_26182_cov_3.429360	35000	111	0.080680
(3,35)(10324,16941)(10000,60000)	NODE_1387_length_26166_cov_3.346108	35000	34	0.121198
(34,190)(12820,25204)(10000,60000)	NODE_1388_length_26161_cov_3.247372	35000	158	0.055731
(7,24)(12897,25384)(10000,60000)	NODE_1389_length_26156_cov_3.629505	35000	19	0.254169
(4,59)(10156,42183)(10000,60000)	NODE_138_length_44611_cov_4.208169	35000	57	0.283886
(8,25)(14358,25841)(10000,60000)	NODE_1390_length_26153_cov_3.469602	35000	19	0.123190
(6,36)(12358,23946)(10000,60000)	NODE_1391_length_26152_cov_3.200284	35000	32	0.139563
(1,130)(10462,23182)(10000,60000)	NODE_1392_length_26146_cov_3.478212	35000	131	0.048888
(3,28)(10261,25919)(10000,60000)	NODE_1393_length_26145_cov_3.721838	35000	27	0.121509
(54,61)(13224,22742)(10000,60000)	NODE_1394_length_26144_cov_3.502246	35000	9	0.264087
(54,71)(11911,24733)(10000,60000)	NODE_1395_length_26141_cov_3.624875	35000	19	0.204237
(45,48)(26016,26033)(20000,70000)	NODE_1396_length_26132_cov_3.434372	45000	5	0.027068
(10,134)(18848,22934)(10000,60000)	NODE_1397_length_26131_cov_3.563883	35000	126	0.067032
(7,179)(10384,23722)(10000,60000)	NODE_1398_length_26119_cov_3.332859	35000	174	0.064430
(9,12)(25844,39299)(10000,60000)	NODE_139_length_44511_cov_3.867513	35000	5	0.038966
(113,311)(12286,59505)(10000,60000)	NODE_13_length_68114_cov_3.343174	35000	200	0.123099
(6,11)(17879,20961)(10000,60000)	NODE_1400_length_26104_cov_3.552317	35000	7	0.136642
(6,19)(10536,22266)(10000,60000)	NODE_1401_length_26104_cov_3.449221	35000	15	0.059604
(13,21)(14796,25888)(10000,60000)	NODE_1402_length_26103_cov_3.751500	35000	10	0.091012
(19,165)(13950,25496)(10000,60000)	NODE_1404_length_26088_cov_3.276463	35000	148	0.050427
(10,12)(20491,20535)(10000,60000)	NODE_1405_length_26082_cov_3.365855	35000	4	0.183678
(5,6)(18428,18441)(10000,60000)	NODE_1406_length_26076_cov_3.616584	35000	3	0.035816
(2,3)(15821,18339)(10000,60000)	NODE_1407_length_26071_cov_4.245495	35000	3	0.589509
(15,17)(23133,23147)(20000,70000)	NODE_1408_length_26063_cov_3.327839	45000	4	0.062842
(5,54)(15570,23234)(10000,60000)	NODE_1409_length_26060_cov_3.451947	35000	51	0.114382
(4,90)(10257,42611)(10000,60000)	NODE_140_length_44451_cov_3.709641	35000	88	0.238161
(1,23)(12007,25783)(10000,60000)	NODE_1410_length_26059_cov_3.210940	35000	24	0.151503
(17,31)(10653,21277)(10000,60000)	NODE_1411_length_26057_cov_3.844711	35000	16	0.140633
(11,26)(10592,23562)(10000,60000)	NODE_1412_length_26048_cov_4.035994	35000	17	0.089862
(3,44)(11735,26036)(10000,60000)	NODE_1413_length_26039_cov_3.371781	35000	43	0.094266
(214,239)(25572,25622)(10000,60000)	NODE_1414_length_26026_cov_3.330621	35000	27	0.042124
(21,33)(11269,22803)(10000,60000)	NODE_1415_length_26022_cov_3.697064	35000	14	0.106519
(28,44)(11190,24359)(10000,60000)	NODE_1416_length_26014_cov_3.754968	35000	18	0.275007
(82,86)(14472,17969)(10000,60000)	NODE_1418_length_26008_cov_3.814003	35000	6	0.116238
(249,263)(10489,25696)(10000,60000)	NODE_1419_length_26006_cov_3.494847	35000	16	0.174874
(3,29)(13465,37680)(10000,60000)	NODE_141_length_44334_cov_3.795547	35000	28	0.147877
(101,109)(18184,25942)(10000,60000)	NODE_1420_length_26003_cov_3.424761	35000	10	0.059963
(11,22)(11774,25810)(10000,60000)	NODE_1422_length_25996_cov_3.577982	35000	13	0.333590
(11,17)(20045,24081)(20000,70000)	NODE_1423_length_25991_cov_3.779005	45000	8	0.394108
(57,138)(12153,23012)(10000,60000)	NODE_1424_length_25990_cov_3.403538	35000	83	0.108912
(6,18)(13782,19291)(10000,60000)	NODE_1425_length_25986_cov_3.796114	35000	14	0.085054
(37,46)(15324,19931)(10000,60000)	NODE_1426_length_25986_cov_3.608027	35000	11	0.196920
(4,32)(13220,25369)(10000,60000)	NODE_1427_length_25981_cov_3.620508	35000	30	0.101446
(12,33)(10962,20676)(10000,60000)	NODE_1428_length_25972_cov_4.008580	35000	23	0.129663
(5,163)(12630,25389)(10000,60000)	NODE_1429_length_25970_cov_4.166016	35000	160	0.190290
(2,38)(12339,38922)(10000,60000)	NODE_142_length_44290_cov_3.865289	35000	38	0.269734
(7,17)(21570,25890)(10000,60000)	NODE_1430_length_25970_cov_3.623323	35000	12	0.242919
(1,14)(15049,25061)(10000,60000)	NODE_1431_length_25966_cov_4.131944	35000	15	0.235704
(1,26)(18450,25841)(10000,60000)	NODE_1432_length_25964_cov_3.227644	35000	27	0.125545
(34,65)(10272,25341)(10000,60000)	NODE_1433_length_25956_cov_3.939862	35000	33	0.216498
(15,23)(10088,23975)(10000,60000)	NODE_1434_length_25952_cov_3.362550	35000	10	0.095034
(4,27)(20545,24794)(20000,70000)	NODE_1435_length_25950_cov_3.647402	45000	25	0.144354
(29,81)(11519,23651)(10000,60000)	NODE_1436_length_25949_cov_3.529749	35000	54	0.061094
(14,46)(12110,25661)(10000,60000)	NODE_1437_length_25946_cov_3.194800	35000	34	0.143530
(36,47)(10190,22355)(10000,60000)	NODE_1438_length_25934_cov_3.228953	35000	13	0.047928
(7,55)(10988,22613)(10000,60000)	NODE_1439_length_25932_cov_3.428870	35000	50	0.164073
(63,101)(11265,37075)(10000,60000)	NODE_143_length_44289_cov_3.666486	35000	40	0.306891
(70,87)(24959,25103)(20000,70000)	NODE_1440_length_25925_cov_3.207310	45000	19	0.165534
(29,43)(12977,24208)(10000,60000)	NODE_1441_length_25920_cov_3.581039	35000	16	0.253415
(16,25)(10004,24515)(10000,60000)	NODE_1442_length_25919_cov_3.922153	35000	11	0.292149
(13,45)(10163,25101)(10000,60000)	NODE_1443_length_25918_cov_3.655680	35000	34	0.181529
(3,6)(13986,14003)(10000,60000)	NODE_1444_length_25915_cov_3.120429	35000	5	0.053208
(3,29)(16280,23741)(10000,60000)	NODE_1445_length_25911_cov_3.509259	35000	28	0.163365
(19,87)(21115,25881)(10000,60000)	NODE_1446_length_25900_cov_3.202783	35000	70	0.149955
(6,18)(12155,21977)(10000,60000)	NODE_1447_length_25898_cov_3.298926	35000	14	0.150973
(3,33)(10993,12586)(10000,60000)	NODE_1448_length_25898_cov_3.218652	35000	32	0.047941
(2,6)(19660,19688)(10000,60000)	NODE_1449_length_25894_cov_3.445784	35000	6	0.103741
(8,45)(11547,30005)(10000,60000)	NODE_144_length_44076_cov_3.987448	35000	39	0.223406
(9,43)(12298,25835)(10000,60000)	NODE_1450_length_25890_cov_3.623977	35000	36	0.134395
(7,18)(11687,18580)(10000,60000)	NODE_1451_length_25877_cov_3.365040	35000	13	0.018829
(86,88)(10459,22849)(10000,60000)	NODE_1452_length_25871_cov_5.737001	35000	4	0.126364
(19,21)(10032,16033)(10000,60000)	NODE_1453_length_25859_cov_3.251203	35000	4	0.022496
(10,20)(10286,17710)(10000,60000)	NODE_1454_length_25854_cov_3.575500	35000	12	0.290676
(6,23)(12895,25263)(10000,60000)	NODE_1455_length_25853_cov_3.717170	35000	19	0.087031
(24,26)(23004,23029)(20000,70000)	NODE_1456_length_25846_cov_3.834893	45000	4	0.447892
(2,66)(16517,25837)(10000,60000)	NODE_1457_length_25840_cov_3.457247	35000	66	0.042265
(2,23)(13226,25743)(10000,60000)	NODE_1458_length_25838_cov_3.402463	35000	23	0.045015
(3,11)(20071,25633)(20000,70000)	NODE_1459_length_25830_cov_4.009560	45000	10	0.083869
(17,44)(13133,37229)(10000,60000)	NODE_145_length_43958_cov_3.823845	35000	29	0.183336
(14,37)(12662,20715)(10000,60000)	NODE_1460_length_25829_cov_3.557015	35000	25	0.194308
(32,53)(14168,22009)(10000,60000)	NODE_1462_length_25820_cov_3.296062	35000	23	0.173699
(12,20)(19979,23520)(10000,60000)	NODE_1463_length_25817_cov_3.556731	35000	10	0.336629
(6,10)(14580,24804)(10000,60000)	NODE_1464_length_25801_cov_4.003891	35000	6	0.343062
(11,31)(14330,21352)(10000,60000)	NODE_1465_length_25795_cov_3.645353	35000	22	0.150126
(49,51)(25722,25748)(20000,70000)	NODE_1467_length_25775_cov_3.647180	45000	4	0.024518
(19,106)(10617,25308)(10000,60000)	NODE_1469_length_25773_cov_3.933824	35000	89	0.051996
(7,23)(12925,39886)(10000,60000)	NODE_146_length_43811_cov_3.609535	35000	18	0.212587
(94,105)(11749,23097)(10000,60000)	NODE_1470_length_25770_cov_3.890538	35000	13	0.308183
(3,3)(20498,20498)(20000,70000)	NODE_1471_length_25768_cov_3.436714	45000	2	0.029686
(4,26)(11835,25665)(10000,60000)	NODE_1472_length_25762_cov_3.291782	35000	24	0.081101
(13,87)(10010,25039)(10000,60000)	NODE_1473_length_25761_cov_3.422298	35000	76	0.063420
(24,91)(11856,23360)(10000,60000)	NODE_1474_length_25760_cov_3.743892	35000	69	0.107709
(9,65)(12511,24809)(10000,60000)	NODE_1475_length_25734_cov_3.348157	35000	58	0.042845
(407,407)(13644,13644)(10000,60000)	NODE_1476_length_25732_cov_3.624507	35000	2	0.159666
(2,18)(11193,25717)(10000,60000)	NODE_1477_length_25718_cov_3.215309	35000	18	0.040903
(16,42)(12089,24531)(10000,60000)	NODE_1478_length_25718_cov_3.065537	35000	28	0.057980
(4,14)(18745,24891)(10000,60000)	NODE_1479_length_25716_cov_3.786782	35000	12	0.146741
(3,9)(11138,37866)(10000,60000)	NODE_147_length_43781_cov_3.775628	35000	8	0.213364
(1,67)(14144,24324)(10000,60000)	NODE_1480_length_25708_cov_3.410715	35000	68	0.158471
(134,139)(14204,20773)(10000,60000)	NODE_1482_length_25692_cov_3.308913	35000	7	0.092072
(15,108)(12492,24897)(10000,60000)	NODE_1483_length_25688_cov_3.733479	35000	95	0.086592
(5,14)(11080,22161)(10000,60000)	NODE_1484_length_25686_cov_3.148161	35000	11	0.131603
(38,84)(11934,25059)(10000,60000)	NODE_1485_length_25682_cov_3.579447	35000	48	0.069312
(11,53)(10657,22363)(10000,60000)	NODE_1486_length_25675_cov_3.323467	35000	44	0.186698
(7,20)(23826,25664)(20000,70000)	NODE_1487_length_25670_cov_3.626100	45000	15	0.187035
(2,2)(13475,13475)(10000,60000)	NODE_1488_length_25664_cov_3.617954	35000	2	0.173880
(5,28)(23613,24847)(20000,70000)	NODE_1489_length_25664_cov_3.552904	45000	25	0.097448
(2,33)(10980,39721)(10000,60000)	NODE_148_length_43741_cov_3.390220	35000	33	0.331404
(9,18)(10957,25308)(10000,60000)	NODE_1490_length_25663_cov_3.766977	35000	11	0.102118
(26,41)(10977,25000)(10000,60000)	NODE_1491_length_25661_cov_3.652688	35000	17	0.393132
(9,19)(14135,18240)(10000,60000)	NODE_1492_length_25661_cov_3.053087	35000	12	0.472353
(15,24)(13615,24187)(10000,60000)	NODE_1493_length_25660_cov_3.176871	35000	11	0.060479
(2,9)(14598,24861)(10000,60000)	NODE_1494_length_25658_cov_3.491295	35000	9	0.220928
(10,19)(10863,22009)(10000,60000)	NODE_1495_length_25644_cov_3.693874	35000	11	0.195357
(5,163)(12061,17051)(10000,60000)	NODE_1496_length_25644_cov_3.571736	35000	160	0.079990
(1,56)(11776,23240)(10000,60000)	NODE_1497_length_25640_cov_3.351278	35000	57	0.191505
(1,8)(12607,24696)(10000,60000)	NODE_1498_length_25636_cov_3.997572	35000	9	0.490484
(1,140)(21338,25573)(20000,70000)	NODE_1499_length_25631_cov_3.780237	45000	141	0.053303
(8,11)(23553,43578)(10000,60000)	NODE_149_length_43674_cov_3.669650	35000	5	0.066872
(14,141)(11582,59456)(10000,60000)	NODE_14_length_68017_cov_3.523101	35000	129	0.105832
(9,25)(20307,25612)(20000,70000)	NODE_1500_length_25627_cov_3.892118	45000	18	0.095499
(7,16)(14783,23091)(10000,60000)	NODE_1501_length_25626_cov_3.593920	35000	11	0.069054
(4,32)(10266,20775)(10000,60000)	NODE_1502_length_25622_cov_2.993379	35000	30	0.185691
(1,24)(11730,25517)(10000,60000)	NODE_1503_length_25620_cov_3.795894	35000	25	0.238627
(45,52)(14017,22079)(10000,60000)	NODE_1504_length_25605_cov_3.472830	35000	9	0.327986
(15,954)(11390,23859)(10000,60000)	NODE_1505_length_25602_cov_6.772576	35000	941	0.097054
(6,23)(14617,21907)(10000,60000)	NODE_1506_length_25601_cov_3.808093	35000	19	0.076185
(64,154)(13457,20173)(10000,60000)	NODE_1507_length_25597_cov_3.191113	35000	92	0.060569
(3,14)(11933,19912)(10000,60000)	NODE_1508_length_25592_cov_3.668144	35000	13	0.276466
(3,12)(17209,20236)(10000,60000)	NODE_1509_length_25576_cov_3.448797	35000	11	0.294216
(49,59)(12439,38239)(10000,60000)	NODE_150_length_43656_cov_3.680832	35000	12	0.167489
(42,45)(17267,25288)(10000,60000)	NODE_1510_length_25575_cov_3.868504	35000	5	0.083312
(54,62)(11905,24425)(10000,60000)	NODE_1511_length_25568_cov_3.900114	35000	10	0.371657
(6,21)(10472,25005)(10000,60000)	NODE_1512_length_25553_cov_3.913570	35000	17	0.060458
(6,89)(10065,25531)(10000,60000)	NODE_1513_length_25545_cov_3.639393	35000	85	0.060478
(10,15)(24839,25187)(20000,70000)	NODE_1514_length_25538_cov_3.563505	45000	7	0.125512
(3,21)(18013,19901)(10000,60000)	NODE_1515_length_25537_cov_3.189559	35000	20	0.022395
(4,12)(10879,23014)(10000,60000)	NODE_1516_length_25530_cov_3.571271	35000	10	0.390560
(23,52)(10497,21974)(10000,60000)	NODE_1517_length_25529_cov_3.719662	35000	31	0.217452
(56,75)(10248,20628)(10000,60000)	NODE_1518_length_25515_cov_3.705107	35000	21	0.172974
(4,28)(18690,25150)(10000,60000)	NODE_1519_length_25506_cov_3.476483	35000	26	0.187341
(15,172)(11102,42691)(10000,60000)	NODE_151_length_43654_cov_3.405694	35000	159	0.070675
(9,84)(11559,25107)(10000,60000)	NODE_1520_length_25501_cov_3.650697	35000	77	0.075186
(59,75)(10255,23498)(10000,60000)	NODE_1521_length_25498_cov_3.286271	35000	18	0.299439
(3,13)(10632,24827)(10000,60000)	NODE_1522_length_25482_cov_3.668558	35000	12	0.349157
(6,10)(19000,24718)(10000,60000)	NODE_1523_length_25481_cov_3.465093	35000	6	0.109194
(19,49)(10887,23652)(10000,60000)	NODE_1524_length_25474_cov_3.756138	35000	32	0.143748
(53,93)(10004,19024)(10000,60000)	NODE_1525_length_25452_cov_3.654952	35000	42	0.042235
(11,15)(11506,20363)(10000,60000)	NODE_1526_length_25439_cov_3.358682	35000	6	0.051375
(9,22)(10856,22672)(10000,60000)	NODE_1527_length_25437_cov_3.725827	35000	15	0.120306
(15,26)(25280,25309)(10000,60000)	NODE_1528_length_25436_cov_3.431188	35000	13	0.043956
(14,45)(10047,21457)(10000,60000)	NODE_1529_length_25421_cov_3.670682	35000	33	0.126869
(3,10)(20751,41309)(10000,60000)	NODE_152_length_43545_cov_3.975809	35000	9	0.071940
(19,34)(20330,20362)(20000,70000)	NODE_1530_length_25420_cov_4.322144	45000	17	0.080409
(16,36)(11010,21500)(10000,60000)	NODE_1531_length_25414_cov_3.222635	35000	22	0.134508
(21,47)(17726,25215)(10000,60000)	NODE_1533_length_25394_cov_3.646650	35000	28	0.053070
(2,109)(10131,25196)(10000,60000)	NODE_1535_length_25382_cov_3.237314	35000	109	0.051909
(18,388)(22054,24428)(10000,60000)	NODE_1536_length_25381_cov_4.034768	35000	372	0.072740
(3,31)(14417,24924)(10000,60000)	NODE_1537_length_25380_cov_3.766900	35000	30	0.103237
(110,229)(18072,25353)(10000,60000)	NODE_1538_length_25369_cov_2.876652	35000	121	0.062236
(185,1094)(10444,25343)(10000,60000)	NODE_1539_length_25365_cov_5.586915	35000	911	0.103030
(39,65)(10168,41359)(10000,60000)	NODE_153_length_43494_cov_3.824749	35000	28	0.228843
(13,39)(17400,25364)(10000,60000)	NODE_1540_length_25365_cov_3.430579	35000	28	0.029575
(1,28)(15282,25356)(10000,60000)	NODE_1541_length_25363_cov_3.426813	35000	29	0.150953
(4,72)(12393,22303)(10000,60000)	NODE_1542_length_25361_cov_3.495487	35000	70	0.089066
(19,38)(11709,24210)(10000,60000)	NODE_1543_length_25359_cov_3.752019	35000	21	0.320641
(11,11)(19399,19399)(10000,60000)	NODE_1544_length_25354_cov_3.314393	35000	2	0.028676
(16,173)(16088,24064)(10000,60000)	NODE_1545_length_25350_cov_3.460813	35000	159	0.094443
(20,51)(23413,24621)(10000,60000)	NODE_1546_length_25350_cov_3.363748	35000	33	0.084011
(4,140)(11243,24830)(10000,60000)	NODE_1547_length_25345_cov_3.489741	35000	138	0.119255
(28,49)(10155,24622)(10000,60000)	NODE_1548_length_25343_cov_3.885240	35000	23	0.137217
(48,52)(19344,22132)(10000,60000)	NODE_1549_length_25340_cov_3.535240	35000	6	0.428747
(4,15)(10702,40323)(10000,60000)	NODE_154_length_43475_cov_3.815728	35000	13	0.130183
(20,204)(10134,24703)(10000,60000)	NODE_1550_length_25326_cov_3.515202	35000	186	0.058545
(49,68)(11121,23186)(10000,60000)	NODE_1551_length_25323_cov_3.377696	35000	21	0.084328
(8,35)(11177,21258)(10000,60000)	NODE_1552_length_25318_cov_3.807883	35000	29	0.218265
(218,682)(10126,23693)(10000,60000)	NODE_1553_length_25317_cov_9.607384	35000	466	0.089222
(3,39)(14555,22432)(10000,60000)	NODE_1554_length_25310_cov_3.095593	35000	38	0.061467
(13,19)(18251,24273)(10000,60000)	NODE_1555_length_25307_cov_3.879483	35000	8	0.126700
(6,197)(19261,25235)(10000,60000)	NODE_1556_length_25302_cov_3.328651	35000	193	0.049904
(8,8)(22759,22759)(20000,70000)	NODE_1557_length_25285_cov_8.302112	45000	2	0.017302
(11,36)(16753,22871)(10000,60000)	NODE_1558_length_25285_cov_3.777495	35000	27	0.232339
(2,17)(10031,23523)(10000,60000)	NODE_1559_length_25285_cov_3.503931	35000	17	0.110435
(11,28)(11071,31266)(10000,60000)	NODE_155_length_43336_cov_3.719939	35000	19	0.081023
(4,23)(10200,23156)(10000,60000)	NODE_1560_length_25282_cov_3.455347	35000	21	0.040698
(6,14)(12462,24225)(10000,60000)	NODE_1561_length_25280_cov_3.607641	35000	10	0.214845
(88,154)(17697,20682)(10000,60000)	NODE_1562_length_25278_cov_3.461734	35000	68	0.043240
(17,36)(10095,24159)(10000,60000)	NODE_1563_length_25274_cov_3.567666	35000	21	0.346618
(1,14)(10805,21660)(10000,60000)	NODE_1564_length_25270_cov_3.214135	35000	15	0.134934
(6,16)(12535,25095)(10000,60000)	NODE_1565_length_25266_cov_3.762467	35000	12	0.089534
(3,54)(12111,21682)(10000,60000)	NODE_1566_length_25263_cov_3.406215	35000	53	0.102627
(103,115)(10313,23430)(10000,60000)	NODE_1567_length_25255_cov_3.341787	35000	14	0.284530
(7,91)(12128,25241)(10000,60000)	NODE_1568_length_25248_cov_5.394926	35000	86	0.078583
(1,3)(16981,20968)(10000,60000)	NODE_1569_length_25242_cov_3.544843	35000	4	0.041908
(5,72)(19247,37932)(10000,60000)	NODE_156_length_43331_cov_3.762398	35000	69	0.073242
(206,217)(11487,24715)(10000,60000)	NODE_1570_length_25241_cov_4.464362	35000	13	0.128460
(7,14)(24924,25163)(20000,70000)	NODE_1571_length_25234_cov_3.497116	45000	9	0.341586
(13,48)(13241,25178)(10000,60000)	NODE_1572_length_25234_cov_2.979272	35000	37	0.057858
(77,88)(16009,22431)(10000,60000)	NODE_1573_length_25228_cov_3.336424	35000	13	0.323280
(4,76)(11772,20543)(10000,60000)	NODE_1574_length_25225_cov_3.436998	35000	74	0.136279
(71,135)(22750,24429)(20000,70000)	NODE_1575_length_25222_cov_3.466624	45000	66	0.076899
(26,49)(10565,15359)(10000,60000)	NODE_1576_length_25219_cov_3.304061	35000	25	0.111784
(13,29)(10020,22966)(10000,60000)	NODE_1577_length_25216_cov_3.698611	35000	18	0.261787
(7,23)(13695,24149)(10000,60000)	NODE_1578_length_25207_cov_3.421539	35000	18	0.232431
(2,10)(21086,39484)(20000,70000)	NODE_157_length_43310_cov_3.673162	45000	10	0.109187
(108,134)(12714,20054)(10000,60000)	NODE_1580_length_25202_cov_3.223320	35000	28	0.181327
(32,38)(18297,24763)(10000,60000)	NODE_1581_length_25184_cov_3.277337	35000	8	0.154683
(3,37)(10300,19002)(10000,60000)	NODE_1582_length_25166_cov_3.276100	35000	36	0.244947
(102,163)(13875,25072)(10000,60000)	NODE_1583_length_25154_cov_3.678228	35000	63	0.119963
(244,249)(11197,25061)(10000,60000)	NODE_1584_length_25153_cov_3.396583	35000	7	0.153449
(22,48)(21609,24639)(20000,70000)	NODE_1585_length_25153_cov_3.260597	45000	28	0.092733
(129,299)(11067,19986)(10000,60000)	NODE_1586_length_25145_cov_3.565879	35000	172	0.047687
(32,87)(10509,24050)(10000,60000)	NODE_1587_length_25142_cov_3.559757	35000	57	0.147347
(250,286)(10554,21027)(10000,60000)	NODE_1588_length_25136_cov_3.118664	35000	38	0.134367
(5,30)(11038,24420)(10000,60000)	NODE_1589_length_25135_cov_3.179182	35000	27	0.113571
(88,145)(23175,43159)(20000,70000)	NODE_158_length_43302_cov_4.042891	45000	59	0.052998
(2,11)(15556,22810)(10000,60000)	NODE_1590_length_25129_cov_3.585497	35000	11	0.349482
(46,48)(20018,24643)(20000,70000)	NODE_1591_length_25123_cov_4.023058	45000	4	0.131594
(11,87)(18956,25074)(10000,60000)	NODE_1592_length_25107_cov_3.302743	35000	78	0.237760
(9,12)(10856,23461)(10000,60000)	NODE_1593_length_25101_cov_3.858251	35000	5	0.370281
(82,119)(11391,11835)(10000,60000)	NODE_1594_length_25094_cov_3.824765	35000	39	0.034007
(4,6)(14921,20080)(10000,60000)	NODE_1595_length_25083_cov_3.818444	35000	4	0.295147
(7,27)(14543,20646)(10000,60000)	NODE_1596_length_25081_cov_3.799336	35000	22	0.078688
(5,21)(10258,19580)(10000,60000)	NODE_1597_length_25081_cov_3.736851	35000	18	0.104342
(8,31)(13096,24689)(10000,60000)	NODE_1598_length_25065_cov_3.577946	35000	25	0.206788
(7,23)(12372,23675)(10000,60000)	NODE_1599_length_25057_cov_4.470110	35000	18	0.232614
(77,107)(19642,42551)(10000,60000)	NODE_159_length_43060_cov_3.785387	35000	32	0.132870
(2,42)(18585,58751)(10000,60000)	NODE_15_length_67516_cov_3.678390	35000	42	0.124622
(3,48)(24819,25021)(20000,70000)	NODE_1600_length_25049_cov_3.619198	45000	47	0.045538
(20,92)(12799,22987)(10000,60000)	NODE_1601_length_25039_cov_4.034162	35000	74	0.140380
(1,15)(18246,24948)(10000,60000)	NODE_1602_length_25038_cov_3.849152	35000	16	0.434287
(4,15)(13240,21696)(10000,60000)	NODE_1603_length_25031_cov_3.652455	35000	13	0.120972
(4,47)(12405,23968)(10000,60000)	NODE_1604_length_25030_cov_3.898440	35000	45	0.340738
(1,49)(10003,24779)(10000,60000)	NODE_1605_length_25027_cov_3.564586	35000	50	0.077946
(6,21)(12532,23216)(10000,60000)	NODE_1606_length_25023_cov_3.272669	35000	17	0.388782
(21,33)(16210,21835)(10000,60000)	NODE_1607_length_25022_cov_3.665169	35000	14	0.048288
(9,17)(11207,22581)(10000,60000)	NODE_1608_length_25021_cov_3.698901	35000	10	0.327221
(2,17)(10588,20394)(10000,60000)	NODE_1609_length_25020_cov_3.629068	35000	17	0.102076
(1,57)(11762,42072)(10000,60000)	NODE_160_length_42998_cov_3.833772	35000	58	0.146284
(447,787)(10214,24674)(10000,60000)	NODE_1610_length_25014_cov_4.627935	35000	342	0.215210
(249,389)(10776,21948)(10000,60000)	NODE_1611_length_25009_cov_3.427619	35000	142	0.086923
(3,6)(12530,15563)(10000,60000)	NODE_1612_length_25008_cov_3.419527	35000	5	0.474731
(8,104)(10379,24948)(10000,60000)	NODE_1613_length_25006_cov_3.359819	35000	98	0.059498
(3,36)(10046,24583)(10000,60000)	NODE_1614_length_25006_cov_3.094953	35000	35	0.238710
(4,32)(20499,24929)(10000,60000)	NODE_1615_length_25005_cov_3.673051	35000	30	0.181803
(18,27)(13879,20076)(10000,60000)	NODE_1616_length_25004_cov_3.509335	35000	11	0.156246
(24,46)(17250,21901)(10000,60000)	NODE_1618_length_24998_cov_3.495241	35000	24	0.112270
(105,105)(15413,15413)(10000,60000)	NODE_1619_length_24997_cov_3.615230	35000	2	0.207057
(6,31)(19569,42266)(10000,60000)	NODE_161_length_42991_cov_3.446750	35000	27	0.249284
(74,164)(12551,22195)(10000,60000)	NODE_1620_length_24997_cov_3.547514	35000	92	0.112559
(3,139)(12970,20161)(10000,60000)	NODE_1621_length_24984_cov_3.527024	35000	138	0.041537
(9,9)(21497,21497)(20000,70000)	NODE_1622_length_24982_cov_3.700076	45000	2	0.055758
(31,48)(10691,24376)(10000,60000)	NODE_1623_length_24982_cov_3.314190	35000	19	0.228930
(2,10)(16844,24165)(10000,60000)	NODE_1624_length_24980_cov_3.696757	35000	10	0.021439
(59,63)(19606,24551)(10000,60000)	NODE_1625_length_24974_cov_3.480322	35000	6	0.060516
(121,125)(21620,23796)(10000,60000)	NODE_1626_length_24973_cov_3.704551	35000	6	0.215197
(21,41)(10536,23334)(10000,60000)	NODE_1627_length_24973_cov_3.339431	35000	22	0.174272
(6,12)(13751,18274)(10000,60000)	NODE_1628_length_24972_cov_3.357938	35000	8	0.145275
(2,28)(11165,42341)(10000,60000)	NODE_162_length_42989_cov_3.931336	35000	28	0.279330
(2,6)(24357,24369)(10000,60000)	NODE_1630_length_24961_cov_3.597900	35000	6	0.048899
(3,10)(14973,23388)(10000,60000)	NODE_1631_length_24958_cov_3.486785	35000	9	0.082055
(5,7)(20010,23335)(20000,70000)	NODE_1632_length_24951_cov_3.821383	45000	4	0.400092
(114,140)(17893,20658)(10000,60000)	NODE_1633_length_24948_cov_3.577890	35000	28	0.079703
(4,5)(16070,17449)(10000,60000)	NODE_1634_length_24941_cov_3.708961	35000	3	0.495292
(1,22)(13961,24785)(10000,60000)	NODE_1636_length_24940_cov_3.501630	35000	23	0.109795
(87,182)(12683,24929)(10000,60000)	NODE_1637_length_24934_cov_3.074653	35000	97	0.058581
(89,94)(11846,12773)(10000,60000)	NODE_1639_length_24931_cov_3.191970	35000	7	0.351788
(7,27)(20741,41339)(10000,60000)	NODE_163_length_42880_cov_3.903205	35000	22	0.310857
(7,54)(10069,24805)(10000,60000)	NODE_1640_length_24922_cov_3.872538	35000	49	0.173814
(7,8)(17629,23715)(10000,60000)	NODE_1641_length_24919_cov_3.710113	35000	3	0.015348
(11,11)(21001,21001)(10000,60000)	NODE_1642_length_24903_cov_3.534954	35000	2	0.167254
(130,139)(18064,22618)(10000,60000)	NODE_1643_length_24902_cov_2.869250	35000	11	0.071054
(7,29)(15486,18301)(10000,60000)	NODE_1644_length_24900_cov_3.833515	35000	24	0.079998
(3,5)(14303,21875)(10000,60000)	NODE_1645_length_24900_cov_3.388936	35000	4	0.082017
(1,8)(13401,22403)(10000,60000)	NODE_1646_length_24898_cov_3.838784	35000	9	0.346147
(27,77)(10694,23047)(10000,60000)	NODE_1647_length_24896_cov_3.991209	35000	52	0.108909
(1,25)(12482,21458)(10000,60000)	NODE_1648_length_24895_cov_3.639619	35000	26	0.430823
(2,23)(10354,17873)(10000,60000)	NODE_1649_length_24884_cov_3.999597	35000	23	0.217216
(3,29)(14702,40499)(10000,60000)	NODE_164_length_42851_cov_3.609609	35000	28	0.073729
(38,42)(10000,15178)(10000,60000)	NODE_1650_length_24873_cov_3.171833	35000	6	0.104709
(5,87)(11400,24560)(10000,60000)	NODE_1651_length_24869_cov_3.191845	35000	84	0.066751
(7,76)(21770,24546)(20000,70000)	NODE_1652_length_24860_cov_3.716651	45000	71	0.039777
(20,49)(12610,22808)(10000,60000)	NODE_1653_length_24849_cov_3.727030	35000	31	0.157275
(6,100)(10794,24102)(10000,60000)	NODE_1654_length_24848_cov_3.006950	35000	96	0.075611
(8,139)(11463,24628)(10000,60000)	NODE_1655_length_24844_cov_3.550293	35000	133	0.074594
(1,16)(10342,23057)(10000,60000)	NODE_1656_length_24843_cov_3.670870	35000	17	0.094842
(2,6)(12247,23710)(10000,60000)	NODE_1657_length_24839_cov_3.338157	35000	6	0.144212
(10,11)(18551,18554)(10000,60000)	NODE_1658_length_24835_cov_3.461635	35000	3	0.594117
(22,90)(12434,23816)(10000,60000)	NODE_1659_length_24832_cov_3.778474	35000	70	0.136479
(37,41)(17904,35715)(10000,60000)	NODE_165_length_42797_cov_3.609185	35000	6	0.075227
(3,5)(14837,14850)(10000,60000)	NODE_1660_length_24832_cov_3.767153	35000	4	0.086155
(6,52)(21289,21744)(20000,70000)	NODE_1661_length_24830_cov_3.449355	45000	48	0.058231
(29,48)(11519,22616)(10000,60000)	NODE_1662_length_24827_cov_3.831567	35000	21	0.217370
(32,59)(10983,24197)(10000,60000)	NODE_1663_length_24821_cov_3.347221	35000	29	0.120759
(36,38)(18353,20577)(10000,60000)	NODE_1664_length_24817_cov_3.329638	35000	4	0.391421
(24,24)(18676,18676)(10000,60000)	NODE_1665_length_24813_cov_3.302946	35000	2	0.082527
(8,15)(19377,24128)(10000,60000)	NODE_1666_length_24812_cov_3.747016	35000	9	0.069956
(28,31)(16759,17057)(10000,60000)	NODE_1667_length_24795_cov_3.548024	35000	5	0.251159
(44,58)(10593,23579)(10000,60000)	NODE_1668_length_24785_cov_3.520335	35000	16	0.165918
(1,7)(10051,23709)(10000,60000)	NODE_1669_length_24784_cov_3.580231	35000	8	0.151314
(20,84)(14873,39915)(10000,60000)	NODE_166_length_42782_cov_3.464635	35000	66	0.114917
(4,35)(17522,24755)(10000,60000)	NODE_1670_length_24778_cov_3.300660	35000	33	0.033517
(16,18)(14054,16185)(10000,60000)	NODE_1671_length_24775_cov_4.044091	35000	4	0.025011
(16,30)(11325,24399)(10000,60000)	NODE_1672_length_24766_cov_3.759963	35000	16	0.145360
(15,61)(13747,14622)(10000,60000)	NODE_1673_length_24764_cov_3.339347	35000	48	0.053662
(6,63)(15603,23144)(10000,60000)	NODE_1674_length_24762_cov_3.784819	35000	59	0.072952
(1,133)(15686,22818)(10000,60000)	NODE_1675_length_24758_cov_3.376212	35000	134	0.058134
(3,3)(13093,13093)(10000,60000)	NODE_1676_length_24750_cov_3.968439	35000	2	0.699819
(1,7)(13026,19386)(10000,60000)	NODE_1677_length_24749_cov_3.438012	35000	8	0.388329
(7,30)(15129,21057)(10000,60000)	NODE_1678_length_24744_cov_3.521079	35000	25	0.069937
(10,10)(24086,24086)(10000,60000)	NODE_1679_length_24736_cov_3.894184	35000	2	0.033294
(4,51)(10445,40973)(10000,60000)	NODE_167_length_42777_cov_4.154154	35000	49	0.211468
(13,15)(18960,18998)(10000,60000)	NODE_1680_length_24731_cov_4.176031	35000	4	0.052286
(7,8)(11964,16183)(10000,60000)	NODE_1681_length_24725_cov_3.361447	35000	3	0.097814
(1,4)(14085,22247)(10000,60000)	NODE_1682_length_24722_cov_3.774073	35000	5	0.431763
(4,24)(10836,24688)(10000,60000)	NODE_1684_length_24707_cov_3.847773	35000	22	0.220563
(81,91)(15921,24558)(10000,60000)	NODE_1685_length_24705_cov_3.538405	35000	12	0.315320
(4,21)(10839,24691)(10000,60000)	NODE_1686_length_24702_cov_3.387351	35000	19	0.054149
(374,455)(12236,24687)(10000,60000)	NODE_1687_length_24692_cov_2.708698	35000	83	0.054375
(41,41)(21076,21076)(10000,60000)	NODE_1688_length_24686_cov_3.453288	35000	2	0.646491
(12,41)(15812,23098)(10000,60000)	NODE_1689_length_24685_cov_3.738957	35000	31	0.263924
(73,103)(10538,41126)(10000,60000)	NODE_168_length_42730_cov_3.695105	35000	32	0.193208
(4,19)(11777,18478)(10000,60000)	NODE_1690_length_24680_cov_3.584069	35000	17	0.115908
(107,144)(10421,21411)(10000,60000)	NODE_1692_length_24669_cov_3.993081	35000	39	0.054029
(544,570)(16134,22045)(10000,60000)	NODE_1693_length_24666_cov_3.593235	35000	28	0.166531
(7,58)(15561,24549)(10000,60000)	NODE_1694_length_24661_cov_3.383967	35000	53	0.131092
(2,2)(23085,23085)(20000,70000)	NODE_1695_length_24660_cov_3.839502	45000	2	0.090428
(6,12)(18739,24337)(10000,60000)	NODE_1696_length_24654_cov_3.438974	35000	8	0.112147
(5,22)(14505,23807)(10000,60000)	NODE_1697_length_24642_cov_3.272868	35000	19	0.061359
(6,10)(10305,23808)(10000,60000)	NODE_1698_length_24641_cov_3.564868	35000	6	0.064941
(9,47)(10418,22915)(10000,60000)	NODE_1699_length_24638_cov_3.473736	35000	40	0.176752
(8,42)(10790,34344)(10000,60000)	NODE_169_length_42659_cov_3.684328	35000	36	0.185322
(9,79)(12617,59205)(10000,60000)	NODE_16_length_67001_cov_3.667843	35000	72	0.273848
(4,23)(14052,24604)(10000,60000)	NODE_1700_length_24635_cov_3.210099	35000	21	0.095941
(5,11)(15533,20091)(10000,60000)	NODE_1701_length_24635_cov_3.174112	35000	8	0.117232
(1,10)(11144,19396)(10000,60000)	NODE_1702_length_24630_cov_3.725816	35000	11	0.521476
(47,67)(11164,21763)(10000,60000)	NODE_1703_length_24629_cov_3.394863	35000	22	0.278102
(24,44)(17025,24459)(10000,60000)	NODE_1704_length_24625_cov_3.139403	35000	22	0.230028
(16,16)(22987,22987)(20000,70000)	NODE_1705_length_24623_cov_3.473699	45000	2	0.165609
(40,100)(10666,19313)(10000,60000)	NODE_1706_length_24622_cov_3.567059	35000	62	0.253873
(5,13)(19412,24081)(10000,60000)	NODE_1707_length_24621_cov_3.520227	35000	10	0.212750
(4,6)(11290,14115)(10000,60000)	NODE_1708_length_24619_cov_3.481077	35000	4	0.049038
(9,22)(20597,24593)(10000,60000)	NODE_1709_length_24618_cov_3.105632	35000	15	0.034522
(2,22)(10166,41666)(10000,60000)	NODE_170_length_42632_cov_3.570381	35000	22	0.137944
(18,27)(13579,23660)(10000,60000)	NODE_1710_length_24615_cov_3.388767	35000	11	0.064411
(3,9)(17461,18365)(10000,60000)	NODE_1711_length_24613_cov_3.685486	35000	8	0.102653
(6,140)(15457,24294)(10000,60000)	NODE_1712_length_24613_cov_3.552174	35000	136	0.065347
(15,32)(11556,16400)(10000,60000)	NODE_1713_length_24610_cov_3.481865	35000	19	0.347948
(5,24)(11179,22452)(10000,60000)	NODE_1714_length_24609_cov_3.984986	35000	21	0.264524
(2,4)(22781,24511)(10000,60000)	NODE_1715_length_24604_cov_3.041012	35000	4	0.091748
(42,44)(10015,18218)(10000,60000)	NODE_1716_length_24602_cov_3.560258	35000	4	0.067157
(190,209)(12185,23704)(10000,60000)	NODE_1717_length_24595_cov_3.531964	35000	21	0.144514
(31,36)(14215,22674)(10000,60000)	NODE_1718_length_24593_cov_3.977260	35000	7	0.107881
(7,18)(14587,23947)(10000,60000)	NODE_1719_length_24592_cov_3.465031	35000	13	0.089490
(11,117)(11736,42298)(10000,60000)	NODE_171_length_42620_cov_3.394864	35000	108	0.219216
(93,105)(13287,16337)(10000,60000)	NODE_1720_length_24591_cov_3.390495	35000	14	0.146971
(27,48)(10242,22907)(10000,60000)	NODE_1722_length_24575_cov_3.607656	35000	23	0.090219
(8,13)(19876,24453)(10000,60000)	NODE_1724_length_24573_cov_3.442796	35000	7	0.090751
(15,28)(10335,20170)(10000,60000)	NODE_1725_length_24570_cov_3.230436	35000	15	0.286096
(56,58)(22050,22055)(20000,70000)	NODE_1726_length_24567_cov_3.463054	45000	4	0.011323
(20,43)(10449,24205)(10000,60000)	NODE_1727_length_24563_cov_3.290468	35000	25	0.124887
(2,23)(17330,24262)(10000,60000)	NODE_1728_length_24562_cov_3.621633	35000	23	0.228283
(49,56)(15157,22641)(10000,60000)	NODE_1729_length_24559_cov_3.582952	35000	9	0.193604
(27,224)(12723,42024)(10000,60000)	NODE_172_length_42601_cov_3.393040	35000	199	0.094608
(122,125)(13106,21862)(10000,60000)	NODE_1730_length_24556_cov_3.706628	35000	5	0.488453
(103,184)(10209,21540)(10000,60000)	NODE_1731_length_24556_cov_3.475120	35000	83	0.149171
(1,40)(15377,22806)(10000,60000)	NODE_1732_length_24554_cov_4.017420	35000	41	0.075587
(38,38)(10730,10730)(10000,60000)	NODE_1733_length_24553_cov_3.757545	35000	2	0.178387
(65,235)(10403,22437)(10000,60000)	NODE_1734_length_24549_cov_2.955624	35000	172	0.087682
(57,1247)(10479,24527)(10000,60000)	NODE_1735_length_24544_cov_3.994273	35000	1192	0.063218
(12,12)(12659,12659)(10000,60000)	NODE_1736_length_24543_cov_3.358657	35000	2	0.158091
(54,65)(11663,19921)(10000,60000)	NODE_1737_length_24538_cov_3.681452	35000	13	0.356293
(1,5)(23904,23942)(20000,70000)	NODE_1738_length_24535_cov_3.854763	45000	6	0.336663
(40,51)(14984,20923)(10000,60000)	NODE_1739_length_24534_cov_3.459832	35000	13	0.107906
(295,358)(11370,39971)(10000,60000)	NODE_173_length_42600_cov_3.882215	35000	65	0.277468
(3,13)(10510,23299)(10000,60000)	NODE_1740_length_24532_cov_3.677608	35000	12	0.228335
(2,2)(15744,15744)(10000,60000)	NODE_1741_length_24529_cov_3.116865	35000	2	0.037134
(9,47)(13197,21900)(10000,60000)	NODE_1742_length_24526_cov_4.052892	35000	40	0.148983
(48,61)(11793,22930)(10000,60000)	NODE_1743_length_24523_cov_3.308631	35000	15	0.084143
(9,12)(17145,17229)(10000,60000)	NODE_1744_length_24522_cov_3.567784	35000	5	0.070482
(314,517)(10627,19061)(10000,60000)	NODE_1745_length_24510_cov_3.671951	35000	205	0.147928
(5,8)(16592,16646)(10000,60000)	NODE_1747_length_24501_cov_3.474920	35000	5	0.101931
(5,16)(12082,22613)(10000,60000)	NODE_1748_length_24493_cov_3.514635	35000	13	0.311520
(9,29)(13258,21885)(10000,60000)	NODE_1749_length_24492_cov_3.621285	35000	22	0.069369
(6,23)(10044,36240)(10000,60000)	NODE_174_length_42557_cov_3.904188	35000	19	0.062493
(22,22)(16306,16306)(10000,60000)	NODE_1750_length_24488_cov_3.730452	35000	2	0.044478
(68,314)(15772,24393)(10000,60000)	NODE_1751_length_24488_cov_3.181147	35000	248	0.071643
(18,32)(11376,23792)(10000,60000)	NODE_1752_length_24486_cov_3.607209	35000	16	0.144472
(17,24)(14974,17178)(10000,60000)	NODE_1753_length_24480_cov_3.537181	35000	9	0.096556
(11,19)(14239,19708)(10000,60000)	NODE_1754_length_24478_cov_3.772755	35000	10	0.198654
(1,42)(21870,24427)(20000,70000)	NODE_1755_length_24473_cov_3.381349	45000	43	0.103357
(6,17)(23223,23277)(20000,70000)	NODE_1756_length_24464_cov_3.496409	45000	13	0.053870
(8,54)(11043,11459)(10000,60000)	NODE_1757_length_24459_cov_3.322167	35000	48	0.044431
(14,304)(15557,24150)(10000,60000)	NODE_1758_length_24458_cov_3.624205	35000	292	0.054429
(1,18)(13052,35717)(10000,60000)	NODE_175_length_42525_cov_3.877834	35000	19	0.252917
(11,110)(11337,22821)(10000,60000)	NODE_1760_length_24457_cov_3.318581	35000	101	0.086807
(24,186)(13442,18762)(10000,60000)	NODE_1761_length_24456_cov_3.735518	35000	164	0.056049
(12,49)(12914,23567)(10000,60000)	NODE_1762_length_24451_cov_3.747290	35000	39	0.235456
(4,14)(10598,23012)(10000,60000)	NODE_1763_length_24447_cov_3.865697	35000	12	0.097165
(12,13)(12053,12062)(10000,60000)	NODE_1764_length_24444_cov_3.594865	35000	3	0.123278
(2,83)(10779,22945)(10000,60000)	NODE_1765_length_24443_cov_3.706827	35000	83	0.067827
(2,17)(13678,21553)(10000,60000)	NODE_1766_length_24430_cov_3.560972	35000	17	0.252941
(13,16)(21297,24232)(10000,60000)	NODE_1767_length_24426_cov_3.380113	35000	5	0.083283
(9,730)(14294,24327)(10000,60000)	NODE_1768_length_24423_cov_4.204983	35000	723	0.093720
(10,89)(10984,24094)(10000,60000)	NODE_1769_length_24420_cov_2.934707	35000	81	0.092992
(9,51)(10413,37291)(10000,60000)	NODE_176_length_42520_cov_3.647769	35000	44	0.315100
(2,17)(15067,23736)(10000,60000)	NODE_1770_length_24419_cov_3.250658	35000	17	0.082886
(13,50)(11265,24226)(10000,60000)	NODE_1771_length_24415_cov_4.249424	35000	39	0.229794
(106,163)(12544,22836)(10000,60000)	NODE_1772_length_24414_cov_3.468024	35000	59	0.091157
(6,32)(18899,20486)(10000,60000)	NODE_1773_length_24405_cov_3.961285	35000	28	0.418883
(24,34)(19051,23679)(10000,60000)	NODE_1774_length_24401_cov_3.520698	35000	12	0.301822
(55,64)(16724,22971)(10000,60000)	NODE_1776_length_24391_cov_3.993743	35000	11	0.056304
(18,24)(10029,12502)(10000,60000)	NODE_1777_length_24390_cov_3.400148	35000	8	0.082640
(12,31)(10031,21085)(10000,60000)	NODE_1778_length_24384_cov_3.337122	35000	21	0.164149
(78,100)(10406,22470)(10000,60000)	NODE_1779_length_24382_cov_3.429189	35000	24	0.109274
(15,69)(33510,36952)(20000,70000)	NODE_177_length_42503_cov_4.064852	45000	56	0.109082
(42,55)(10559,23555)(10000,60000)	NODE_1780_length_24370_cov_3.415269	35000	15	0.107467
(15,48)(10214,22540)(10000,60000)	NODE_1781_length_24367_cov_3.659428	35000	35	0.174528
(27,36)(14149,20968)(10000,60000)	NODE_1782_length_24366_cov_3.136770	35000	11	0.263453
(36,125)(15974,24338)(10000,60000)	NODE_1783_length_24362_cov_2.969254	35000	91	0.069712
(6,7)(11932,15142)(10000,60000)	NODE_1784_length_24358_cov_3.483532	35000	3	0.466989
(17,32)(10648,23375)(10000,60000)	NODE_1785_length_24357_cov_3.775126	35000	17	0.379034
(5,58)(17312,22392)(10000,60000)	NODE_1786_length_24357_cov_3.207107	35000	55	0.046802
(74,78)(18271,24201)(10000,60000)	NODE_1787_length_24356_cov_3.544915	35000	6	0.103290
(5,29)(10831,16887)(10000,60000)	NODE_1789_length_24351_cov_3.448582	35000	26	0.178902
(7,48)(12218,40349)(10000,60000)	NODE_178_length_42494_cov_3.585470	35000	43	0.249466
(77,79)(11741,21782)(10000,60000)	NODE_1790_length_24350_cov_3.240650	35000	4	0.017366
(6,14)(22922,23886)(10000,60000)	NODE_1791_length_24342_cov_3.737367	35000	10	0.373349
(7,14)(17974,22659)(10000,60000)	NODE_1793_length_24334_cov_3.968847	35000	9	0.371367
(2,2)(24244,24244)(10000,60000)	NODE_1794_length_24325_cov_3.368488	35000	2	0.020156
(27,39)(11061,22766)(10000,60000)	NODE_1795_length_24322_cov_3.443587	35000	14	0.304834
(12,17)(11018,24236)(10000,60000)	NODE_1796_length_24288_cov_3.698003	35000	7	0.078527
(23,74)(14639,14973)(10000,60000)	NODE_1797_length_24287_cov_3.279436	35000	53	0.063625
(161,171)(12904,15869)(10000,60000)	NODE_1798_length_24285_cov_3.530141	35000	12	0.051295
(2,10)(18322,22472)(10000,60000)	NODE_1799_length_24275_cov_3.389808	35000	10	0.123854
(106,187)(11193,39275)(10000,60000)	NODE_179_length_42489_cov_3.782284	35000	83	0.098250
(17,89)(20814,55861)(20000,70000)	NODE_17_length_65525_cov_3.703665	45000	74	0.262646
(7,23)(11682,11721)(10000,60000)	NODE_1800_length_24272_cov_3.633806	35000	18	0.050914
(31,42)(22033,23983)(20000,70000)	NODE_1801_length_24251_cov_3.143839	45000	13	0.119142
(13,37)(16249,22740)(10000,60000)	NODE_1802_length_24241_cov_3.716179	35000	26	0.152863
(34,102)(10126,24128)(10000,60000)	NODE_1803_length_24237_cov_3.639034	35000	70	0.087743
(83,148)(18516,21010)(10000,60000)	NODE_1805_length_24234_cov_3.664719	35000	67	0.069236
(17,50)(15098,23727)(10000,60000)	NODE_1806_length_24228_cov_3.588089	35000	35	0.151215
(103,194)(10002,24197)(10000,60000)	NODE_1807_length_24228_cov_3.524680	35000	93	0.120873
(9,22)(14097,20442)(10000,60000)	NODE_1808_length_24225_cov_3.349540	35000	15	0.145134
(2,10)(14092,20488)(10000,60000)	NODE_1809_length_24210_cov_3.226909	35000	10	0.056230
(4,44)(12650,39154)(10000,60000)	NODE_180_length_42485_cov_3.251758	35000	42	0.302781
(31,82)(12332,12855)(10000,60000)	NODE_1810_length_24202_cov_4.004854	35000	53	0.137378
(10,17)(11706,20738)(10000,60000)	NODE_1811_length_24202_cov_3.404763	35000	9	0.055349
(91,102)(15332,23873)(10000,60000)	NODE_1812_length_24198_cov_3.530063	35000	13	0.042822
(21,47)(16814,23099)(10000,60000)	NODE_1813_length_24197_cov_4.019670	35000	28	0.330920
(32,270)(11098,23182)(10000,60000)	NODE_1814_length_24189_cov_3.354961	35000	240	0.063080
(70,106)(14366,14592)(10000,60000)	NODE_1815_length_24178_cov_3.783338	35000	38	0.068262
(11,25)(14612,22435)(10000,60000)	NODE_1816_length_24167_cov_3.798654	35000	16	0.371512
(15,25)(12798,23935)(10000,60000)	NODE_1817_length_24162_cov_3.357520	35000	12	0.100476
(10,47)(12821,23211)(10000,60000)	NODE_1818_length_24161_cov_3.234561	35000	39	0.148847
(1,36)(13160,18356)(10000,60000)	NODE_1819_length_24157_cov_3.659240	35000	37	0.056121
(19,34)(10133,38743)(10000,60000)	NODE_181_length_42477_cov_3.618977	35000	17	0.254759
(1,20)(11705,24138)(10000,60000)	NODE_1820_length_24152_cov_3.296803	35000	21	0.052645
(11,20)(14284,20434)(10000,60000)	NODE_1823_length_24145_cov_3.701988	35000	11	0.082984
(56,94)(21468,23040)(20000,70000)	NODE_1825_length_24144_cov_3.351923	45000	40	0.074393
(6,22)(11674,22446)(10000,60000)	NODE_1826_length_24139_cov_3.590141	35000	18	0.158373
(7,41)(19121,19210)(10000,60000)	NODE_1827_length_24137_cov_3.201473	35000	36	0.051296
(74,85)(11974,21931)(10000,60000)	NODE_1828_length_24123_cov_3.667125	35000	13	0.158905
(169,181)(11908,19971)(10000,60000)	NODE_1829_length_24120_cov_3.416802	35000	14	0.026363
(26,58)(12845,41962)(10000,60000)	NODE_182_length_42465_cov_3.622362	35000	34	0.151351
(19,29)(16400,23404)(10000,60000)	NODE_1830_length_24112_cov_3.846875	35000	12	0.067719
(6,69)(20509,22353)(20000,70000)	NODE_1831_length_24109_cov_3.330071	45000	65	0.090800
(6,70)(13622,23868)(10000,60000)	NODE_1832_length_24107_cov_3.186355	35000	66	0.088030
(6,11)(13088,22188)(10000,60000)	NODE_1834_length_24096_cov_3.791641	35000	7	0.133942
(2,6)(12581,14052)(10000,60000)	NODE_1835_length_24096_cov_3.445306	35000	6	0.317098
(17,42)(12078,22426)(10000,60000)	NODE_1836_length_24089_cov_3.559275	35000	27	0.161095
(5,23)(10953,22272)(10000,60000)	NODE_1837_length_24079_cov_3.128649	35000	20	0.096414
(19,30)(15248,19243)(10000,60000)	NODE_1838_length_24073_cov_3.516726	35000	13	0.310979
(3,90)(14434,39399)(10000,60000)	NODE_183_length_42389_cov_3.371128	35000	89	0.072397
(9,18)(12462,23287)(10000,60000)	NODE_1840_length_24068_cov_3.717260	35000	11	0.150137
(24,34)(10909,21522)(10000,60000)	NODE_1841_length_24058_cov_3.444384	35000	12	0.086128
(70,70)(10121,10121)(10000,60000)	NODE_1842_length_24057_cov_3.525962	35000	2	0.010258
(21,28)(13265,17761)(10000,60000)	NODE_1843_length_24057_cov_3.200017	35000	9	0.098070
(13,140)(14353,18063)(10000,60000)	NODE_1844_length_24055_cov_3.760728	35000	129	0.050130
(108,118)(14069,21066)(10000,60000)	NODE_1845_length_24054_cov_2.999332	35000	12	0.118008
(2,129)(21411,24043)(20000,70000)	NODE_1846_length_24047_cov_3.657633	45000	129	0.042074
(9,30)(11059,24033)(10000,60000)	NODE_1847_length_24045_cov_3.679821	35000	23	0.214566
(5,6)(17106,17123)(10000,60000)	NODE_1848_length_24038_cov_3.544091	35000	3	0.059603
(16,36)(11385,18499)(10000,60000)	NODE_1849_length_24038_cov_3.420987	35000	22	0.405717
(9,24)(20921,42150)(10000,60000)	NODE_184_length_42385_cov_3.498889	35000	17	0.167529
(47,84)(10022,21247)(10000,60000)	NODE_1850_length_24034_cov_3.733194	35000	39	0.081346
(7,19)(12419,23485)(10000,60000)	NODE_1851_length_24018_cov_3.448179	35000	14	0.092690
(49,49)(24015,24015)(20000,70000)	NODE_1852_length_24016_cov_3.897270	45000	2	0.009036
(3,137)(20193,22392)(20000,70000)	NODE_1853_length_24013_cov_3.721084	45000	136	0.048676
(5,16)(10158,23953)(10000,60000)	NODE_1854_length_24006_cov_3.492073	35000	13	0.116210
(1,10)(10455,23824)(10000,60000)	NODE_1855_length_24002_cov_3.532067	35000	11	0.368839
(5,14)(21281,21316)(10000,60000)	NODE_1856_length_23988_cov_3.840889	35000	11	0.069218
(2,11)(12540,21545)(10000,60000)	NODE_1857_length_23983_cov_3.928153	35000	11	0.205324
(208,372)(10092,20078)(10000,60000)	NODE_1858_length_23983_cov_3.179241	35000	166	0.090191
(8,10)(13510,14915)(10000,60000)	NODE_1859_length_23967_cov_3.526018	35000	4	0.180605
(5,39)(10709,42234)(10000,60000)	NODE_185_length_42382_cov_3.751248	35000	36	0.159117
(29,40)(17908,22722)(10000,60000)	NODE_1861_length_23965_cov_3.299087	35000	13	0.334417
(12,14)(10038,17889)(10000,60000)	NODE_1862_length_23963_cov_3.301877	35000	4	0.104672
(7,22)(12416,22860)(10000,60000)	NODE_1863_length_23961_cov_3.533275	35000	17	0.152829
(7,78)(10650,23914)(10000,60000)	NODE_1864_length_23961_cov_3.508759	35000	73	0.071406
(29,45)(13660,23856)(10000,60000)	NODE_1865_length_23952_cov_3.468704	35000	18	0.124462
(34,51)(17061,23946)(10000,60000)	NODE_1866_length_23948_cov_3.620529	35000	19	0.069201
(4,6)(15899,21770)(10000,60000)	NODE_1867_length_23946_cov_3.728855	35000	4	0.119605
(29,89)(10292,23158)(10000,60000)	NODE_1868_length_23944_cov_3.883414	35000	62	0.118322
(29,60)(11307,21955)(10000,60000)	NODE_1869_length_23943_cov_3.695479	35000	33	0.225200
(7,33)(10692,37631)(10000,60000)	NODE_186_length_42282_cov_3.590356	35000	28	0.058464
(14,25)(11521,17996)(10000,60000)	NODE_1870_length_23942_cov_3.614856	35000	13	0.123544
(20,27)(16723,21897)(10000,60000)	NODE_1872_length_23935_cov_3.320649	35000	9	0.101567
(6,84)(10135,21841)(10000,60000)	NODE_1873_length_23924_cov_3.902371	35000	80	0.051603
(2,9)(10868,14979)(10000,60000)	NODE_1874_length_23917_cov_3.707364	35000	9	0.091860
(49,468)(10308,20307)(10000,60000)	NODE_1875_length_23908_cov_3.929186	35000	421	0.064479
(2,30)(10139,11329)(10000,60000)	NODE_1876_length_23906_cov_3.731928	35000	30	0.112992
(14,14)(19238,19238)(10000,60000)	NODE_1877_length_23901_cov_3.679355	35000	2	0.180079
(91,96)(20880,21977)(10000,60000)	NODE_1878_length_23899_cov_3.453319	35000	7	0.100721
(8,51)(10181,27651)(10000,60000)	NODE_187_length_42265_cov_3.866907	35000	45	0.200054
(52,88)(11369,20581)(10000,60000)	NODE_1880_length_23875_cov_3.459749	35000	38	0.055796
(5,16)(18677,21776)(10000,60000)	NODE_1881_length_23866_cov_3.308495	35000	13	0.120623
(16,38)(11582,22120)(10000,60000)	NODE_1882_length_23864_cov_3.066358	35000	24	0.241305
(3,18)(12434,22806)(10000,60000)	NODE_1883_length_23862_cov_3.718933	35000	17	0.219383
(3,82)(14162,23284)(10000,60000)	NODE_1884_length_23855_cov_3.701970	35000	81	0.125823
(15,24)(13582,19618)(10000,60000)	NODE_1885_length_23853_cov_3.455250	35000	11	0.334958
(10,30)(10191,23123)(10000,60000)	NODE_1886_length_23840_cov_3.339918	35000	22	0.234944
(16,32)(11140,19371)(10000,60000)	NODE_1887_length_23837_cov_3.553627	35000	18	0.321318
(7,9)(20432,21327)(10000,60000)	NODE_1888_length_23836_cov_3.499221	35000	4	0.193486
(2,16)(10416,12482)(10000,60000)	NODE_1889_length_23831_cov_3.309456	35000	16	0.199733
(2,45)(11470,42191)(10000,60000)	NODE_188_length_42261_cov_3.394953	35000	45	0.110127
(32,170)(13385,23698)(10000,60000)	NODE_1891_length_23818_cov_3.615077	35000	140	0.103923
(6,31)(10735,12929)(10000,60000)	NODE_1892_length_23816_cov_3.164566	35000	27	0.346642
(49,76)(17942,20627)(10000,60000)	NODE_1893_length_23812_cov_3.274027	35000	29	0.061783
(34,45)(11577,11786)(10000,60000)	NODE_1894_length_23804_cov_3.600422	35000	13	0.151661
(58,67)(11734,22677)(10000,60000)	NODE_1895_length_23803_cov_3.578257	35000	11	0.144178
(8,12)(15911,20881)(10000,60000)	NODE_1896_length_23803_cov_3.574544	35000	6	0.520375
(18,75)(11537,19822)(10000,60000)	NODE_1897_length_23798_cov_6.283725	35000	59	0.113736
(21,209)(11907,21656)(10000,60000)	NODE_1898_length_23793_cov_3.415590	35000	190	0.058870
(6,8)(14246,22772)(10000,60000)	NODE_1899_length_23788_cov_3.473173	35000	4	0.215563
(16,45)(15637,41990)(10000,60000)	NODE_189_length_42224_cov_3.877056	35000	31	0.190674
(65,209)(10099,56805)(10000,60000)	NODE_18_length_63337_cov_3.725956	35000	146	0.065867
(12,12)(15032,15032)(10000,60000)	NODE_1900_length_23785_cov_3.601326	35000	2	0.632565
(48,55)(11095,23399)(10000,60000)	NODE_1901_length_23781_cov_3.366143	35000	9	0.401443
(278,288)(12088,23355)(10000,60000)	NODE_1902_length_23774_cov_3.562872	35000	12	0.303870
(5,15)(16359,20435)(10000,60000)	NODE_1903_length_23767_cov_3.324700	35000	12	0.351832
(399,399)(22396,22396)(10000,60000)	NODE_1904_length_23767_cov_2.833742	35000	2	0.029487
(9,19)(10759,19956)(10000,60000)	NODE_1906_length_23759_cov_3.709214	35000	12	0.423891
(48,78)(18297,22671)(10000,60000)	NODE_1907_length_23750_cov_3.165532	35000	32	0.054423
(4,19)(14690,23063)(10000,60000)	NODE_1908_length_23746_cov_3.334757	35000	17	0.207273
(21,24)(10557,23343)(10000,60000)	NODE_1909_length_23744_cov_3.356185	35000	5	0.382401
(50,67)(17164,42039)(10000,60000)	NODE_190_length_42200_cov_3.471984	35000	19	0.134174
(12,17)(12128,22985)(10000,60000)	NODE_1910_length_23739_cov_3.439298	35000	7	0.105669
(3,11)(13076,21827)(10000,60000)	NODE_1911_length_23738_cov_3.369686	35000	10	0.146147
(13,19)(11749,21860)(10000,60000)	NODE_1912_length_23737_cov_3.807302	35000	8	0.095439
(23,53)(11114,17259)(10000,60000)	NODE_1913_length_23729_cov_3.783157	35000	32	0.174553
(10,22)(15913,19697)(10000,60000)	NODE_1914_length_23724_cov_3.741164	35000	14	0.077396
(2,22)(11725,23184)(10000,60000)	NODE_1915_length_23720_cov_2.959951	35000	22	0.320817
(213,223)(10363,21643)(10000,60000)	NODE_1916_length_23719_cov_3.565495	35000	12	0.287901
(10,14)(12813,17987)(10000,60000)	NODE_1917_length_23718_cov_3.465981	35000	6	0.111870
(51,54)(15841,18226)(10000,60000)	NODE_1918_length_23717_cov_3.687653	35000	5	0.125141
(9,30)(12231,22355)(10000,60000)	NODE_1919_length_23717_cov_3.651749	35000	23	0.333389
(9,117)(10778,37054)(10000,60000)	NODE_191_length_42089_cov_3.205406	35000	110	0.157223
(13,43)(12662,22957)(10000,60000)	NODE_1920_length_23714_cov_3.597459	35000	32	0.473669
(12,25)(14357,22800)(10000,60000)	NODE_1921_length_23713_cov_3.555264	35000	15	0.131905
(6,207)(13067,23452)(10000,60000)	NODE_1922_length_23710_cov_3.707552	35000	203	0.058741
(8,36)(11339,17233)(10000,60000)	NODE_1923_length_23709_cov_3.724100	35000	30	0.057147
(9,12)(19341,22078)(10000,60000)	NODE_1924_length_23708_cov_3.208692	35000	5	0.031090
(10,73)(10901,23553)(10000,60000)	NODE_1925_length_23707_cov_3.891096	35000	65	0.075453
(1,9)(18598,18710)(10000,60000)	NODE_1926_length_23704_cov_3.935437	35000	10	0.072126
(7,17)(13403,23208)(10000,60000)	NODE_1927_length_23700_cov_3.592941	35000	12	0.123521
(3,4)(12475,22447)(10000,60000)	NODE_1928_length_23700_cov_3.483793	35000	3	0.024577
(35,43)(15200,20039)(10000,60000)	NODE_1929_length_23699_cov_3.638602	35000	10	0.416095
(55,71)(15532,37071)(10000,60000)	NODE_192_length_42042_cov_3.647998	35000	18	0.284921
(63,65)(10181,17393)(10000,60000)	NODE_1930_length_23698_cov_3.176024	35000	4	0.029322
(5,6)(21402,21422)(20000,70000)	NODE_1931_length_23695_cov_3.307425	45000	3	0.224067
(16,16)(20057,20057)(20000,70000)	NODE_1932_length_23690_cov_3.097622	45000	2	0.006100
(12,15)(10688,21069)(10000,60000)	NODE_1933_length_23689_cov_3.379907	35000	5	0.125541
(26,27)(14398,17121)(10000,60000)	NODE_1934_length_23687_cov_3.769162	35000	3	0.111361
(2,30)(10590,16597)(10000,60000)	NODE_1935_length_23687_cov_3.183186	35000	30	0.103006
(17,96)(11948,17085)(10000,60000)	NODE_1936_length_23677_cov_3.578336	35000	81	0.051757
(4,202)(10189,19055)(10000,60000)	NODE_1938_length_23659_cov_3.776952	35000	200	0.059110
(9,23)(14879,20605)(10000,60000)	NODE_1939_length_23659_cov_3.355136	35000	16	0.065946
(15,57)(11751,38499)(10000,60000)	NODE_193_length_41971_cov_3.628821	35000	44	0.434065
(22,80)(12562,23131)(10000,60000)	NODE_1941_length_23656_cov_3.796961	35000	60	0.078104
(114,409)(12564,23504)(10000,60000)	NODE_1942_length_23651_cov_3.065175	35000	297	0.059214
(5,12)(12800,21672)(10000,60000)	NODE_1943_length_23647_cov_3.691736	35000	9	0.131298
(12,31)(10247,22228)(10000,60000)	NODE_1944_length_23646_cov_3.491145	35000	21	0.474775
(11,18)(13496,20068)(10000,60000)	NODE_1945_length_23646_cov_3.478362	35000	9	0.028933
(25,30)(10726,19696)(10000,60000)	NODE_1946_length_23645_cov_3.859297	35000	7	0.070949
(10,45)(14121,23638)(10000,60000)	NODE_1947_length_23645_cov_3.407330	35000	37	0.020279
(5,12)(13058,21392)(10000,60000)	NODE_1948_length_23641_cov_3.859698	35000	9	0.066728
(69,70)(20685,20691)(10000,60000)	NODE_1949_length_23629_cov_3.309222	35000	3	0.399780
(1,59)(20954,33743)(20000,70000)	NODE_194_length_41962_cov_3.628741	45000	60	0.096144
(53,282)(10096,17617)(10000,60000)	NODE_1950_length_23628_cov_3.900761	35000	231	0.070606
(229,238)(10559,20776)(10000,60000)	NODE_1951_length_23627_cov_3.914272	35000	11	0.175041
(61,286)(10784,21881)(10000,60000)	NODE_1952_length_23626_cov_3.223615	35000	227	0.065207
(51,58)(14563,15191)(10000,60000)	NODE_1953_length_23625_cov_3.709683	35000	9	0.100634
(9,43)(11650,22316)(10000,60000)	NODE_1955_length_23621_cov_3.672264	35000	36	0.092380
(115,173)(11245,23308)(10000,60000)	NODE_1956_length_23614_cov_3.745524	35000	60	0.094597
(11,14)(11816,22185)(10000,60000)	NODE_1958_length_23612_cov_3.299621	35000	5	0.509860
(4,26)(13065,22846)(10000,60000)	NODE_1959_length_23610_cov_3.622390	35000	24	0.258548
(16,163)(11409,40879)(10000,60000)	NODE_195_length_41947_cov_3.267444	35000	149	0.095329
(4,28)(10868,21388)(10000,60000)	NODE_1960_length_23605_cov_3.628095	35000	26	0.170840
(1,1)(21349,21349)(20000,70000)	NODE_1961_length_23593_cov_3.519877	45000	2	0.240005
(2,26)(11438,23569)(10000,60000)	NODE_1962_length_23581_cov_3.253769	35000	26	0.152598
(2,2)(10053,10053)(10000,60000)	NODE_1963_length_23574_cov_3.463685	35000	2	0.038858
(73,81)(10015,14664)(10000,60000)	NODE_1964_length_23568_cov_3.723252	35000	10	0.379960
(8,17)(13360,23210)(10000,60000)	NODE_1965_length_23566_cov_3.656113	35000	11	0.089403
(3,13)(13903,19809)(10000,60000)	NODE_1966_length_23563_cov_4.327864	35000	12	0.095330
(47,57)(11303,21197)(10000,60000)	NODE_1967_length_23557_cov_3.434095	35000	12	0.233102
(1,5)(12853,16759)(10000,60000)	NODE_1968_length_23555_cov_3.575034	35000	6	0.063749
(15,46)(13904,16646)(10000,60000)	NODE_1969_length_23545_cov_3.589226	35000	33	0.071587
(165,175)(18071,37868)(10000,60000)	NODE_196_length_41906_cov_3.453513	35000	12	0.272259
(1,24)(12472,19726)(10000,60000)	NODE_1970_length_23544_cov_3.486031	35000	25	0.288676
(30,95)(10065,22495)(10000,60000)	NODE_1972_length_23539_cov_3.373763	35000	67	0.091842
(5,27)(14342,22401)(10000,60000)	NODE_1973_length_23529_cov_3.910414	35000	24	0.162413
(27,32)(15317,19209)(10000,60000)	NODE_1974_length_23529_cov_3.499531	35000	7	0.204115
(20,30)(10087,21876)(10000,60000)	NODE_1975_length_23526_cov_3.953985	35000	12	0.151332
(2,11)(19897,23182)(10000,60000)	NODE_1976_length_23525_cov_3.535175	35000	11	0.133272
(12,94)(10117,23481)(10000,60000)	NODE_1977_length_23525_cov_3.497994	35000	84	0.063059
(6,27)(10099,23385)(10000,60000)	NODE_1978_length_23523_cov_3.476904	35000	23	0.229966
(12,45)(10622,17116)(10000,60000)	NODE_1979_length_23522_cov_3.458353	35000	35	0.291131
(10,201)(17749,39614)(10000,60000)	NODE_197_length_41809_cov_3.756749	35000	193	0.066305
(5,6)(18062,20338)(10000,60000)	NODE_1980_length_23520_cov_3.629606	35000	3	0.202967
(3,33)(11155,23002)(10000,60000)	NODE_1982_length_23519_cov_3.510418	35000	32	0.147899
(5,7)(22812,22816)(10000,60000)	NODE_1984_length_23515_cov_2.895157	35000	4	0.049743
(8,18)(20873,23342)(20000,70000)	NODE_1985_length_23514_cov_3.715268	45000	12	0.113577
(3,86)(10972,23255)(10000,60000)	NODE_1986_length_23502_cov_3.402256	35000	85	0.124755
(21,36)(21033,23130)(20000,70000)	NODE_1987_length_23501_cov_3.723613	45000	17	0.072930
(17,25)(10510,18466)(10000,60000)	NODE_1988_length_23490_cov_3.589971	35000	10	0.353719
(39,46)(12183,18650)(10000,60000)	NODE_1989_length_23482_cov_3.376983	35000	9	0.200046
(6,19)(13106,34170)(10000,60000)	NODE_198_length_41807_cov_3.509710	35000	15	0.219209
(43,43)(23324,23324)(10000,60000)	NODE_1990_length_23479_cov_4.265954	35000	2	0.007750
(26,61)(10246,22387)(10000,60000)	NODE_1991_length_23474_cov_3.612706	35000	37	0.106931
(2,5)(14094,19773)(10000,60000)	NODE_1992_length_23474_cov_3.605305	35000	5	0.479619
(8,179)(10625,19619)(10000,60000)	NODE_1993_length_23472_cov_3.038420	35000	173	0.059449
(1,3)(12459,18383)(10000,60000)	NODE_1994_length_23468_cov_3.332749	35000	4	0.566290
(14,14)(11159,11159)(10000,60000)	NODE_1995_length_23467_cov_3.583276	35000	2	0.024210
(197,202)(11034,11650)(10000,60000)	NODE_1996_length_23467_cov_3.313377	35000	7	0.125914
(4,14)(12902,22063)(10000,60000)	NODE_1999_length_23457_cov_3.703399	35000	12	0.269482
(10,23)(11784,33457)(10000,60000)	NODE_199_length_41706_cov_3.466436	35000	15	0.123438
(1,25)(15578,53793)(10000,60000)	NODE_19_length_63044_cov_3.511732	35000	26	0.315826
(3,23)(23085,60517)(20000,70000)	NODE_1_length_116598_cov_3.811458	45000	22	0.315041
(8,37)(32059,76974)(30000,80000)	NODE_1_length_116598_cov_3.811458	55000	31	0.323760
(11,50)(41183,89264)(40000,90000)	NODE_1_length_116598_cov_3.811458	65000	41	0.252072
(17,64)(51308,99522)(50000,100000)	NODE_1_length_116598_cov_3.811458	75000	49	0.252530
(22,71)(60490,107987)(60000,110000)	NODE_1_length_116598_cov_3.811458	85000	51	0.250168
(12,31)(10562,21557)(10000,60000)	NODE_2000_length_23456_cov_3.797405	35000	21	0.249143
(2,21)(10236,20258)(10000,60000)	NODE_2001_length_23456_cov_3.697735	35000	21	0.147249
(11,15)(12986,21615)(10000,60000)	NODE_2002_length_23456_cov_3.548358	35000	6	0.061123
(5,24)(12416,23375)(10000,60000)	NODE_2003_length_23455_cov_3.684706	35000	21	0.131584
(4,13)(14536,19423)(10000,60000)	NODE_2004_length_23454_cov_3.823036	35000	11	0.227199
(29,55)(11569,22202)(10000,60000)	NODE_2005_length_23450_cov_3.690120	35000	28	0.218749
(11,13)(22415,23143)(20000,70000)	NODE_2006_length_23447_cov_3.368940	45000	4	0.162196
(13,131)(10070,22780)(10000,60000)	NODE_2007_length_23443_cov_3.450565	35000	120	0.061762
(100,153)(11231,22953)(10000,60000)	NODE_2008_length_23441_cov_3.155000	35000	55	0.083182
(44,72)(17991,23409)(10000,60000)	NODE_2009_length_23441_cov_3.112287	35000	30	0.105998
(3,67)(16485,31081)(10000,60000)	NODE_200_length_41646_cov_4.106626	35000	66	0.131819
(81,123)(10650,17857)(10000,60000)	NODE_2010_length_23440_cov_3.802365	35000	44	0.138986
(7,12)(12617,21919)(10000,60000)	NODE_2011_length_23433_cov_4.234508	35000	7	0.417258
(25,28)(10289,15673)(10000,60000)	NODE_2012_length_23428_cov_3.126452	35000	5	0.163519
(11,23)(10087,19115)(10000,60000)	NODE_2014_length_23412_cov_3.260970	35000	14	0.198232
(132,1194)(12923,22411)(10000,60000)	NODE_2015_length_23411_cov_6.544012	35000	1064	0.157901
(13,21)(10824,22275)(10000,60000)	NODE_2016_length_23404_cov_3.795924	35000	10	0.138751
(3,5)(22798,22813)(20000,70000)	NODE_2017_length_23402_cov_3.052096	45000	4	0.078126
(18,45)(14094,20533)(10000,60000)	NODE_2018_length_23400_cov_3.277799	35000	29	0.224739
(4,6)(14726,22276)(10000,60000)	NODE_2019_length_23392_cov_3.431503	35000	4	0.034244
(3,37)(12040,37346)(10000,60000)	NODE_201_length_41642_cov_3.623523	35000	36	0.271016
(63,104)(11631,23027)(10000,60000)	NODE_2020_length_23387_cov_3.698385	35000	43	0.083057
(18,30)(10353,21875)(10000,60000)	NODE_2021_length_23386_cov_3.703440	35000	14	0.204189
(9,106)(19042,19332)(10000,60000)	NODE_2022_length_23386_cov_2.886288	35000	99	0.035290
(10,31)(11992,20903)(10000,60000)	NODE_2023_length_23384_cov_3.414344	35000	23	0.222853
(6,17)(10476,22192)(10000,60000)	NODE_2024_length_23383_cov_3.411742	35000	13	0.322335
(28,73)(11437,23371)(10000,60000)	NODE_2025_length_23381_cov_3.595138	35000	47	0.186954
(14,18)(10319,22552)(10000,60000)	NODE_2026_length_23380_cov_4.035694	35000	6	0.469262
(5,9)(10235,15526)(10000,60000)	NODE_2027_length_23379_cov_3.402491	35000	6	0.076920
(7,34)(10782,23061)(10000,60000)	NODE_2028_length_23378_cov_3.647064	35000	29	0.114173
(85,86)(17767,23281)(10000,60000)	NODE_2029_length_23377_cov_3.710499	35000	3	0.028018
(7,30)(10637,35564)(10000,60000)	NODE_202_length_41616_cov_3.134041	35000	25	0.127202
(13,19)(10818,21470)(10000,60000)	NODE_2030_length_23375_cov_3.562854	35000	8	0.106405
(11,36)(11084,20485)(10000,60000)	NODE_2031_length_23374_cov_3.216241	35000	27	0.189142
(2,28)(10390,23359)(10000,60000)	NODE_2032_length_23366_cov_3.413332	35000	28	0.153441
(91,119)(10594,17949)(10000,60000)	NODE_2033_length_23363_cov_3.723994	35000	30	0.061605
(31,51)(10915,22870)(10000,60000)	NODE_2034_length_23359_cov_3.828590	35000	22	0.164413
(19,28)(20016,22283)(20000,70000)	NODE_2035_length_23358_cov_3.499291	45000	11	0.076217
(121,239)(10444,20795)(10000,60000)	NODE_2036_length_23353_cov_3.162553	35000	120	0.039635
(4,42)(11123,22910)(10000,60000)	NODE_2037_length_23349_cov_3.449118	35000	40	0.180029
(1,37)(10581,11207)(10000,60000)	NODE_2038_length_23349_cov_3.416903	35000	38	0.054547
(21,71)(16086,22123)(10000,60000)	NODE_2039_length_23349_cov_3.240516	35000	52	0.038517
(8,50)(19489,40721)(10000,60000)	NODE_203_length_41539_cov_3.451375	35000	44	0.113691
(6,6)(10720,10720)(10000,60000)	NODE_2040_length_23348_cov_3.764635	35000	2	0.089725
(8,16)(10976,20330)(10000,60000)	NODE_2041_length_23343_cov_3.708312	35000	10	0.050995
(17,20)(10662,22249)(10000,60000)	NODE_2043_length_23341_cov_3.565743	35000	5	0.107523
(15,41)(13500,22433)(10000,60000)	NODE_2044_length_23337_cov_3.582795	35000	28	0.104680
(11,23)(12095,22575)(10000,60000)	NODE_2045_length_23332_cov_3.486334	35000	14	0.212213
(1,27)(11056,14625)(10000,60000)	NODE_2046_length_23331_cov_3.320420	35000	28	0.035566
(7,31)(17981,21871)(10000,60000)	NODE_2047_length_23330_cov_4.408807	35000	26	0.159423
(8,10)(10061,16553)(10000,60000)	NODE_2048_length_23327_cov_3.298562	35000	4	0.102471
(52,67)(10040,21098)(10000,60000)	NODE_2049_length_23325_cov_3.614096	35000	17	0.115161
(1,95)(10185,23357)(10000,60000)	NODE_204_length_41437_cov_3.385118	35000	96	0.075350
(96,118)(12785,21119)(10000,60000)	NODE_2051_length_23321_cov_3.781543	35000	24	0.191694
(47,136)(13737,23313)(10000,60000)	NODE_2052_length_23320_cov_3.296111	35000	91	0.066967
(4,97)(18100,19458)(10000,60000)	NODE_2053_length_23317_cov_3.307908	35000	95	0.080306
(28,165)(11069,16904)(10000,60000)	NODE_2054_length_23312_cov_3.852540	35000	139	0.092322
(39,46)(10502,21518)(10000,60000)	NODE_2055_length_23312_cov_3.195623	35000	9	0.268321
(6,19)(20152,20324)(10000,60000)	NODE_2056_length_23308_cov_3.699858	35000	15	0.209400
(5,15)(21792,22954)(10000,60000)	NODE_2057_length_23307_cov_3.641632	35000	12	0.311034
(16,33)(10171,21449)(10000,60000)	NODE_2058_length_23306_cov_3.977464	35000	19	0.252466
(32,33)(14034,19137)(10000,60000)	NODE_2059_length_23303_cov_3.934882	35000	3	0.053075
(212,270)(11569,41232)(10000,60000)	NODE_205_length_41392_cov_3.439324	35000	60	0.212544
(9,210)(20936,22513)(20000,70000)	NODE_2060_length_23303_cov_3.748535	45000	203	0.068739
(1,7)(12004,12910)(10000,60000)	NODE_2061_length_23301_cov_3.999612	35000	8	0.034423
(7,12)(20487,20545)(10000,60000)	NODE_2062_length_23296_cov_3.516101	35000	7	0.383387
(14,94)(11356,22912)(10000,60000)	NODE_2063_length_23296_cov_3.365306	35000	82	0.069693
(1,10)(10778,16366)(10000,60000)	NODE_2064_length_23289_cov_3.878655	35000	11	0.122414
(6,365)(13074,23196)(10000,60000)	NODE_2065_length_23288_cov_3.860969	35000	361	0.072555
(1,39)(11409,17870)(10000,60000)	NODE_2066_length_23283_cov_3.392512	35000	40	0.072177
(9,22)(10109,16773)(10000,60000)	NODE_2067_length_23281_cov_3.638426	35000	15	0.207689
(10,120)(10087,16016)(10000,60000)	NODE_2068_length_23278_cov_3.393071	35000	112	0.047722
(4,9)(17045,22601)(10000,60000)	NODE_2069_length_23272_cov_3.517197	35000	7	0.140967
(5,69)(15128,29663)(10000,60000)	NODE_206_length_41384_cov_3.788446	35000	66	0.212697
(9,17)(21025,23007)(10000,60000)	NODE_2071_length_23263_cov_3.696037	35000	10	0.175347
(6,18)(14142,22484)(10000,60000)	NODE_2072_length_23262_cov_3.764279	35000	14	0.345052
(8,31)(10348,22865)(10000,60000)	NODE_2073_length_23259_cov_3.476684	35000	25	0.228484
(42,45)(10041,21831)(10000,60000)	NODE_2074_length_23258_cov_3.318969	35000	5	0.514849
(18,23)(13716,18413)(10000,60000)	NODE_2075_length_23256_cov_3.919549	35000	7	0.104485
(27,29)(16080,16802)(10000,60000)	NODE_2076_length_23251_cov_3.165385	35000	4	0.170315
(1,14)(12803,20202)(10000,60000)	NODE_2077_length_23250_cov_3.137791	35000	15	0.233397
(474,481)(11122,14183)(10000,60000)	NODE_2078_length_23248_cov_4.591861	35000	9	0.347923
(8,10)(18956,19959)(10000,60000)	NODE_2079_length_23248_cov_3.169727	35000	4	0.297590
(75,99)(10175,39799)(10000,60000)	NODE_207_length_41361_cov_3.636179	35000	26	0.194218
(6,21)(11431,21044)(10000,60000)	NODE_2080_length_23242_cov_3.768742	35000	17	0.126525
(8,51)(12430,22677)(10000,60000)	NODE_2081_length_23242_cov_2.928142	35000	45	0.201552
(13,52)(20438,23232)(20000,70000)	NODE_2082_length_23238_cov_3.536713	45000	41	0.277976
(39,120)(10614,16522)(10000,60000)	NODE_2083_length_23235_cov_3.607063	35000	83	0.084387
(38,204)(10033,22158)(10000,60000)	NODE_2084_length_23229_cov_3.384609	35000	168	0.063360
(7,31)(14373,23218)(10000,60000)	NODE_2085_length_23227_cov_3.189813	35000	26	0.100120
(5,15)(12602,22165)(10000,60000)	NODE_2086_length_23224_cov_3.420108	35000	12	0.129413
(7,30)(11611,22469)(10000,60000)	NODE_2087_length_23223_cov_3.867540	35000	25	0.085890
(31,38)(13236,19085)(10000,60000)	NODE_2088_length_23215_cov_3.442594	35000	9	0.109422
(1,9)(11398,12100)(10000,60000)	NODE_2089_length_23215_cov_3.278768	35000	10	0.119748
(17,25)(23857,29826)(20000,70000)	NODE_208_length_41351_cov_3.750703	45000	10	0.273766
(14,68)(10315,22420)(10000,60000)	NODE_2090_length_23212_cov_3.299875	35000	56	0.064736
(65,70)(18423,19114)(10000,60000)	NODE_2091_length_23211_cov_3.235462	35000	7	0.087221
(6,22)(13226,18091)(10000,60000)	NODE_2092_length_23210_cov_3.565445	35000	18	0.174717
(225,225)(18616,18616)(10000,60000)	NODE_2093_length_23206_cov_3.592245	35000	2	0.105782
(5,13)(11491,21677)(10000,60000)	NODE_2094_length_23205_cov_3.569246	35000	10	0.092012
(6,11)(13515,19293)(10000,60000)	NODE_2095_length_23197_cov_3.093385	35000	7	0.125282
(21,145)(19112,20033)(10000,60000)	NODE_2096_length_23194_cov_3.071487	35000	126	0.046359
(4,33)(10848,19466)(10000,60000)	NODE_2097_length_23189_cov_4.069857	35000	31	0.172915
(3,79)(22797,23018)(10000,60000)	NODE_2099_length_23179_cov_3.219411	35000	78	0.057097
(47,81)(17062,39437)(10000,60000)	NODE_209_length_41344_cov_3.421772	35000	36	0.127164
(18,162)(10724,57937)(10000,60000)	NODE_20_length_62940_cov_3.656116	35000	146	0.140063
(40,174)(10321,21392)(10000,60000)	NODE_2100_length_23175_cov_3.174684	35000	136	0.086114
(1,3)(22494,22521)(10000,60000)	NODE_2101_length_23170_cov_3.681722	35000	4	0.558046
(23,53)(11401,11496)(10000,60000)	NODE_2102_length_23166_cov_3.695973	35000	32	0.061293
(1,10)(22929,23153)(20000,70000)	NODE_2103_length_23162_cov_3.756103	45000	11	0.087810
(9,53)(12570,17347)(10000,60000)	NODE_2104_length_23154_cov_3.371329	35000	46	0.047217
(12,19)(10131,17810)(10000,60000)	NODE_2105_length_23145_cov_3.964115	35000	9	0.149143
(12,17)(11116,11134)(10000,60000)	NODE_2107_length_23143_cov_3.382703	35000	7	0.165630
(9,222)(18605,22287)(10000,60000)	NODE_2108_length_23135_cov_5.064030	35000	215	0.083519
(3,12)(10011,20522)(10000,60000)	NODE_2109_length_23135_cov_3.659446	35000	11	0.320929
(3,75)(11816,41276)(10000,60000)	NODE_210_length_41304_cov_3.810897	35000	74	0.085424
(1,4)(15262,18880)(10000,60000)	NODE_2110_length_23134_cov_4.136401	35000	5	0.023254
(27,78)(10009,23119)(10000,60000)	NODE_2111_length_23128_cov_4.136654	35000	53	0.082556
(28,34)(10176,19546)(10000,60000)	NODE_2112_length_23127_cov_3.550591	35000	8	0.105062
(17,70)(10725,22405)(10000,60000)	NODE_2113_length_23116_cov_2.968806	35000	55	0.094331
(57,120)(17262,20584)(10000,60000)	NODE_2114_length_23115_cov_3.352059	35000	65	0.100812
(27,61)(11187,19449)(10000,60000)	NODE_2115_length_23110_cov_3.674243	35000	36	0.166131
(14,179)(17935,18478)(10000,60000)	NODE_2118_length_23088_cov_3.965592	35000	167	0.054830
(9,41)(10183,22862)(10000,60000)	NODE_2119_length_23088_cov_3.596329	35000	34	0.294447
(21,51)(12945,36391)(10000,60000)	NODE_211_length_41295_cov_3.722716	35000	32	0.072043
(9,31)(12922,20692)(10000,60000)	NODE_2120_length_23087_cov_3.143336	35000	24	0.201951
(21,21)(11505,11505)(10000,60000)	NODE_2121_length_23078_cov_3.437225	35000	2	0.055102
(3,6)(20788,20800)(10000,60000)	NODE_2123_length_23073_cov_3.471359	35000	5	0.113411
(2,4)(20005,20031)(20000,70000)	NODE_2124_length_23071_cov_3.420904	45000	4	0.134660
(2,5)(12865,16300)(10000,60000)	NODE_2126_length_23065_cov_3.384438	35000	5	0.096976
(102,255)(10134,21708)(10000,60000)	NODE_2127_length_23063_cov_3.184593	35000	155	0.051352
(5,5)(13960,13960)(10000,60000)	NODE_2128_length_23059_cov_3.644556	35000	2	0.033527
(12,24)(17472,17596)(10000,60000)	NODE_2129_length_23055_cov_3.792429	35000	14	0.160676
(11,128)(11066,39390)(10000,60000)	NODE_212_length_41266_cov_3.543712	35000	119	0.059863
(4,111)(11105,20270)(10000,60000)	NODE_2130_length_23054_cov_3.563886	35000	109	0.032897
(22,40)(11775,20967)(10000,60000)	NODE_2131_length_23054_cov_3.285167	35000	20	0.241105
(3,8)(11824,20490)(10000,60000)	NODE_2132_length_23041_cov_3.659969	35000	7	0.242494
(6,23)(10785,13818)(10000,60000)	NODE_2133_length_23040_cov_3.907938	35000	19	0.171179
(2,14)(10051,22227)(10000,60000)	NODE_2134_length_23038_cov_3.680849	35000	14	0.096719
(12,47)(10972,22709)(10000,60000)	NODE_2135_length_23038_cov_3.238502	35000	37	0.153542
(9,45)(10036,23031)(10000,60000)	NODE_2136_length_23037_cov_3.526942	35000	38	0.073970
(74,133)(10826,22890)(10000,60000)	NODE_2137_length_23036_cov_3.852553	35000	61	0.111375
(3,97)(19565,20546)(10000,60000)	NODE_2138_length_23035_cov_4.063089	35000	96	0.042264
(15,35)(13282,17335)(10000,60000)	NODE_2139_length_23035_cov_3.235307	35000	22	0.037363
(3,59)(10232,40118)(10000,60000)	NODE_213_length_41242_cov_3.631092	35000	58	0.245139
(22,39)(13988,15047)(10000,60000)	NODE_2140_length_23027_cov_3.364663	35000	19	0.136482
(35,153)(15823,21476)(10000,60000)	NODE_2141_length_23022_cov_3.352223	35000	120	0.060399
(51,216)(15436,21505)(10000,60000)	NODE_2142_length_23022_cov_3.276273	35000	167	0.077824
(6,30)(10771,22735)(10000,60000)	NODE_2143_length_23021_cov_3.570631	35000	26	0.349791
(19,65)(10572,19450)(10000,60000)	NODE_2144_length_23014_cov_3.575780	35000	48	0.095187
(34,127)(10383,22980)(10000,60000)	NODE_2145_length_23013_cov_3.760583	35000	95	0.063583
(28,48)(10153,22977)(10000,60000)	NODE_2146_length_22991_cov_3.658527	35000	22	0.080304
(9,10)(12508,18512)(10000,60000)	NODE_2147_length_22985_cov_3.616490	35000	3	0.174948
(1,50)(10799,21696)(10000,60000)	NODE_2148_length_22976_cov_3.442715	35000	51	0.105493
(116,150)(10917,40660)(10000,60000)	NODE_214_length_41232_cov_3.405101	35000	36	0.093047
(16,36)(10214,16929)(10000,60000)	NODE_2150_length_22960_cov_3.690915	35000	22	0.128809
(9,15)(10006,21099)(10000,60000)	NODE_2151_length_22952_cov_3.429965	35000	8	0.125209
(4,9)(21156,21221)(20000,70000)	NODE_2152_length_22947_cov_3.348608	45000	7	0.278514
(7,11)(11799,22788)(10000,60000)	NODE_2153_length_22937_cov_3.476881	35000	6	0.139285
(32,32)(18897,18897)(10000,60000)	NODE_2154_length_22936_cov_3.672812	35000	2	0.004956
(10,21)(11798,22027)(10000,60000)	NODE_2155_length_22933_cov_4.226461	35000	13	0.153549
(26,42)(13237,20268)(10000,60000)	NODE_2156_length_22933_cov_4.148200	35000	18	0.366398
(3,112)(18024,18545)(10000,60000)	NODE_2157_length_22931_cov_3.939208	35000	111	0.049050
(3,105)(10736,22693)(10000,60000)	NODE_2158_length_22929_cov_2.942970	35000	104	0.107193
(3,40)(14735,21859)(10000,60000)	NODE_2159_length_22927_cov_3.708122	35000	39	0.067011
(66,104)(13294,35604)(10000,60000)	NODE_215_length_41229_cov_3.549161	35000	40	0.280623
(22,37)(10613,21662)(10000,60000)	NODE_2160_length_22920_cov_3.609000	35000	17	0.329639
(46,82)(10045,22785)(10000,60000)	NODE_2161_length_22919_cov_3.318931	35000	38	0.162705
(34,61)(10249,22142)(10000,60000)	NODE_2162_length_22917_cov_3.674073	35000	29	0.215015
(3,27)(15227,21184)(10000,60000)	NODE_2163_length_22917_cov_3.543694	35000	26	0.090550
(1,10)(20195,22005)(10000,60000)	NODE_2164_length_22912_cov_3.868584	35000	11	0.129104
(41,101)(16110,17800)(10000,60000)	NODE_2165_length_22907_cov_3.632892	35000	62	0.037048
(31,50)(20348,22008)(20000,70000)	NODE_2166_length_22907_cov_3.263942	45000	21	0.077728
(200,250)(10809,21904)(10000,60000)	NODE_2167_length_22907_cov_3.160996	35000	52	0.139021
(36,76)(11827,20447)(10000,60000)	NODE_2168_length_22905_cov_3.941638	35000	42	0.141049
(151,163)(14565,21224)(10000,60000)	NODE_2169_length_22903_cov_3.108928	35000	14	0.154146
(13,44)(12553,40857)(10000,60000)	NODE_216_length_41182_cov_3.547355	35000	33	0.325979
(16,34)(10132,19771)(10000,60000)	NODE_2170_length_22889_cov_3.446468	35000	20	0.131666
(17,56)(10797,21079)(10000,60000)	NODE_2171_length_22886_cov_3.011981	35000	41	0.073830
(1,8)(13694,22824)(10000,60000)	NODE_2172_length_22884_cov_3.970682	35000	9	0.073365
(16,20)(16373,21954)(10000,60000)	NODE_2173_length_22884_cov_3.231951	35000	6	0.064859
(3,28)(12464,22145)(10000,60000)	NODE_2174_length_22875_cov_3.871970	35000	27	0.153672
(1,18)(13436,19194)(10000,60000)	NODE_2175_length_22875_cov_3.497366	35000	19	0.059437
(26,28)(20387,20733)(10000,60000)	NODE_2176_length_22873_cov_3.378809	35000	4	0.483116
(4,57)(14047,22748)(10000,60000)	NODE_2177_length_22867_cov_3.262605	35000	55	0.250058
(29,41)(12653,21887)(10000,60000)	NODE_2178_length_22858_cov_3.361747	35000	14	0.089085
(1,5)(12383,22424)(10000,60000)	NODE_2179_length_22853_cov_3.593390	35000	6	0.082594
(4,10)(31902,38258)(30000,80000)	NODE_217_length_41150_cov_3.686390	55000	8	0.395033
(19,28)(13542,20826)(10000,60000)	NODE_2180_length_22845_cov_4.014244	35000	11	0.128963
(4,40)(12848,16605)(10000,60000)	NODE_2181_length_22843_cov_3.586308	35000	38	0.075394
(35,42)(12064,21264)(10000,60000)	NODE_2182_length_22843_cov_3.514377	35000	9	0.124364
(64,64)(17978,17978)(10000,60000)	NODE_2183_length_22841_cov_3.114942	35000	2	0.076747
(1,36)(12110,22716)(10000,60000)	NODE_2184_length_22837_cov_3.554710	35000	37	0.131021
(36,48)(12306,13640)(10000,60000)	NODE_2185_length_22833_cov_2.490367	35000	14	0.135493
(40,224)(14038,21333)(10000,60000)	NODE_2187_length_22822_cov_2.973815	35000	186	0.068081
(1,50)(10439,21030)(10000,60000)	NODE_2188_length_22821_cov_3.723836	35000	51	0.127431
(12,15)(15415,15448)(10000,60000)	NODE_2189_length_22817_cov_3.772559	35000	5	0.127431
(4,43)(16161,41098)(10000,60000)	NODE_218_length_41107_cov_3.505170	35000	41	0.083610
(76,80)(11949,16917)(10000,60000)	NODE_2190_length_22812_cov_3.351957	35000	6	0.278872
(4,18)(22764,22802)(20000,70000)	NODE_2191_length_22809_cov_3.433994	45000	16	0.028688
(42,56)(22754,22789)(10000,60000)	NODE_2193_length_22799_cov_3.292731	35000	16	0.048160
(3,9)(13286,15865)(10000,60000)	NODE_2194_length_22796_cov_3.524210	35000	8	0.141949
(1,1)(13966,13966)(10000,60000)	NODE_2195_length_22795_cov_3.778904	35000	2	0.166985
(2,7)(15970,16021)(10000,60000)	NODE_2196_length_22795_cov_3.381345	35000	7	0.361371
(154,240)(10257,22055)(10000,60000)	NODE_2197_length_22794_cov_3.734303	35000	88	0.128063
(18,208)(10578,22702)(10000,60000)	NODE_2198_length_22788_cov_3.357971	35000	192	0.061523
(8,10)(12692,12886)(10000,60000)	NODE_2199_length_22786_cov_3.685679	35000	4	0.146872
(33,34)(28451,28458)(20000,70000)	NODE_219_length_41022_cov_3.385993	45000	3	0.048684
(6,89)(10485,59843)(10000,60000)	NODE_21_length_62915_cov_4.070778	35000	85	0.116400
(652,835)(13679,19308)(10000,60000)	NODE_2200_length_22783_cov_24.466981	35000	185	0.225360
(14,323)(15492,21244)(10000,60000)	NODE_2201_length_22777_cov_3.334906	35000	311	0.054757
(11,20)(10137,22474)(10000,60000)	NODE_2202_length_22771_cov_4.021745	35000	11	0.056722
(9,31)(10026,21672)(10000,60000)	NODE_2203_length_22771_cov_3.620545	35000	24	0.242968
(53,76)(13683,18966)(10000,60000)	NODE_2204_length_22770_cov_3.314146	35000	25	0.177441
(1,6)(18619,20027)(10000,60000)	NODE_2205_length_22768_cov_3.500375	35000	7	0.319428
(161,166)(16372,22116)(10000,60000)	NODE_2206_length_22764_cov_3.504434	35000	7	0.097390
(60,67)(17285,21561)(10000,60000)	NODE_2207_length_22762_cov_3.288885	35000	9	0.117550
(13,57)(10857,22227)(10000,60000)	NODE_2208_length_22761_cov_3.688774	35000	46	0.151763
(7,119)(10167,22228)(10000,60000)	NODE_2209_length_22758_cov_3.893376	35000	114	0.097323
(1,282)(15698,37513)(10000,60000)	NODE_220_length_40996_cov_6.368976	35000	283	0.077116
(31,36)(12087,21839)(10000,60000)	NODE_2210_length_22752_cov_3.205712	35000	7	0.030047
(86,99)(13616,22513)(10000,60000)	NODE_2211_length_22751_cov_3.986491	35000	15	0.060827
(1,116)(10767,21852)(10000,60000)	NODE_2212_length_22740_cov_3.779471	35000	117	0.092825
(19,23)(13192,16673)(10000,60000)	NODE_2213_length_22739_cov_3.722659	35000	6	0.153370
(10,34)(14808,22705)(10000,60000)	NODE_2214_length_22724_cov_3.492376	35000	26	0.117333
(36,44)(11714,21219)(10000,60000)	NODE_2215_length_22722_cov_2.987623	35000	10	0.085198
(27,81)(10081,22009)(10000,60000)	NODE_2216_length_22717_cov_3.288841	35000	56	0.038762
(18,18)(10983,10983)(10000,60000)	NODE_2217_length_22715_cov_3.373541	35000	2	0.027275
(11,26)(15182,20864)(10000,60000)	NODE_2218_length_22709_cov_4.261035	35000	17	0.111180
(19,205)(10091,13821)(10000,60000)	NODE_2219_length_22709_cov_3.270942	35000	188	0.061262
(25,56)(10583,40087)(10000,60000)	NODE_221_length_40988_cov_3.832180	35000	33	0.274330
(2,21)(11086,22080)(10000,60000)	NODE_2220_length_22707_cov_3.306352	35000	21	0.299850
(1,3)(15995,16025)(10000,60000)	NODE_2221_length_22705_cov_3.635760	35000	4	0.024458
(191,243)(19627,22617)(10000,60000)	NODE_2222_length_22698_cov_3.552901	35000	54	0.103886
(5,39)(11714,22598)(10000,60000)	NODE_2223_length_22697_cov_3.866802	35000	36	0.366275
(51,384)(10699,22214)(10000,60000)	NODE_2224_length_22695_cov_3.639272	35000	335	0.058607
(12,22)(12797,22299)(10000,60000)	NODE_2225_length_22694_cov_3.639965	35000	12	0.114620
(38,53)(10005,21171)(10000,60000)	NODE_2226_length_22693_cov_3.396742	35000	17	0.083285
(148,171)(14605,18861)(10000,60000)	NODE_2227_length_22693_cov_3.205497	35000	25	0.057128
(24,45)(10273,20860)(10000,60000)	NODE_2228_length_22692_cov_3.831895	35000	23	0.255639
(42,65)(10153,22346)(10000,60000)	NODE_2229_length_22689_cov_3.043338	35000	25	0.156383
(1,39)(28454,38589)(10000,60000)	NODE_222_length_40987_cov_3.563442	35000	40	0.056731
(14,33)(10335,19468)(10000,60000)	NODE_2230_length_22688_cov_3.332551	35000	21	0.195301
(5,9)(13442,22460)(10000,60000)	NODE_2231_length_22687_cov_3.076855	35000	6	0.085708
(11,18)(10001,13777)(10000,60000)	NODE_2232_length_22678_cov_3.493777	35000	9	0.114883
(29,33)(19999,20021)(10000,60000)	NODE_2233_length_22676_cov_3.663994	35000	6	0.236492
(89,89)(13991,13991)(10000,60000)	NODE_2234_length_22672_cov_3.555265	35000	2	0.160424
(1,5)(11202,15665)(10000,60000)	NODE_2235_length_22671_cov_3.894427	35000	6	0.043006
(17,39)(10226,22247)(10000,60000)	NODE_2236_length_22668_cov_3.905047	35000	24	0.314835
(1,60)(13936,21076)(10000,60000)	NODE_2237_length_22664_cov_3.038688	35000	61	0.048093
(5,7)(21363,21395)(10000,60000)	NODE_2238_length_22662_cov_3.248947	35000	4	0.530874
(9,19)(14177,18822)(10000,60000)	NODE_2239_length_22660_cov_3.725189	35000	12	0.316279
(83,126)(11630,39768)(10000,60000)	NODE_223_length_40943_cov_3.337038	35000	45	0.159561
(11,16)(13532,21372)(10000,60000)	NODE_2240_length_22654_cov_3.465351	35000	7	0.140780
(12,16)(13380,14645)(10000,60000)	NODE_2241_length_22650_cov_3.672165	35000	6	0.435505
(3,9)(11468,20061)(10000,60000)	NODE_2242_length_22647_cov_3.763970	35000	8	0.313120
(2,462)(12179,21672)(10000,60000)	NODE_2243_length_22647_cov_3.440970	35000	462	0.067163
(1,1)(10349,10349)(10000,60000)	NODE_2244_length_22646_cov_3.652238	35000	2	0.064022
(3,14)(11828,12466)(10000,60000)	NODE_2245_length_22643_cov_3.420555	35000	13	0.114487
(20,30)(16797,17429)(10000,60000)	NODE_2246_length_22634_cov_3.805325	35000	12	0.282994
(1,6)(22530,22552)(10000,60000)	NODE_2247_length_22634_cov_3.429687	35000	7	0.041782
(50,75)(14439,19365)(10000,60000)	NODE_2248_length_22632_cov_3.084942	35000	27	0.041538
(9,10)(10428,10474)(10000,60000)	NODE_2249_length_22624_cov_3.547969	35000	3	0.604345
(1,54)(16876,40344)(10000,60000)	NODE_224_length_40885_cov_3.756142	35000	55	0.184454
(17,35)(16206,20464)(10000,60000)	NODE_2250_length_22623_cov_3.869606	35000	20	0.087715
(4,4)(11059,11059)(10000,60000)	NODE_2251_length_22621_cov_3.102566	35000	2	0.041574
(2,8)(12917,21417)(10000,60000)	NODE_2252_length_22619_cov_3.490053	35000	8	0.426697
(5,17)(18671,18978)(10000,60000)	NODE_2253_length_22619_cov_3.083792	35000	14	0.276636
(6,155)(11649,22462)(10000,60000)	NODE_2254_length_22611_cov_3.999689	35000	151	0.074956
(5,28)(11997,17168)(10000,60000)	NODE_2255_length_22611_cov_3.795753	35000	25	0.196935
(55,88)(10927,11109)(10000,60000)	NODE_2256_length_22609_cov_3.615948	35000	35	0.104956
(26,109)(15115,18162)(10000,60000)	NODE_2257_length_22603_cov_3.829541	35000	85	0.047202
(4,33)(13303,18398)(10000,60000)	NODE_2258_length_22597_cov_3.420704	35000	31	0.079886
(4,82)(10507,15921)(10000,60000)	NODE_2259_length_22592_cov_3.781132	35000	80	0.070391
(42,120)(11296,40805)(10000,60000)	NODE_225_length_40865_cov_3.547196	35000	80	0.135010
(32,96)(13775,19624)(10000,60000)	NODE_2261_length_22579_cov_3.617482	35000	66	0.052581
(79,126)(13003,22543)(10000,60000)	NODE_2262_length_22577_cov_3.583103	35000	49	0.118069
(43,96)(10445,18960)(10000,60000)	NODE_2263_length_22576_cov_3.642612	35000	55	0.211511
(32,64)(14236,22543)(10000,60000)	NODE_2264_length_22574_cov_4.862425	35000	34	0.119780
(19,92)(10325,20713)(10000,60000)	NODE_2266_length_22567_cov_3.292460	35000	75	0.055324
(551,727)(10009,22448)(10000,60000)	NODE_2267_length_22565_cov_4.519585	35000	178	0.065889
(10,20)(11250,17448)(10000,60000)	NODE_2269_length_22558_cov_3.316265	35000	12	0.154305
(8,29)(10769,30120)(10000,60000)	NODE_226_length_40854_cov_3.872237	35000	23	0.134775
(12,22)(11100,19993)(10000,60000)	NODE_2270_length_22556_cov_3.645456	35000	12	0.113515
(3,82)(10865,22499)(10000,60000)	NODE_2271_length_22555_cov_3.809271	35000	81	0.120283
(21,51)(11623,19655)(10000,60000)	NODE_2272_length_22547_cov_3.461556	35000	32	0.169575
(8,19)(16282,22018)(10000,60000)	NODE_2273_length_22542_cov_4.082966	35000	13	0.150298
(4,6)(15337,20841)(10000,60000)	NODE_2274_length_22542_cov_3.652230	35000	4	0.523091
(1,19)(10785,19902)(10000,60000)	NODE_2275_length_22541_cov_3.287096	35000	20	0.143384
(1,68)(10254,19954)(10000,60000)	NODE_2276_length_22540_cov_3.265719	35000	69	0.051285
(4,9)(14585,17070)(10000,60000)	NODE_2278_length_22532_cov_3.235145	35000	7	0.139491
(6,9)(10558,12443)(10000,60000)	NODE_2279_length_22531_cov_4.091521	35000	5	0.305126
(4,310)(11414,38975)(10000,60000)	NODE_227_length_40785_cov_3.573318	35000	308	0.078387
(7,7)(19254,19254)(10000,60000)	NODE_2280_length_22531_cov_3.773315	35000	2	0.014281
(13,45)(11859,18875)(10000,60000)	NODE_2281_length_22530_cov_3.405555	35000	34	0.114554
(1,108)(11280,21419)(10000,60000)	NODE_2282_length_22530_cov_3.323882	35000	109	0.105908
(23,33)(11383,15020)(10000,60000)	NODE_2283_length_22527_cov_3.267121	35000	12	0.096549
(114,149)(10923,19556)(10000,60000)	NODE_2284_length_22526_cov_3.688144	35000	37	0.268385
(71,97)(12687,20958)(10000,60000)	NODE_2285_length_22524_cov_3.620691	35000	28	0.295317
(11,12)(20053,20064)(20000,70000)	NODE_2288_length_22514_cov_3.567879	45000	3	0.061089
(3,3)(22038,22038)(20000,70000)	NODE_2289_length_22511_cov_3.924505	45000	2	0.118562
(19,30)(19598,37831)(10000,60000)	NODE_228_length_40757_cov_3.913252	35000	13	0.158957
(5,15)(14368,19276)(10000,60000)	NODE_2290_length_22503_cov_3.638279	35000	12	0.153946
(17,57)(10183,21597)(10000,60000)	NODE_2291_length_22501_cov_3.553388	35000	42	0.241899
(32,410)(12223,15236)(10000,60000)	NODE_2292_length_22497_cov_3.400036	35000	380	0.057222
(1,91)(11411,22471)(10000,60000)	NODE_2293_length_22494_cov_3.569859	35000	92	0.060982
(54,70)(10131,22311)(10000,60000)	NODE_2294_length_22494_cov_3.308238	35000	18	0.242744
(37,37)(20068,20068)(10000,60000)	NODE_2295_length_22494_cov_3.216923	35000	2	0.011619
(3,23)(13167,21624)(10000,60000)	NODE_2296_length_22489_cov_4.088209	35000	22	0.144961
(4,9)(10028,11574)(10000,60000)	NODE_2297_length_22485_cov_3.495131	35000	7	0.315141
(137,137)(20472,20472)(10000,60000)	NODE_2298_length_22474_cov_3.291039	35000	2	0.107660
(76,89)(11180,21087)(10000,60000)	NODE_2299_length_22473_cov_3.306293	35000	15	0.368326
(16,40)(10016,38728)(10000,60000)	NODE_229_length_40732_cov_4.100485	35000	26	0.258885
(1,176)(29605,57603)(10000,60000)	NODE_22_length_62893_cov_3.681482	35000	177	0.135817
(19,49)(12208,15860)(10000,60000)	NODE_2300_length_22472_cov_3.483306	35000	32	0.071891
(18,22)(18452,18464)(10000,60000)	NODE_2301_length_22464_cov_3.075162	35000	6	0.191636
(15,21)(12514,22093)(10000,60000)	NODE_2302_length_22463_cov_3.692944	35000	8	0.090536
(2,19)(12769,20271)(10000,60000)	NODE_2303_length_22462_cov_3.577069	35000	19	0.191965
(5,58)(10757,20430)(10000,60000)	NODE_2304_length_22459_cov_3.612209	35000	55	0.142194
(1,8)(20229,20300)(20000,70000)	NODE_2305_length_22459_cov_3.542800	45000	9	0.048289
(54,79)(11619,11688)(10000,60000)	NODE_2306_length_22458_cov_3.106311	35000	27	0.040582
(52,218)(14770,19302)(10000,60000)	NODE_2307_length_22456_cov_3.234647	35000	168	0.052733
(3,112)(10011,19628)(10000,60000)	NODE_2308_length_22454_cov_10.439410	35000	111	0.068277
(27,235)(11188,22159)(10000,60000)	NODE_2309_length_22453_cov_3.516194	35000	210	0.079706
(16,102)(11112,33617)(10000,60000)	NODE_230_length_40713_cov_3.598833	35000	88	0.075376
(204,252)(12224,20009)(10000,60000)	NODE_2310_length_22451_cov_3.568540	35000	50	0.210187
(8,23)(15286,21406)(10000,60000)	NODE_2311_length_22450_cov_3.795401	35000	17	0.098859
(1,10)(12072,21640)(10000,60000)	NODE_2312_length_22450_cov_3.672050	35000	11	0.494456
(13,21)(19355,22443)(10000,60000)	NODE_2313_length_22449_cov_3.598389	35000	10	0.135715
(33,34)(10599,14319)(10000,60000)	NODE_2314_length_22447_cov_3.262395	35000	3	0.398695
(9,261)(11812,17158)(10000,60000)	NODE_2315_length_22444_cov_3.461535	35000	254	0.067281
(16,191)(15429,22425)(10000,60000)	NODE_2316_length_22440_cov_3.847097	35000	177	0.166440
(12,30)(10490,19878)(10000,60000)	NODE_2317_length_22433_cov_3.592639	35000	20	0.147333
(5,14)(17241,20359)(10000,60000)	NODE_2318_length_22429_cov_3.686923	35000	11	0.337007
(22,36)(10034,21315)(10000,60000)	NODE_2319_length_22429_cov_2.910255	35000	16	0.130619
(31,128)(10408,40495)(10000,60000)	NODE_231_length_40711_cov_3.532453	35000	99	0.253382
(3,5)(15760,15801)(10000,60000)	NODE_2320_length_22418_cov_3.396120	35000	4	0.167876
(10,19)(10039,21930)(10000,60000)	NODE_2321_length_22416_cov_3.667742	35000	11	0.096341
(7,13)(14442,22101)(10000,60000)	NODE_2322_length_22414_cov_3.636298	35000	8	0.067819
(1,7)(12441,15483)(10000,60000)	NODE_2323_length_22414_cov_3.051983	35000	8	0.146709
(4,81)(12521,21570)(10000,60000)	NODE_2325_length_22410_cov_2.972032	35000	79	0.185283
(22,47)(20608,21532)(20000,70000)	NODE_2326_length_22406_cov_3.347828	45000	27	0.113436
(456,481)(10007,21769)(10000,60000)	NODE_2327_length_22397_cov_3.920038	35000	27	0.157311
(1,14)(11012,20603)(10000,60000)	NODE_2328_length_22386_cov_3.394894	35000	15	0.339218
(5,30)(22030,38740)(20000,70000)	NODE_232_length_40656_cov_3.684345	45000	27	0.301726
(274,300)(10908,21895)(10000,60000)	NODE_2330_length_22382_cov_3.444240	35000	28	0.290165
(4,75)(16041,18176)(10000,60000)	NODE_2332_length_22377_cov_3.415118	35000	73	0.047257
(3,3)(16171,16171)(10000,60000)	NODE_2334_length_22370_cov_3.381662	35000	2	0.010500
(14,39)(13317,20951)(10000,60000)	NODE_2336_length_22369_cov_3.443152	35000	27	0.313635
(13,21)(12887,19236)(10000,60000)	NODE_2337_length_22362_cov_3.774649	35000	10	0.206640
(23,171)(15957,22357)(10000,60000)	NODE_2338_length_22362_cov_3.306203	35000	150	0.046854
(3,18)(29140,37878)(20000,70000)	NODE_233_length_40653_cov_3.935740	45000	17	0.133975
(6,8)(13076,16412)(10000,60000)	NODE_2341_length_22350_cov_3.883556	35000	4	0.053470
(16,217)(10960,20868)(10000,60000)	NODE_2342_length_22338_cov_3.744503	35000	203	0.083825
(16,20)(17820,21745)(10000,60000)	NODE_2343_length_22337_cov_3.055715	35000	6	0.151998
(1,9)(15120,21092)(10000,60000)	NODE_2344_length_22321_cov_3.550176	35000	10	0.371888
(5,9)(11274,15944)(10000,60000)	NODE_2345_length_22317_cov_3.530066	35000	6	0.504218
(250,268)(10115,17828)(10000,60000)	NODE_2346_length_22315_cov_3.865367	35000	20	0.183773
(84,89)(15272,15300)(10000,60000)	NODE_2347_length_22311_cov_4.299478	35000	7	0.030476
(26,27)(16518,18120)(10000,60000)	NODE_2348_length_22311_cov_3.656717	35000	3	0.129736
(34,42)(12285,20079)(10000,60000)	NODE_2349_length_22311_cov_3.468395	35000	10	0.408159
(13,153)(10422,25873)(10000,60000)	NODE_234_length_40623_cov_3.740993	35000	142	0.049287
(32,42)(11095,18489)(10000,60000)	NODE_2350_length_22306_cov_3.570045	35000	12	0.182956
(1,2)(16510,16515)(10000,60000)	NODE_2351_length_22302_cov_3.092465	35000	3	0.399787
(14,26)(10130,21448)(10000,60000)	NODE_2352_length_22297_cov_3.637535	35000	14	0.292930
(15,28)(12872,22280)(10000,60000)	NODE_2353_length_22297_cov_3.627939	35000	15	0.084542
(63,111)(10969,14797)(10000,60000)	NODE_2354_length_22296_cov_2.952606	35000	50	0.092271
(1,90)(11245,13934)(10000,60000)	NODE_2355_length_22289_cov_3.467373	35000	91	0.049202
(27,31)(16140,18055)(10000,60000)	NODE_2357_length_22286_cov_3.188579	35000	6	0.019327
(36,83)(10884,21357)(10000,60000)	NODE_2358_length_22285_cov_3.238258	35000	49	0.111893
(9,9)(15506,15506)(10000,60000)	NODE_2359_length_22282_cov_3.047694	35000	2	0.098152
(14,18)(24069,35215)(10000,60000)	NODE_235_length_40607_cov_3.436136	35000	6	0.051994
(15,25)(10097,16421)(10000,60000)	NODE_2360_length_22281_cov_3.687269	35000	12	0.319034
(7,26)(16088,21474)(10000,60000)	NODE_2362_length_22279_cov_3.695266	35000	21	0.100701
(10,24)(21148,21231)(20000,70000)	NODE_2364_length_22277_cov_3.077149	45000	16	0.082719
(16,28)(10723,20080)(10000,60000)	NODE_2365_length_22276_cov_3.995310	35000	14	0.079629
(28,33)(12269,20195)(10000,60000)	NODE_2366_length_22271_cov_3.992017	35000	7	0.264219
(8,34)(13928,17495)(10000,60000)	NODE_2367_length_22271_cov_3.644010	35000	28	0.221164
(2,54)(12734,21185)(10000,60000)	NODE_2368_length_22267_cov_2.873376	35000	54	0.043730
(17,35)(10756,16327)(10000,60000)	NODE_2369_length_22266_cov_3.629991	35000	20	0.060252
(9,59)(10410,38097)(10000,60000)	NODE_236_length_40517_cov_3.341457	35000	52	0.185185
(158,162)(12010,20811)(10000,60000)	NODE_2370_length_22263_cov_3.691391	35000	6	0.360005
(8,18)(10290,12697)(10000,60000)	NODE_2371_length_22259_cov_3.743051	35000	12	0.093297
(92,93)(11250,19470)(10000,60000)	NODE_2372_length_22259_cov_3.463357	35000	3	0.098011
(13,22)(14529,17943)(10000,60000)	NODE_2373_length_22256_cov_3.764995	35000	11	0.097364
(22,34)(10956,21864)(10000,60000)	NODE_2374_length_22248_cov_3.335049	35000	14	0.236546
(35,92)(14685,21694)(10000,60000)	NODE_2375_length_22237_cov_3.290044	35000	59	0.073965
(4,52)(19259,20776)(10000,60000)	NODE_2376_length_22234_cov_3.050328	35000	50	0.041800
(2,31)(10589,19359)(10000,60000)	NODE_2377_length_22228_cov_3.525961	35000	31	0.247165
(1,1)(11193,11193)(10000,60000)	NODE_2378_length_22225_cov_3.182997	35000	2	0.017961
(2,131)(11356,20363)(10000,60000)	NODE_2379_length_22218_cov_3.474208	35000	131	0.074991
(3,40)(10248,36425)(10000,60000)	NODE_237_length_40499_cov_3.593960	35000	39	0.221372
(2,43)(15515,20887)(10000,60000)	NODE_2380_length_22215_cov_3.921279	35000	43	0.107468
(9,25)(15756,21047)(10000,60000)	NODE_2381_length_22212_cov_3.902953	35000	18	0.103533
(5,8)(21322,21349)(10000,60000)	NODE_2382_length_22212_cov_3.241668	35000	5	0.041667
(28,56)(11942,22094)(10000,60000)	NODE_2383_length_22208_cov_3.370121	35000	30	0.082062
(19,24)(16475,16729)(10000,60000)	NODE_2384_length_22203_cov_3.821933	35000	7	0.073060
(20,28)(16994,21451)(10000,60000)	NODE_2385_length_22203_cov_3.173996	35000	10	0.332593
(5,19)(10098,22052)(10000,60000)	NODE_2386_length_22198_cov_3.889678	35000	16	0.303420
(1,2)(18177,20485)(10000,60000)	NODE_2388_length_22193_cov_3.566081	35000	3	0.129538
(13,27)(26580,37836)(10000,60000)	NODE_238_length_40437_cov_3.889608	35000	16	0.091256
(18,54)(10358,17765)(10000,60000)	NODE_2390_length_22190_cov_3.857272	35000	38	0.052884
(3,16)(14835,21534)(10000,60000)	NODE_2391_length_22190_cov_3.368883	35000	15	0.305808
(24,126)(20436,21136)(10000,60000)	NODE_2392_length_22188_cov_3.931187	35000	104	0.047218
(11,74)(11973,21992)(10000,60000)	NODE_2393_length_22185_cov_3.751290	35000	65	0.135638
(50,67)(11105,19511)(10000,60000)	NODE_2394_length_22185_cov_3.149416	35000	19	0.092289
(1,44)(12551,19639)(10000,60000)	NODE_2395_length_22182_cov_3.632432	35000	45	0.047862
(36,37)(11316,21234)(10000,60000)	NODE_2396_length_22180_cov_3.959105	35000	3	0.074051
(18,19)(17593,17600)(10000,60000)	NODE_2397_length_22180_cov_3.399121	35000	3	0.058693
(2,7)(18501,18538)(10000,60000)	NODE_2398_length_22175_cov_3.345352	35000	7	0.058588
(11,390)(11164,22165)(10000,60000)	NODE_2399_length_22167_cov_5.915534	35000	381	0.053018
(1,21)(24639,36383)(10000,60000)	NODE_239_length_40359_cov_3.551043	35000	22	0.113020
(11,48)(22350,59640)(10000,60000)	NODE_23_length_62712_cov_3.854311	35000	39	0.310472
(60,95)(11560,20492)(10000,60000)	NODE_2400_length_22167_cov_3.413540	35000	37	0.350537
(9,86)(13994,22145)(10000,60000)	NODE_2402_length_22160_cov_3.442138	35000	79	0.168708
(11,21)(10541,22044)(10000,60000)	NODE_2403_length_22159_cov_3.496419	35000	12	0.136275
(1,4)(15238,20845)(10000,60000)	NODE_2404_length_22159_cov_3.129193	35000	5	0.018024
(1,104)(11810,19986)(10000,60000)	NODE_2405_length_22153_cov_3.091639	35000	105	0.061640
(6,6)(21948,21948)(20000,70000)	NODE_2406_length_22152_cov_3.487054	45000	2	0.013745
(10,422)(13823,21289)(10000,60000)	NODE_2407_length_22151_cov_4.103392	35000	414	0.068091
(782,1020)(16872,20858)(10000,60000)	NODE_2408_length_22149_cov_5.104036	35000	240	0.082339
(98,380)(15052,22053)(10000,60000)	NODE_2409_length_22149_cov_3.958549	35000	284	0.089247
(3,3)(34894,34894)(30000,80000)	NODE_240_length_40335_cov_3.437519	55000	2	0.158359
(43,44)(11825,12749)(10000,60000)	NODE_2411_length_22131_cov_3.224628	35000	3	0.662198
(39,90)(11740,21079)(10000,60000)	NODE_2412_length_22130_cov_3.468068	35000	53	0.133058
(24,54)(10098,21996)(10000,60000)	NODE_2413_length_22127_cov_5.007127	35000	32	0.141145
(3,25)(10591,21733)(10000,60000)	NODE_2414_length_22122_cov_3.792580	35000	24	0.323786
(20,133)(11134,21997)(10000,60000)	NODE_2415_length_22120_cov_3.141410	35000	115	0.074829
(22,110)(13749,21308)(10000,60000)	NODE_2416_length_22112_cov_3.554627	35000	90	0.064462
(10,20)(12479,18833)(10000,60000)	NODE_2417_length_22106_cov_3.981869	35000	12	0.340915
(27,30)(12258,21479)(10000,60000)	NODE_2418_length_22103_cov_3.522632	35000	5	0.136862
(8,11)(15196,19347)(10000,60000)	NODE_2419_length_22100_cov_3.439935	35000	5	0.098277
(111,207)(10078,37961)(10000,60000)	NODE_241_length_40304_cov_3.826216	35000	98	0.186465
(17,97)(13100,21887)(10000,60000)	NODE_2420_length_22099_cov_3.146364	35000	82	0.063197
(7,10)(15731,19463)(10000,60000)	NODE_2421_length_22098_cov_3.525388	35000	5	0.293128
(60,76)(11022,21900)(10000,60000)	NODE_2423_length_22088_cov_2.968575	35000	18	0.037184
(8,40)(11899,15515)(10000,60000)	NODE_2424_length_22086_cov_3.944513	35000	34	0.137871
(17,25)(12023,20768)(10000,60000)	NODE_2425_length_22083_cov_3.502365	35000	10	0.151585
(47,61)(10747,18970)(10000,60000)	NODE_2426_length_22083_cov_3.312136	35000	16	0.096059
(8,14)(15742,19173)(10000,60000)	NODE_2427_length_22080_cov_3.312907	35000	8	0.155177
(49,52)(12589,19186)(10000,60000)	NODE_2428_length_22079_cov_7.211692	35000	5	0.216202
(41,55)(16833,17001)(10000,60000)	NODE_2429_length_22078_cov_3.353201	35000	16	0.141002
(17,86)(10744,37226)(10000,60000)	NODE_242_length_40221_cov_3.521833	35000	71	0.148113
(314,331)(15799,22019)(10000,60000)	NODE_2430_length_22073_cov_3.833166	35000	19	0.073134
(6,23)(13724,15042)(10000,60000)	NODE_2431_length_22073_cov_3.105625	35000	19	0.025855
(4,18)(11618,21469)(10000,60000)	NODE_2432_length_22066_cov_3.732690	35000	16	0.288219
(15,15)(18749,18749)(10000,60000)	NODE_2433_length_22065_cov_3.729400	35000	2	0.030264
(15,30)(18786,21042)(10000,60000)	NODE_2434_length_22064_cov_3.681220	35000	17	0.144747
(23,27)(15694,21833)(10000,60000)	NODE_2435_length_22058_cov_3.213580	35000	6	0.085372
(18,23)(12461,19170)(10000,60000)	NODE_2436_length_22056_cov_3.815412	35000	7	0.307276
(11,20)(10285,21048)(10000,60000)	NODE_2437_length_22055_cov_3.724130	35000	11	0.389288
(17,23)(14238,14358)(10000,60000)	NODE_2438_length_22055_cov_3.643423	35000	8	0.151810
(12,19)(21972,22008)(20000,70000)	NODE_2439_length_22054_cov_3.776452	45000	9	0.115099
(19,91)(19532,27514)(10000,60000)	NODE_243_length_40212_cov_3.498691	35000	74	0.080016
(51,57)(18387,22037)(10000,60000)	NODE_2440_length_22050_cov_3.160904	35000	8	0.022253
(1,3)(15483,19302)(10000,60000)	NODE_2441_length_22049_cov_3.609066	35000	4	0.560112
(4,24)(11811,17159)(10000,60000)	NODE_2442_length_22046_cov_3.924773	35000	22	0.100511
(113,122)(13507,17164)(10000,60000)	NODE_2443_length_22046_cov_3.050303	35000	11	0.215128
(9,10)(12085,12093)(10000,60000)	NODE_2444_length_22043_cov_3.520507	35000	3	0.052155
(47,101)(21843,22023)(10000,60000)	NODE_2445_length_22038_cov_4.093714	35000	56	0.064284
(16,17)(20449,20456)(20000,70000)	NODE_2446_length_22033_cov_3.443740	45000	3	0.011069
(27,333)(11117,17548)(10000,60000)	NODE_2447_length_22027_cov_2.883938	35000	308	0.068517
(40,43)(18952,20429)(10000,60000)	NODE_2448_length_22022_cov_3.508370	35000	5	0.040648
(3,6)(14584,14620)(10000,60000)	NODE_2449_length_22020_cov_3.309794	35000	5	0.163776
(9,22)(14827,40170)(10000,60000)	NODE_244_length_40172_cov_3.395403	35000	15	0.278314
(59,73)(12358,20844)(10000,60000)	NODE_2450_length_22019_cov_3.547217	35000	16	0.090701
(9,23)(19313,19987)(10000,60000)	NODE_2451_length_22017_cov_3.944840	35000	16	0.069031
(18,26)(12440,17035)(10000,60000)	NODE_2452_length_22008_cov_4.014195	35000	10	0.203311
(3,89)(11579,19946)(10000,60000)	NODE_2453_length_22005_cov_3.815393	35000	88	0.093144
(81,187)(10480,21886)(10000,60000)	NODE_2454_length_22003_cov_3.152666	35000	108	0.079009
(24,64)(10672,21933)(10000,60000)	NODE_2455_length_22002_cov_3.453134	35000	42	0.073823
(18,18)(12275,12275)(10000,60000)	NODE_2456_length_21999_cov_3.522694	35000	2	0.011483
(39,80)(12398,21468)(10000,60000)	NODE_2457_length_21998_cov_3.620759	35000	43	0.143698
(2,3)(10478,10480)(10000,60000)	NODE_2458_length_21995_cov_3.800740	35000	3	0.184361
(12,15)(20006,20038)(20000,70000)	NODE_2459_length_21991_cov_3.931436	45000	5	0.153176
(1,38)(14818,33933)(10000,60000)	NODE_245_length_40162_cov_3.283553	35000	39	0.264189
(3,76)(13434,19207)(10000,60000)	NODE_2460_length_21991_cov_2.867486	35000	75	0.052446
(3,3)(19409,19409)(10000,60000)	NODE_2461_length_21988_cov_3.798483	35000	2	0.186863
(9,78)(12156,21843)(10000,60000)	NODE_2463_length_21980_cov_3.506512	35000	71	0.038993
(19,62)(13540,21904)(10000,60000)	NODE_2464_length_21980_cov_3.095425	35000	45	0.089952
(23,24)(21078,21097)(20000,70000)	NODE_2465_length_21979_cov_3.957633	45000	3	0.163240
(6,115)(13804,20326)(10000,60000)	NODE_2467_length_21973_cov_3.422876	35000	111	0.053814
(5,34)(11755,21903)(10000,60000)	NODE_2468_length_21971_cov_3.696187	35000	31	0.061507
(8,113)(11405,14959)(10000,60000)	NODE_2469_length_21969_cov_3.013763	35000	107	0.076168
(12,67)(18506,36864)(10000,60000)	NODE_246_length_40147_cov_3.588469	35000	57	0.165496
(11,74)(12552,21913)(10000,60000)	NODE_2470_length_21968_cov_3.517719	35000	65	0.070932
(15,26)(10345,17096)(10000,60000)	NODE_2471_length_21966_cov_3.608588	35000	13	0.234357
(6,21)(12815,16486)(10000,60000)	NODE_2472_length_21966_cov_3.207436	35000	17	0.163575
(112,118)(19709,21709)(10000,60000)	NODE_2473_length_21965_cov_3.426873	35000	8	0.043819
(2,79)(13215,21907)(10000,60000)	NODE_2474_length_21958_cov_3.849536	35000	79	0.078241
(61,66)(11167,21947)(10000,60000)	NODE_2475_length_21958_cov_3.138570	35000	7	0.143029
(58,60)(10794,14230)(10000,60000)	NODE_2476_length_21957_cov_3.033535	35000	4	0.146042
(21,22)(15865,15887)(10000,60000)	NODE_2477_length_21950_cov_3.560844	35000	3	0.023259
(2,22)(12318,21716)(10000,60000)	NODE_2478_length_21950_cov_3.543270	35000	22	0.162965
(7,11)(10214,12875)(10000,60000)	NODE_2479_length_21945_cov_3.825597	35000	6	0.573581
(12,40)(10154,39702)(10000,60000)	NODE_247_length_40111_cov_3.761821	35000	30	0.131781
(5,89)(15318,19821)(10000,60000)	NODE_2480_length_21945_cov_3.375492	35000	86	0.095037
(4,6)(21358,21860)(10000,60000)	NODE_2483_length_21924_cov_3.444399	35000	4	0.019362
(6,13)(17046,17142)(10000,60000)	NODE_2484_length_21923_cov_3.703675	35000	9	0.030824
(86,141)(12706,17982)(10000,60000)	NODE_2485_length_21923_cov_3.348836	35000	57	0.143386
(12,36)(10001,21620)(10000,60000)	NODE_2486_length_21919_cov_3.267690	35000	26	0.091201
(1,10)(11645,18805)(10000,60000)	NODE_2487_length_21918_cov_3.129658	35000	11	0.048128
(4,10)(13017,21669)(10000,60000)	NODE_2488_length_21894_cov_3.445010	35000	8	0.015307
(1,1)(18790,18790)(10000,60000)	NODE_2489_length_21893_cov_3.515050	35000	2	0.010750
(1,143)(14063,40084)(10000,60000)	NODE_248_length_40096_cov_3.410331	35000	144	0.170506
(28,37)(11113,21858)(10000,60000)	NODE_2490_length_21892_cov_6.635020	35000	11	0.091473
(9,15)(12541,18208)(10000,60000)	NODE_2491_length_21887_cov_4.054250	35000	8	0.184178
(3,5)(20668,21404)(10000,60000)	NODE_2492_length_21878_cov_3.648193	35000	4	0.061645
(9,57)(10893,21243)(10000,60000)	NODE_2493_length_21876_cov_3.664463	35000	50	0.116708
(1,1)(20463,20463)(10000,60000)	NODE_2494_length_21875_cov_6.017956	35000	2	0.162478
(18,30)(12372,17663)(10000,60000)	NODE_2495_length_21872_cov_3.452257	35000	14	0.094030
(62,77)(12347,19560)(10000,60000)	NODE_2496_length_21871_cov_3.605916	35000	17	0.099951
(10,42)(11147,20064)(10000,60000)	NODE_2497_length_21870_cov_3.377199	35000	34	0.163673
(52,794)(12000,21789)(10000,60000)	NODE_2498_length_21865_cov_4.465267	35000	744	0.066722
(2,5)(17939,18955)(10000,60000)	NODE_2499_length_21864_cov_3.308155	35000	5	0.570228
(4,145)(11627,39132)(10000,60000)	NODE_249_length_40064_cov_3.324809	35000	143	0.100438
(16,72)(10669,54256)(10000,60000)	NODE_24_length_62654_cov_3.829382	35000	58	0.230696
(17,45)(19642,21437)(10000,60000)	NODE_2500_length_21863_cov_3.866385	35000	30	0.140524
(2,7)(11654,21092)(10000,60000)	NODE_2501_length_21860_cov_3.694270	35000	7	0.145796
(18,29)(10917,21685)(10000,60000)	NODE_2502_length_21855_cov_3.433490	35000	13	0.058245
(2,69)(11625,16132)(10000,60000)	NODE_2503_length_21855_cov_3.219388	35000	69	0.066713
(24,33)(12394,20445)(10000,60000)	NODE_2504_length_21850_cov_3.135810	35000	11	0.169319
(5,34)(11125,20974)(10000,60000)	NODE_2505_length_21849_cov_3.711678	35000	31	0.038979
(4,90)(12377,20252)(10000,60000)	NODE_2506_length_21847_cov_3.256253	35000	88	0.062077
(98,194)(11116,21828)(10000,60000)	NODE_2507_length_21842_cov_2.864692	35000	98	0.044321
(17,66)(10656,21223)(10000,60000)	NODE_2508_length_21839_cov_3.473689	35000	51	0.155389
(4,201)(10244,21653)(10000,60000)	NODE_2509_length_21839_cov_3.240616	35000	199	0.057906
(2,74)(10885,38404)(10000,60000)	NODE_250_length_39967_cov_3.767332	35000	74	0.318837
(52,142)(10657,20609)(10000,60000)	NODE_2512_length_21833_cov_2.887780	35000	92	0.098032
(43,44)(15407,15420)(10000,60000)	NODE_2514_length_21827_cov_3.485779	35000	3	0.157894
(4,8)(14980,21337)(10000,60000)	NODE_2515_length_21826_cov_4.059097	35000	6	0.102060
(3,5)(10331,19618)(10000,60000)	NODE_2516_length_21823_cov_3.400571	35000	4	0.425682
(10,12)(18175,18631)(10000,60000)	NODE_2517_length_21822_cov_3.371726	35000	4	0.129805
(21,47)(10173,20870)(10000,60000)	NODE_2518_length_21820_cov_3.185627	35000	28	0.082582
(6,26)(14333,18338)(10000,60000)	NODE_2519_length_21819_cov_3.836510	35000	22	0.102372
(9,58)(10965,39624)(10000,60000)	NODE_251_length_39947_cov_3.536915	35000	51	0.158610
(43,50)(11935,21256)(10000,60000)	NODE_2520_length_21815_cov_3.295220	35000	9	0.044504
(10,10)(14238,14238)(10000,60000)	NODE_2521_length_21813_cov_3.286820	35000	2	0.049486
(11,25)(15466,20349)(10000,60000)	NODE_2522_length_21811_cov_3.243920	35000	16	0.143052
(21,37)(10082,20619)(10000,60000)	NODE_2523_length_21810_cov_3.543089	35000	18	0.294603
(6,21)(11086,16891)(10000,60000)	NODE_2524_length_21801_cov_3.530919	35000	17	0.401134
(8,27)(11989,19627)(10000,60000)	NODE_2525_length_21800_cov_3.494678	35000	21	0.304539
(4,19)(14888,20059)(10000,60000)	NODE_2526_length_21798_cov_3.669155	35000	17	0.383857
(229,812)(10018,21790)(10000,60000)	NODE_2527_length_21796_cov_5.725077	35000	585	0.118540
(1,50)(10924,20767)(10000,60000)	NODE_2528_length_21795_cov_3.751337	35000	51	0.123419
(3,24)(10753,20787)(10000,60000)	NODE_2529_length_21792_cov_3.347762	35000	23	0.317696
(5,23)(23311,38062)(10000,60000)	NODE_252_length_39934_cov_3.735735	35000	20	0.069085
(2,10)(16257,19621)(10000,60000)	NODE_2530_length_21790_cov_3.310866	35000	10	0.323938
(59,69)(10768,15929)(10000,60000)	NODE_2531_length_21785_cov_3.119524	35000	12	0.471547
(21,30)(15836,17788)(10000,60000)	NODE_2532_length_21783_cov_3.267340	35000	11	0.455638
(1,6)(21436,21462)(20000,70000)	NODE_2533_length_21782_cov_4.249181	45000	7	0.084289
(35,37)(11204,12864)(10000,60000)	NODE_2534_length_21776_cov_4.427827	35000	4	0.493106
(28,43)(14872,21649)(10000,60000)	NODE_2536_length_21769_cov_3.682787	35000	17	0.209810
(12,35)(14275,18971)(10000,60000)	NODE_2537_length_21762_cov_3.914462	35000	25	0.229829
(9,25)(10839,19047)(10000,60000)	NODE_2538_length_21759_cov_3.764497	35000	18	0.219542
(19,20)(12109,21125)(10000,60000)	NODE_2539_length_21753_cov_3.275931	35000	3	0.093879
(3,172)(22630,39894)(10000,60000)	NODE_253_length_39913_cov_3.491737	35000	171	0.118106
(2,6)(15256,18130)(10000,60000)	NODE_2540_length_21739_cov_3.559843	35000	6	0.285004
(5,24)(10067,20477)(10000,60000)	NODE_2541_length_21735_cov_3.911028	35000	21	0.445617
(169,414)(10900,21435)(10000,60000)	NODE_2542_length_21733_cov_3.803458	35000	247	0.064967
(8,25)(11347,20798)(10000,60000)	NODE_2543_length_21730_cov_3.316352	35000	19	0.104398
(9,10)(13757,13786)(10000,60000)	NODE_2544_length_21729_cov_3.571290	35000	3	0.566355
(52,54)(16753,16808)(10000,60000)	NODE_2545_length_21729_cov_3.510032	35000	4	0.288745
(6,92)(20883,21649)(10000,60000)	NODE_2546_length_21729_cov_3.078410	35000	88	0.076856
(5,74)(11502,21250)(10000,60000)	NODE_2547_length_21728_cov_3.388367	35000	71	0.098359
(26,47)(13858,20256)(10000,60000)	NODE_2548_length_21728_cov_3.074853	35000	23	0.320508
(3,14)(10451,21383)(10000,60000)	NODE_2549_length_21727_cov_3.567089	35000	13	0.164411
(182,242)(21252,39712)(10000,60000)	NODE_254_length_39835_cov_3.546406	35000	62	0.049323
(9,46)(13292,21670)(10000,60000)	NODE_2550_length_21725_cov_3.820864	35000	39	0.421511
(35,38)(10912,18683)(10000,60000)	NODE_2551_length_21725_cov_3.343707	35000	5	0.079474
(83,208)(10124,21720)(10000,60000)	NODE_2552_length_21725_cov_2.920050	35000	127	0.064666
(3,11)(10137,19987)(10000,60000)	NODE_2553_length_21723_cov_3.777423	35000	10	0.148200
(243,246)(13272,18490)(10000,60000)	NODE_2554_length_21719_cov_3.602081	35000	5	0.069252
(5,9)(12026,15247)(10000,60000)	NODE_2555_length_21718_cov_3.437162	35000	6	0.146586
(5,46)(11155,18358)(10000,60000)	NODE_2556_length_21715_cov_3.460677	35000	43	0.061887
(5,35)(11238,21372)(10000,60000)	NODE_2557_length_21714_cov_3.746056	35000	32	0.145257
(190,219)(10003,19905)(10000,60000)	NODE_2558_length_21711_cov_3.569313	35000	31	0.080501
(95,102)(19361,21563)(10000,60000)	NODE_2559_length_21701_cov_3.732293	35000	9	0.097062
(7,26)(22360,39231)(10000,60000)	NODE_255_length_39824_cov_3.674160	35000	21	0.092406
(40,77)(16185,19794)(10000,60000)	NODE_2560_length_21699_cov_3.268241	35000	39	0.099860
(9,15)(12385,19908)(10000,60000)	NODE_2561_length_21695_cov_4.179385	35000	8	0.341538
(5,9)(17334,17410)(10000,60000)	NODE_2562_length_21694_cov_3.681547	35000	6	0.135505
(4,11)(16474,16603)(10000,60000)	NODE_2563_length_21693_cov_2.972122	35000	9	0.247959
(27,44)(11887,21342)(10000,60000)	NODE_2564_length_21692_cov_3.902422	35000	19	0.149259
(2,11)(14030,20651)(10000,60000)	NODE_2565_length_21691_cov_3.158624	35000	11	0.114006
(7,25)(15727,21120)(10000,60000)	NODE_2566_length_21690_cov_3.356584	35000	20	0.181253
(3,43)(10977,18411)(10000,60000)	NODE_2567_length_21689_cov_3.693886	35000	42	0.069447
(10,41)(10725,21350)(10000,60000)	NODE_2568_length_21689_cov_3.330153	35000	33	0.178642
(64,66)(16156,16201)(10000,60000)	NODE_2569_length_21684_cov_3.851888	35000	4	0.190483
(28,102)(10074,32955)(10000,60000)	NODE_256_length_39785_cov_3.310009	35000	76	0.052471
(3,12)(12895,21617)(10000,60000)	NODE_2570_length_21684_cov_3.428863	35000	11	0.160264
(5,19)(16345,20944)(10000,60000)	NODE_2571_length_21684_cov_3.319435	35000	16	0.130599
(40,229)(11051,21305)(10000,60000)	NODE_2572_length_21680_cov_3.501043	35000	191	0.053732
(7,13)(10566,19497)(10000,60000)	NODE_2573_length_21677_cov_3.870655	35000	8	0.169183
(20,28)(21310,21409)(10000,60000)	NODE_2574_length_21676_cov_3.360847	35000	10	0.156219
(10,15)(12448,12498)(10000,60000)	NODE_2575_length_21675_cov_3.076613	35000	7	0.058977
(5,169)(14154,15001)(10000,60000)	NODE_2576_length_21669_cov_3.730505	35000	166	0.038784
(6,13)(15191,16619)(10000,60000)	NODE_2577_length_21669_cov_3.722995	35000	9	0.110407
(63,124)(11256,19234)(10000,60000)	NODE_2578_length_21669_cov_3.551089	35000	63	0.138855
(716,721)(17252,19801)(10000,60000)	NODE_2579_length_21661_cov_6.821260	35000	7	0.456537
(5,508)(10811,39728)(10000,60000)	NODE_257_length_39774_cov_3.819660	35000	505	0.095795
(6,31)(17279,21460)(10000,60000)	NODE_2580_length_21659_cov_3.510946	35000	27	0.095137
(5,6)(17823,17827)(10000,60000)	NODE_2582_length_21653_cov_3.536559	35000	3	0.045617
(53,75)(10242,21375)(10000,60000)	NODE_2583_length_21641_cov_3.773559	35000	24	0.292948
(11,12)(10962,11010)(10000,60000)	NODE_2584_length_21640_cov_3.755211	35000	3	0.572052
(5,6)(11988,17688)(10000,60000)	NODE_2585_length_21633_cov_3.605322	35000	3	0.130074
(50,55)(10526,18090)(10000,60000)	NODE_2586_length_21630_cov_3.383447	35000	7	0.504711
(296,365)(12211,16275)(10000,60000)	NODE_2587_length_21629_cov_3.080260	35000	71	0.056057
(6,26)(11445,21373)(10000,60000)	NODE_2589_length_21623_cov_3.294416	35000	22	0.201382
(1,21)(15640,39258)(10000,60000)	NODE_258_length_39770_cov_3.571198	35000	22	0.240385
(7,79)(13592,19452)(10000,60000)	NODE_2591_length_21616_cov_3.732769	35000	74	0.062273
(9,33)(10357,20857)(10000,60000)	NODE_2592_length_21616_cov_3.043408	35000	26	0.245118
(13,19)(10314,10606)(10000,60000)	NODE_2593_length_21614_cov_3.318057	35000	8	0.087771
(2,3)(20027,20049)(10000,60000)	NODE_2594_length_21612_cov_3.311161	35000	3	0.025791
(64,72)(10023,21276)(10000,60000)	NODE_2595_length_21612_cov_3.311068	35000	10	0.170080
(3,15)(10915,18831)(10000,60000)	NODE_2596_length_21611_cov_2.982057	35000	14	0.050061
(18,26)(11057,19345)(10000,60000)	NODE_2597_length_21610_cov_3.716099	35000	10	0.147096
(19,41)(11202,20551)(10000,60000)	NODE_2598_length_21609_cov_3.502417	35000	24	0.183215
(53,74)(13033,20438)(10000,60000)	NODE_2599_length_21604_cov_3.766147	35000	23	0.112136
(26,257)(11357,39704)(10000,60000)	NODE_259_length_39722_cov_3.510991	35000	233	0.073396
(9,110)(10261,50638)(10000,60000)	NODE_25_length_62424_cov_3.351657	35000	103	0.125792
(20,67)(14351,21079)(10000,60000)	NODE_2600_length_21603_cov_3.160668	35000	49	0.191633
(2,6)(10141,13124)(10000,60000)	NODE_2601_length_21599_cov_3.684791	35000	6	0.139045
(2,26)(12371,21381)(10000,60000)	NODE_2602_length_21597_cov_3.669830	35000	26	0.114278
(14,18)(15614,20744)(10000,60000)	NODE_2603_length_21591_cov_3.612926	35000	6	0.495934
(9,24)(11194,11750)(10000,60000)	NODE_2604_length_21586_cov_3.454926	35000	17	0.281713
(2,9)(12810,15045)(10000,60000)	NODE_2605_length_21585_cov_3.321279	35000	9	0.100383
(9,14)(10870,20339)(10000,60000)	NODE_2606_length_21584_cov_3.841098	35000	7	0.433960
(5,12)(17142,17184)(10000,60000)	NODE_2607_length_21578_cov_3.470879	35000	9	0.065268
(1,246)(12877,20957)(10000,60000)	NODE_2608_length_21566_cov_3.273583	35000	247	0.051549
(15,25)(10123,19559)(10000,60000)	NODE_2609_length_21564_cov_3.183089	35000	12	0.256666
(2,180)(12056,39125)(10000,60000)	NODE_260_length_39678_cov_3.624220	35000	180	0.084825
(8,16)(11091,21150)(10000,60000)	NODE_2610_length_21561_cov_2.993290	35000	10	0.346968
(10,180)(10472,20877)(10000,60000)	NODE_2611_length_21557_cov_3.282133	35000	172	0.064000
(28,52)(10646,11009)(10000,60000)	NODE_2612_length_21551_cov_3.788784	35000	26	0.043134
(13,96)(20939,21403)(10000,60000)	NODE_2613_length_21549_cov_3.472354	35000	85	0.036000
(21,21)(12776,12776)(10000,60000)	NODE_2615_length_21528_cov_3.567035	35000	2	0.015504
(43,47)(10069,16764)(10000,60000)	NODE_2616_length_21523_cov_3.416402	35000	6	0.052835
(7,10)(15344,16942)(10000,60000)	NODE_2617_length_21519_cov_3.114239	35000	5	0.130962
(4,26)(18677,21509)(10000,60000)	NODE_2618_length_21515_cov_2.944294	35000	24	0.094685
(3,3)(16101,16101)(10000,60000)	NODE_2619_length_21513_cov_3.551322	35000	2	0.174878
(14,62)(19978,39232)(10000,60000)	NODE_261_length_39676_cov_3.651136	35000	50	0.188504
(6,6)(20651,20651)(10000,60000)	NODE_2620_length_21510_cov_3.510112	35000	2	0.010107
(8,36)(12302,12696)(10000,60000)	NODE_2621_length_21508_cov_3.533140	35000	30	0.054834
(19,27)(10958,20929)(10000,60000)	NODE_2622_length_21508_cov_3.421178	35000	10	0.040441
(10,69)(13456,21268)(10000,60000)	NODE_2623_length_21507_cov_3.711837	35000	61	0.050643
(188,248)(10074,20964)(10000,60000)	NODE_2624_length_21506_cov_3.062877	35000	62	0.107346
(202,282)(10174,19570)(10000,60000)	NODE_2625_length_21502_cov_2.959772	35000	82	0.061559
(61,61)(13458,13458)(10000,60000)	NODE_2626_length_21500_cov_3.651932	35000	2	0.019026
(4,6)(13880,14618)(10000,60000)	NODE_2627_length_21499_cov_3.287850	35000	4	0.154134
(8,14)(13503,19141)(10000,60000)	NODE_2629_length_21484_cov_3.397849	35000	8	0.325398
(4,19)(11119,37621)(10000,60000)	NODE_262_length_39671_cov_3.649171	35000	17	0.141001
(3,3)(13282,13282)(10000,60000)	NODE_2630_length_21482_cov_3.157508	35000	2	0.008303
(5,8)(14775,18835)(10000,60000)	NODE_2633_length_21476_cov_3.100341	35000	5	0.518848
(6,660)(12260,21276)(10000,60000)	NODE_2634_length_21475_cov_4.622380	35000	656	0.072335
(112,547)(14918,21008)(10000,60000)	NODE_2635_length_21470_cov_3.424922	35000	437	0.064760
(6,10)(12526,20407)(10000,60000)	NODE_2636_length_21469_cov_3.567993	35000	6	0.033170
(2,21)(10125,21464)(10000,60000)	NODE_2637_length_21467_cov_3.488253	35000	21	0.046316
(5,137)(14324,19210)(10000,60000)	NODE_2638_length_21466_cov_3.584031	35000	134	0.134638
(55,90)(15271,19624)(10000,60000)	NODE_2639_length_21464_cov_3.432062	35000	37	0.098566
(20,164)(14453,38762)(10000,60000)	NODE_263_length_39644_cov_3.491642	35000	146	0.096223
(5,5)(20645,20645)(10000,60000)	NODE_2640_length_21463_cov_3.642295	35000	2	0.246806
(1,26)(17345,20753)(10000,60000)	NODE_2641_length_21460_cov_3.257291	35000	27	0.057827
(5,8)(15269,20207)(10000,60000)	NODE_2642_length_21459_cov_2.958380	35000	5	0.135518
(4,6)(18160,18170)(10000,60000)	NODE_2644_length_21456_cov_3.458210	35000	4	0.296651
(1,4)(11905,11937)(10000,60000)	NODE_2645_length_21452_cov_3.784433	35000	5	0.448488
(101,104)(14256,19209)(10000,60000)	NODE_2646_length_21451_cov_3.523651	35000	5	0.144680
(9,22)(10387,20226)(10000,60000)	NODE_2647_length_21450_cov_3.406773	35000	15	0.146617
(21,41)(10479,21020)(10000,60000)	NODE_2648_length_21447_cov_4.105677	35000	22	0.300115
(17,41)(10085,19354)(10000,60000)	NODE_2649_length_21447_cov_3.563659	35000	26	0.087145
(102,133)(11403,38377)(10000,60000)	NODE_264_length_39637_cov_3.850524	35000	33	0.187809
(1,1)(20811,20811)(10000,60000)	NODE_2650_length_21447_cov_3.301105	35000	2	0.013127
(56,174)(11312,12271)(10000,60000)	NODE_2651_length_21446_cov_3.361831	35000	120	0.056369
(4,8)(14645,21242)(10000,60000)	NODE_2652_length_21444_cov_4.025767	35000	6	0.078094
(6,30)(11073,20324)(10000,60000)	NODE_2653_length_21444_cov_3.391614	35000	26	0.267875
(3,28)(10262,21008)(10000,60000)	NODE_2655_length_21442_cov_3.477393	35000	27	0.269388
(15,28)(12175,18330)(10000,60000)	NODE_2657_length_21441_cov_3.383094	35000	15	0.063631
(15,32)(12759,17282)(10000,60000)	NODE_2658_length_21440_cov_3.790966	35000	19	0.059091
(10,75)(13972,21069)(10000,60000)	NODE_2659_length_21438_cov_4.253901	35000	67	0.038909
(9,70)(12919,37446)(10000,60000)	NODE_265_length_39618_cov_3.738101	35000	63	0.225400
(94,164)(11729,18719)(10000,60000)	NODE_2660_length_21438_cov_3.339754	35000	72	0.037316
(3,4)(10682,13659)(10000,60000)	NODE_2661_length_21436_cov_3.410648	35000	3	0.064144
(9,19)(12574,17806)(10000,60000)	NODE_2662_length_21435_cov_3.532387	35000	12	0.067341
(93,174)(19367,21345)(10000,60000)	NODE_2663_length_21431_cov_3.382524	35000	83	0.038621
(32,37)(11416,14680)(10000,60000)	NODE_2664_length_21428_cov_3.523888	35000	7	0.378897
(23,34)(10523,21415)(10000,60000)	NODE_2665_length_21424_cov_3.353482	35000	13	0.067085
(4,72)(12634,20180)(10000,60000)	NODE_2666_length_21422_cov_3.841392	35000	70	0.067951
(8,18)(10900,19641)(10000,60000)	NODE_2667_length_21422_cov_3.403039	35000	12	0.172883
(1,44)(14253,21135)(10000,60000)	NODE_2668_length_21420_cov_3.271094	35000	45	0.032035
(6,12)(15559,15732)(10000,60000)	NODE_2670_length_21411_cov_3.925629	35000	8	0.344967
(31,94)(16254,17176)(10000,60000)	NODE_2671_length_21406_cov_3.949594	35000	65	0.061567
(6,89)(13477,21351)(10000,60000)	NODE_2672_length_21406_cov_3.854039	35000	85	0.085417
(26,26)(20152,20152)(10000,60000)	NODE_2674_length_21403_cov_3.332473	35000	2	0.179498
(1,52)(12530,21088)(10000,60000)	NODE_2676_length_21399_cov_3.429765	35000	53	0.176700
(36,86)(14200,19874)(10000,60000)	NODE_2677_length_21398_cov_3.389643	35000	52	0.192292
(14,16)(21356,21362)(10000,60000)	NODE_2678_length_21394_cov_3.639164	35000	4	0.089462
(11,38)(11796,21337)(10000,60000)	NODE_2679_length_21393_cov_3.180332	35000	29	0.088660
(6,67)(10787,36428)(10000,60000)	NODE_267_length_39608_cov_3.824141	35000	63	0.091815
(56,85)(11438,19642)(10000,60000)	NODE_2680_length_21390_cov_3.404678	35000	31	0.062003
(2,5)(20195,20210)(20000,70000)	NODE_2681_length_21390_cov_3.331032	45000	5	0.178665
(5,7)(14489,21352)(10000,60000)	NODE_2682_length_21382_cov_3.358173	35000	4	0.503769
(15,17)(11807,19951)(10000,60000)	NODE_2683_length_21380_cov_3.639303	35000	4	0.083425
(3,3)(14418,14418)(10000,60000)	NODE_2684_length_21380_cov_3.002397	35000	2	0.012520
(1,6)(10723,20340)(10000,60000)	NODE_2685_length_21367_cov_3.683280	35000	7	0.271327
(45,50)(14934,15009)(10000,60000)	NODE_2687_length_21361_cov_3.530383	35000	7	0.054642
(13,989)(11656,21208)(10000,60000)	NODE_2689_length_21357_cov_7.468059	35000	978	0.077389
(8,14)(26528,38970)(10000,60000)	NODE_268_length_39561_cov_3.741929	35000	8	0.046138
(21,34)(10658,20965)(10000,60000)	NODE_2690_length_21355_cov_3.665694	35000	15	0.224390
(7,21)(10006,16981)(10000,60000)	NODE_2691_length_21355_cov_3.659296	35000	16	0.146411
(64,122)(12242,18859)(10000,60000)	NODE_2692_length_21355_cov_3.010915	35000	60	0.098201
(24,26)(13413,16811)(10000,60000)	NODE_2693_length_21354_cov_3.544248	35000	4	0.072902
(1,28)(14702,17208)(10000,60000)	NODE_2694_length_21353_cov_3.795050	35000	29	0.056087
(158,248)(11798,16340)(10000,60000)	NODE_2695_length_21341_cov_3.617786	35000	92	0.042013
(36,44)(11348,20481)(10000,60000)	NODE_2697_length_21335_cov_3.672678	35000	10	0.218926
(52,52)(19498,19498)(10000,60000)	NODE_2698_length_21334_cov_3.613610	35000	2	0.099126
(90,219)(12950,20587)(10000,60000)	NODE_2699_length_21327_cov_3.182966	35000	131	0.093683
(150,163)(15246,33951)(10000,60000)	NODE_269_length_39550_cov_3.466173	35000	15	0.258707
(1,241)(21485,58902)(20000,70000)	NODE_26_length_62198_cov_3.948244	45000	242	0.080515
(6,7)(17626,19065)(10000,60000)	NODE_2701_length_21320_cov_3.675604	35000	3	0.022414
(1,11)(10084,19156)(10000,60000)	NODE_2702_length_21318_cov_3.777039	35000	12	0.408310
(7,8)(16838,16946)(10000,60000)	NODE_2703_length_21318_cov_3.749470	35000	3	0.188369
(4,18)(10707,16839)(10000,60000)	NODE_2704_length_21318_cov_3.589142	35000	16	0.052508
(29,70)(20843,21285)(20000,70000)	NODE_2705_length_21310_cov_3.377776	45000	43	0.048650
(11,59)(10448,19405)(10000,60000)	NODE_2706_length_21309_cov_3.354220	35000	50	0.167476
(12,49)(10006,20716)(10000,60000)	NODE_2707_length_21304_cov_3.299599	35000	39	0.142520
(3,3)(11936,11936)(10000,60000)	NODE_2709_length_21291_cov_3.337533	35000	2	0.080706
(3,14)(11206,37850)(10000,60000)	NODE_270_length_39529_cov_3.808598	35000	13	0.483650
(23,153)(13948,18594)(10000,60000)	NODE_2710_length_21289_cov_3.121520	35000	132	0.095248
(11,65)(10166,20840)(10000,60000)	NODE_2711_length_21288_cov_3.824673	35000	56	0.179090
(10,11)(17192,17205)(10000,60000)	NODE_2712_length_21285_cov_3.676862	35000	3	0.572833
(4,5)(13000,13017)(10000,60000)	NODE_2713_length_21278_cov_3.247887	35000	3	0.023688
(22,28)(10494,20261)(10000,60000)	NODE_2714_length_21270_cov_3.729205	35000	8	0.312238
(5,10)(10013,21139)(10000,60000)	NODE_2715_length_21270_cov_3.324784	35000	7	0.185462
(37,42)(17234,20866)(10000,60000)	NODE_2716_length_21267_cov_3.430745	35000	7	0.287706
(4,16)(16085,16607)(10000,60000)	NODE_2718_length_21261_cov_3.357622	35000	14	0.208192
(11,51)(11184,37619)(10000,60000)	NODE_271_length_39475_cov_3.692782	35000	42	0.223539
(29,32)(10644,18980)(10000,60000)	NODE_2720_length_21259_cov_3.455718	35000	5	0.555214
(2,2)(21022,21022)(10000,60000)	NODE_2721_length_21255_cov_4.554925	35000	2	0.028160
(21,70)(12955,20054)(10000,60000)	NODE_2722_length_21254_cov_3.664713	35000	51	0.087447
(26,37)(10022,21131)(10000,60000)	NODE_2723_length_21252_cov_4.020895	35000	13	0.448466
(2,18)(12868,19301)(10000,60000)	NODE_2724_length_21244_cov_3.718704	35000	18	0.188545
(2,5)(13024,13097)(10000,60000)	NODE_2725_length_21240_cov_3.337874	35000	5	0.044819
(71,111)(13972,20142)(10000,60000)	NODE_2727_length_21234_cov_3.758883	35000	42	0.083578
(12,31)(10802,18710)(10000,60000)	NODE_2728_length_21230_cov_3.692726	35000	21	0.409002
(5,40)(24751,38059)(20000,70000)	NODE_272_length_39470_cov_3.597318	45000	37	0.050832
(66,75)(16168,20685)(10000,60000)	NODE_2730_length_21228_cov_3.308202	35000	11	0.071602
(4,13)(11706,18661)(10000,60000)	NODE_2731_length_21228_cov_3.091533	35000	11	0.069873
(29,33)(11853,16678)(10000,60000)	NODE_2733_length_21227_cov_3.523381	35000	6	0.121380
(7,9)(12115,13633)(10000,60000)	NODE_2734_length_21226_cov_3.877361	35000	4	0.462635
(2,9)(11406,18771)(10000,60000)	NODE_2735_length_21226_cov_3.566006	35000	9	0.074434
(12,29)(17458,21185)(10000,60000)	NODE_2736_length_21221_cov_3.691270	35000	19	0.128403
(93,126)(10513,20121)(10000,60000)	NODE_2737_length_21221_cov_3.258688	35000	35	0.116035
(10,30)(11825,20771)(10000,60000)	NODE_2738_length_21218_cov_3.693451	35000	22	0.124797
(7,33)(14404,20862)(10000,60000)	NODE_2739_length_21215_cov_3.774579	35000	28	0.206326
(97,111)(17783,36716)(10000,60000)	NODE_273_length_39434_cov_3.481912	35000	16	0.136823
(22,27)(11514,18122)(10000,60000)	NODE_2740_length_21214_cov_3.480038	35000	7	0.470077
(6,70)(11462,19745)(10000,60000)	NODE_2741_length_21210_cov_3.740799	35000	66	0.201127
(7,11)(11055,11654)(10000,60000)	NODE_2743_length_21206_cov_2.881982	35000	6	0.105744
(16,22)(14284,20200)(10000,60000)	NODE_2744_length_21198_cov_3.776198	35000	8	0.156992
(6,16)(10411,15808)(10000,60000)	NODE_2745_length_21193_cov_3.823410	35000	12	0.367764
(2,15)(11792,20058)(10000,60000)	NODE_2746_length_21193_cov_3.746421	35000	15	0.125604
(30,32)(10681,10717)(10000,60000)	NODE_2747_length_21191_cov_3.455291	35000	4	0.027550
(17,94)(15835,20487)(10000,60000)	NODE_2748_length_21179_cov_3.186575	35000	79	0.032670
(1,10)(10767,18198)(10000,60000)	NODE_2749_length_21177_cov_3.698358	35000	11	0.135857
(10,276)(13020,38827)(10000,60000)	NODE_274_length_39377_cov_3.600362	35000	268	0.069039
(1,27)(10380,19323)(10000,60000)	NODE_2750_length_21170_cov_3.317973	35000	28	0.045296
(8,30)(11218,19015)(10000,60000)	NODE_2752_length_21158_cov_3.666176	35000	24	0.047047
(29,39)(13322,14660)(10000,60000)	NODE_2753_length_21155_cov_3.539609	35000	12	0.369713
(19,32)(10966,18754)(10000,60000)	NODE_2754_length_21154_cov_3.674614	35000	15	0.429776
(23,47)(10454,18672)(10000,60000)	NODE_2755_length_21153_cov_3.567873	35000	26	0.233153
(4,28)(10056,20228)(10000,60000)	NODE_2756_length_21152_cov_3.718757	35000	26	0.231488
(31,103)(17381,19794)(10000,60000)	NODE_2757_length_21147_cov_3.662011	35000	74	0.085657
(54,59)(10354,15541)(10000,60000)	NODE_2758_length_21134_cov_3.186213	35000	7	0.028258
(22,270)(11894,19825)(10000,60000)	NODE_2759_length_21132_cov_3.062949	35000	250	0.060379
(56,70)(12139,32594)(10000,60000)	NODE_275_length_39358_cov_3.313890	35000	16	0.340961
(17,31)(10131,18299)(10000,60000)	NODE_2760_length_21131_cov_3.413655	35000	16	0.095859
(5,14)(12658,18923)(10000,60000)	NODE_2761_length_21130_cov_3.474585	35000	11	0.380771
(3,118)(11993,20080)(10000,60000)	NODE_2764_length_21121_cov_3.360955	35000	117	0.039593
(271,522)(10449,20496)(10000,60000)	NODE_2765_length_21120_cov_4.716807	35000	253	0.106146
(58,154)(14634,21004)(10000,60000)	NODE_2767_length_21120_cov_3.484468	35000	98	0.087931
(26,35)(12161,14527)(10000,60000)	NODE_2768_length_21119_cov_3.477117	35000	11	0.189033
(2,14)(13047,21113)(10000,60000)	NODE_2769_length_21119_cov_3.291199	35000	14	0.300921
(1,50)(22494,34176)(20000,70000)	NODE_276_length_39313_cov_3.937930	45000	51	0.073158
(5,17)(10228,17658)(10000,60000)	NODE_2770_length_21115_cov_3.461696	35000	14	0.424653
(12,25)(16205,20738)(10000,60000)	NODE_2771_length_21109_cov_3.538839	35000	15	0.121344
(46,175)(14576,19025)(10000,60000)	NODE_2772_length_21108_cov_3.152839	35000	131	0.076962
(17,18)(11508,11553)(10000,60000)	NODE_2773_length_21105_cov_3.624298	35000	3	0.151993
(108,126)(10555,15407)(10000,60000)	NODE_2775_length_21102_cov_3.442270	35000	20	0.123712
(1,9)(11500,20934)(10000,60000)	NODE_2777_length_21098_cov_3.748702	35000	10	0.467485
(29,33)(14843,16799)(10000,60000)	NODE_2778_length_21096_cov_3.465162	35000	6	0.126446
(46,62)(14594,18443)(10000,60000)	NODE_2779_length_21096_cov_3.446016	35000	18	0.120043
(78,126)(23490,34973)(10000,60000)	NODE_277_length_39290_cov_4.725957	35000	50	0.226474
(7,17)(12870,20341)(10000,60000)	NODE_2780_length_21093_cov_3.400591	35000	12	0.241474
(4,9)(10448,13563)(10000,60000)	NODE_2782_length_21086_cov_3.353076	35000	7	0.038232
(16,29)(18526,20490)(10000,60000)	NODE_2783_length_21084_cov_3.768215	35000	15	0.197819
(84,129)(11776,19572)(10000,60000)	NODE_2784_length_21082_cov_3.164752	35000	47	0.085975
(1,3)(10201,20249)(10000,60000)	NODE_2787_length_21070_cov_3.862334	35000	4	0.097647
(11,14)(14346,14424)(10000,60000)	NODE_2788_length_21070_cov_3.474846	35000	5	0.014597
(21,29)(14275,21064)(10000,60000)	NODE_2789_length_21069_cov_3.792608	35000	10	0.145335
(7,70)(14560,37663)(10000,60000)	NODE_278_length_39288_cov_3.988823	35000	65	0.138917
(29,39)(11590,17852)(10000,60000)	NODE_2790_length_21068_cov_2.999714	35000	12	0.168196
(26,46)(12802,16114)(10000,60000)	NODE_2791_length_21065_cov_3.155394	35000	22	0.156440
(19,80)(11980,20979)(10000,60000)	NODE_2792_length_21060_cov_3.203521	35000	63	0.063702
(5,6)(18486,19590)(10000,60000)	NODE_2793_length_21055_cov_3.545333	35000	3	0.603499
(1,24)(10809,20185)(10000,60000)	NODE_2794_length_21040_cov_3.512105	35000	25	0.071554
(3,8)(10031,13577)(10000,60000)	NODE_2795_length_21037_cov_3.197249	35000	7	0.109934
(25,44)(14735,20869)(10000,60000)	NODE_2796_length_21033_cov_3.706172	35000	21	0.234325
(18,118)(10776,19386)(10000,60000)	NODE_2797_length_21033_cov_3.294449	35000	102	0.060666
(6,17)(10992,14485)(10000,60000)	NODE_2798_length_21031_cov_3.849369	35000	13	0.088040
(1,11)(11091,19758)(10000,60000)	NODE_2799_length_21031_cov_3.571852	35000	12	0.391894
(10,141)(13015,37049)(10000,60000)	NODE_279_length_39279_cov_3.387928	35000	133	0.072912
(6,53)(13337,59204)(10000,60000)	NODE_27_length_61975_cov_3.526909	35000	49	0.167786
(8,17)(11401,18884)(10000,60000)	NODE_2800_length_21023_cov_3.110925	35000	11	0.124071
(9,13)(13145,20183)(10000,60000)	NODE_2801_length_21019_cov_3.634895	35000	6	0.520809
(13,13)(19130,19130)(10000,60000)	NODE_2802_length_21019_cov_3.467973	35000	2	0.170443
(31,34)(20252,20871)(10000,60000)	NODE_2804_length_21019_cov_3.231214	35000	5	0.041151
(5,15)(15211,20317)(10000,60000)	NODE_2805_length_21018_cov_3.415699	35000	12	0.106717
(15,16)(16386,18215)(10000,60000)	NODE_2807_length_21013_cov_3.763795	35000	3	0.057578
(42,46)(10498,17918)(10000,60000)	NODE_2808_length_21011_cov_3.050976	35000	6	0.093357
(27,30)(14841,17925)(10000,60000)	NODE_2809_length_21010_cov_3.568457	35000	5	0.062752
(2,11)(12212,35458)(10000,60000)	NODE_280_length_39244_cov_3.660110	35000	11	0.334382
(3,42)(12469,19339)(10000,60000)	NODE_2810_length_21004_cov_3.274193	35000	41	0.060025
(3,8)(10501,19619)(10000,60000)	NODE_2811_length_21001_cov_3.640848	35000	7	0.302863
(2,3)(14340,18855)(10000,60000)	NODE_2812_length_20998_cov_3.579214	35000	3	0.138403
(9,12)(14638,18556)(10000,60000)	NODE_2813_length_20998_cov_3.438107	35000	5	0.558765
(14,17)(12716,12743)(10000,60000)	NODE_2814_length_20996_cov_3.678375	35000	5	0.135593
(1,2)(14383,14910)(10000,60000)	NODE_2816_length_20996_cov_3.364311	35000	3	0.140215
(80,157)(13044,17074)(10000,60000)	NODE_2817_length_20985_cov_3.812506	35000	79	0.062913
(3,103)(11294,13316)(10000,60000)	NODE_2820_length_20980_cov_3.831043	35000	102	0.092807
(2,5)(10852,18223)(10000,60000)	NODE_2821_length_20973_cov_4.273833	35000	5	0.275663
(9,26)(11211,19253)(10000,60000)	NODE_2822_length_20973_cov_3.419278	35000	19	0.244845
(103,110)(20162,20403)(20000,70000)	NODE_2823_length_20972_cov_3.713122	45000	9	0.068922
(29,33)(12731,17651)(10000,60000)	NODE_2824_length_20965_cov_3.684223	35000	6	0.100658
(250,267)(10846,18738)(10000,60000)	NODE_2825_length_20965_cov_2.865858	35000	19	0.253006
(72,173)(10165,20347)(10000,60000)	NODE_2826_length_20961_cov_3.164606	35000	103	0.064171
(4,28)(15438,16796)(10000,60000)	NODE_2827_length_20958_cov_3.668345	35000	26	0.131408
(64,73)(10686,18092)(10000,60000)	NODE_2828_length_20957_cov_5.329754	35000	11	0.043127
(420,427)(11635,15470)(10000,60000)	NODE_2829_length_20957_cov_3.430386	35000	9	0.140541
(5,13)(20230,36593)(20000,70000)	NODE_282_length_39234_cov_3.482305	45000	10	0.032364
(6,11)(11013,20010)(10000,60000)	NODE_2830_length_20956_cov_3.858273	35000	7	0.113696
(4,13)(15310,16622)(10000,60000)	NODE_2832_length_20947_cov_3.668889	35000	11	0.135989
(6,10)(10105,16624)(10000,60000)	NODE_2834_length_20945_cov_3.759954	35000	6	0.219806
(2,3)(15341,15371)(10000,60000)	NODE_2835_length_20928_cov_3.261078	35000	3	0.331179
(2,11)(10207,16605)(10000,60000)	NODE_2836_length_20927_cov_3.772662	35000	11	0.222612
(11,15)(10222,10290)(10000,60000)	NODE_2838_length_20923_cov_3.452699	35000	6	0.125934
(19,21)(14488,17453)(10000,60000)	NODE_2839_length_20920_cov_3.770520	35000	4	0.097279
(40,57)(10963,34703)(10000,60000)	NODE_283_length_39212_cov_3.763940	35000	19	0.099578
(1,10)(15323,16933)(10000,60000)	NODE_2840_length_20918_cov_3.659206	35000	11	0.411256
(28,61)(12682,20506)(10000,60000)	NODE_2841_length_20916_cov_3.456454	35000	35	0.061483
(25,39)(10860,14811)(10000,60000)	NODE_2842_length_20913_cov_3.500865	35000	16	0.138374
(98,123)(10273,16308)(10000,60000)	NODE_2844_length_20909_cov_3.140846	35000	27	0.045204
(192,211)(11201,17044)(10000,60000)	NODE_2845_length_20906_cov_3.366463	35000	21	0.058391
(6,12)(10419,18515)(10000,60000)	NODE_2846_length_20904_cov_3.498967	35000	8	0.313862
(5,141)(14678,20657)(10000,60000)	NODE_2847_length_20900_cov_3.812846	35000	138	0.097150
(6,17)(11416,20467)(10000,60000)	NODE_2848_length_20900_cov_2.526898	35000	13	0.027658
(43,94)(10260,14604)(10000,60000)	NODE_2849_length_20897_cov_3.181700	35000	53	0.085597
(1,26)(10065,38533)(10000,60000)	NODE_284_length_39179_cov_3.870445	35000	27	0.123693
(3,48)(11472,20620)(10000,60000)	NODE_2850_length_20894_cov_4.048762	35000	47	0.122991
(18,24)(11021,18963)(10000,60000)	NODE_2851_length_20894_cov_3.872566	35000	8	0.055167
(14,22)(11242,14983)(10000,60000)	NODE_2852_length_20894_cov_3.483434	35000	10	0.258997
(3,47)(12287,19874)(10000,60000)	NODE_2853_length_20894_cov_3.275643	35000	46	0.106324
(6,15)(11103,19579)(10000,60000)	NODE_2854_length_20891_cov_3.017314	35000	11	0.080409
(26,33)(10160,20229)(10000,60000)	NODE_2855_length_20888_cov_3.798499	35000	9	0.068522
(37,50)(12470,15429)(10000,60000)	NODE_2857_length_20874_cov_3.761781	35000	15	0.110918
(5,63)(12867,20852)(10000,60000)	NODE_2858_length_20874_cov_3.032347	35000	60	0.040931
(76,143)(11223,18747)(10000,60000)	NODE_2859_length_20866_cov_2.817210	35000	69	0.060185
(4,69)(12354,38849)(10000,60000)	NODE_285_length_39129_cov_3.880374	35000	67	0.277116
(10,22)(10603,18659)(10000,60000)	NODE_2860_length_20861_cov_3.250506	35000	14	0.143572
(58,116)(11722,11937)(10000,60000)	NODE_2861_length_20859_cov_4.020087	35000	60	0.044836
(5,6)(11742,13655)(10000,60000)	NODE_2862_length_20858_cov_3.658221	35000	3	0.132198
(62,74)(11109,11730)(10000,60000)	NODE_2863_length_20858_cov_3.404981	35000	14	0.302623
(4,5)(18521,19378)(10000,60000)	NODE_2864_length_20857_cov_3.493882	35000	3	0.073449
(6,6)(12318,12318)(10000,60000)	NODE_2865_length_20854_cov_3.581980	35000	2	0.017091
(19,21)(11201,12773)(10000,60000)	NODE_2866_length_20850_cov_3.527011	35000	4	0.597902
(17,147)(14860,16012)(10000,60000)	NODE_2867_length_20849_cov_3.723036	35000	132	0.043161
(26,60)(10442,17421)(10000,60000)	NODE_2868_length_20846_cov_3.778908	35000	36	0.235216
(16,47)(10113,20807)(10000,60000)	NODE_2869_length_20840_cov_3.237452	35000	33	0.099634
(2,34)(12580,38582)(10000,60000)	NODE_286_length_39127_cov_3.454340	35000	34	0.109968
(2,32)(11867,20469)(10000,60000)	NODE_2870_length_20838_cov_3.095665	35000	32	0.071901
(1,5)(14824,19035)(10000,60000)	NODE_2871_length_20832_cov_2.986447	35000	6	0.367884
(6,9)(14211,16966)(10000,60000)	NODE_2872_length_20824_cov_3.276912	35000	5	0.047115
(2,6)(14795,20279)(10000,60000)	NODE_2873_length_20823_cov_3.660490	35000	6	0.163312
(87,109)(14639,16679)(10000,60000)	NODE_2874_length_20823_cov_3.197742	35000	24	0.088505
(8,11)(15275,18349)(10000,60000)	NODE_2875_length_20816_cov_3.315683	35000	5	0.019053
(66,75)(13277,14582)(10000,60000)	NODE_2876_length_20815_cov_3.301603	35000	11	0.214962
(50,107)(10757,18936)(10000,60000)	NODE_2877_length_20809_cov_3.408064	35000	59	0.117417
(65,75)(10298,18682)(10000,60000)	NODE_2878_length_20804_cov_3.322144	35000	12	0.344000
(6,8)(12575,16590)(10000,60000)	NODE_2879_length_20803_cov_3.876835	35000	4	0.155543
(1,10)(10399,38546)(10000,60000)	NODE_287_length_39101_cov_3.896877	35000	11	0.175063
(127,128)(19150,19156)(10000,60000)	NODE_2880_length_20803_cov_3.396880	35000	3	0.492299
(9,11)(13456,16609)(10000,60000)	NODE_2881_length_20802_cov_3.910013	35000	4	0.139818
(9,14)(10352,10389)(10000,60000)	NODE_2882_length_20801_cov_3.351512	35000	7	0.122639
(1,9)(17176,17718)(10000,60000)	NODE_2883_length_20799_cov_4.532802	35000	10	0.196235
(28,54)(10001,19825)(10000,60000)	NODE_2884_length_20798_cov_3.216629	35000	28	0.141388
(18,18)(20003,20003)(20000,70000)	NODE_2885_length_20796_cov_3.484466	45000	2	0.080808
(4,7)(10136,20047)(10000,60000)	NODE_2886_length_20794_cov_3.231698	35000	5	0.483574
(10,43)(10963,17909)(10000,60000)	NODE_2887_length_20792_cov_3.240371	35000	35	0.322094
(14,34)(15778,20345)(10000,60000)	NODE_2888_length_20791_cov_3.628262	35000	22	0.295495
(1,6)(16631,20529)(10000,60000)	NODE_2889_length_20788_cov_3.284257	35000	7	0.061069
(1,85)(10239,38850)(10000,60000)	NODE_288_length_39096_cov_3.478780	35000	86	0.162752
(7,10)(19379,20688)(10000,60000)	NODE_2890_length_20787_cov_3.685760	35000	5	0.135078
(53,53)(13684,13684)(10000,60000)	NODE_2891_length_20783_cov_3.861632	35000	2	0.064892
(3,60)(11558,19694)(10000,60000)	NODE_2892_length_20780_cov_3.133214	35000	59	0.205831
(10,11)(13373,13381)(10000,60000)	NODE_2893_length_20779_cov_3.876692	35000	3	0.122296
(4,5)(19039,19048)(10000,60000)	NODE_2894_length_20768_cov_4.973390	35000	3	0.606991
(144,348)(10010,16637)(10000,60000)	NODE_2895_length_20768_cov_4.824955	35000	206	0.139110
(5,32)(13937,20262)(10000,60000)	NODE_2896_length_20766_cov_3.393429	35000	29	0.186614
(50,427)(15369,19062)(10000,60000)	NODE_2897_length_20763_cov_7.886469	35000	379	0.076361
(8,76)(10107,20610)(10000,60000)	NODE_2898_length_20761_cov_3.725293	35000	70	0.163995
(20,54)(10208,17740)(10000,60000)	NODE_2899_length_20760_cov_6.883839	35000	36	0.074172
(4,50)(17811,36716)(10000,60000)	NODE_289_length_38969_cov_3.550707	35000	48	0.132598
(14,109)(11159,59121)(10000,60000)	NODE_28_length_61056_cov_3.169300	35000	97	0.151365
(8,27)(10048,19308)(10000,60000)	NODE_2900_length_20760_cov_4.118339	35000	21	0.095547
(4,4)(16688,16688)(10000,60000)	NODE_2902_length_20754_cov_3.613508	35000	2	0.179449
(3,118)(17158,19729)(10000,60000)	NODE_2903_length_20753_cov_3.483006	35000	117	0.060076
(10,19)(10064,19389)(10000,60000)	NODE_2905_length_20745_cov_3.501841	35000	11	0.173571
(11,17)(11700,14505)(10000,60000)	NODE_2906_length_20745_cov_3.283348	35000	8	0.136964
(3,9)(20513,20702)(10000,60000)	NODE_2908_length_20743_cov_3.627252	35000	8	0.136263
(18,196)(13191,37482)(10000,60000)	NODE_290_length_38949_cov_3.720772	35000	180	0.090282
(2,16)(11929,20732)(10000,60000)	NODE_2910_length_20738_cov_3.477833	35000	16	0.209568
(35,37)(13705,18411)(10000,60000)	NODE_2911_length_20737_cov_3.651081	35000	4	0.048965
(1,15)(12954,19629)(10000,60000)	NODE_2912_length_20736_cov_3.736977	35000	16	0.146256
(46,56)(20623,20650)(20000,70000)	NODE_2913_length_20730_cov_3.365082	45000	12	0.043903
(25,48)(11300,20721)(10000,60000)	NODE_2914_length_20728_cov_3.621892	35000	25	0.046633
(4,165)(12765,20542)(10000,60000)	NODE_2915_length_20716_cov_3.912451	35000	163	0.098159
(1,361)(16865,18834)(10000,60000)	NODE_2916_length_20715_cov_3.748157	35000	362	0.065510
(10,23)(10535,19765)(10000,60000)	NODE_2917_length_20714_cov_3.150424	35000	15	0.449760
(47,64)(11794,37925)(10000,60000)	NODE_291_length_38859_cov_3.870666	35000	19	0.259634
(9,12)(10124,18373)(10000,60000)	NODE_2920_length_20705_cov_3.461904	35000	5	0.165271
(1,120)(10166,15351)(10000,60000)	NODE_2921_length_20704_cov_3.456151	35000	121	0.062735
(23,25)(14595,20095)(10000,60000)	NODE_2922_length_20701_cov_3.307203	35000	4	0.060836
(1,22)(14351,18359)(10000,60000)	NODE_2923_length_20700_cov_3.692685	35000	23	0.226413
(310,345)(10601,18139)(10000,60000)	NODE_2924_length_20693_cov_3.141935	35000	37	0.209540
(93,94)(11263,13124)(10000,60000)	NODE_2925_length_20689_cov_3.727975	35000	3	0.098361
(3,118)(10005,18596)(10000,60000)	NODE_2926_length_20689_cov_3.710539	35000	117	0.070570
(7,9)(15018,17469)(10000,60000)	NODE_2927_length_20688_cov_3.928214	35000	4	0.040048
(270,290)(15307,19887)(10000,60000)	NODE_2928_length_20685_cov_5.156126	35000	22	0.139722
(133,134)(13021,13024)(10000,60000)	NODE_2929_length_20685_cov_3.981881	35000	3	0.183924
(2,25)(10652,33174)(10000,60000)	NODE_292_length_38849_cov_3.633445	35000	25	0.385053
(16,57)(11946,20393)(10000,60000)	NODE_2930_length_20683_cov_3.953265	35000	43	0.295932
(18,23)(11542,20395)(10000,60000)	NODE_2931_length_20683_cov_2.870288	35000	7	0.070872
(9,30)(14116,20677)(10000,60000)	NODE_2932_length_20682_cov_3.606666	35000	23	0.052496
(8,39)(13603,17768)(10000,60000)	NODE_2933_length_20681_cov_3.329171	35000	33	0.053165
(16,94)(12158,20545)(10000,60000)	NODE_2934_length_20680_cov_3.357757	35000	80	0.075503
(15,19)(10514,13696)(10000,60000)	NODE_2935_length_20676_cov_3.609078	35000	6	0.144188
(8,59)(10477,19564)(10000,60000)	NODE_2937_length_20672_cov_3.236815	35000	53	0.069705
(21,29)(13013,14824)(10000,60000)	NODE_2938_length_20666_cov_3.809014	35000	10	0.154377
(1,7)(16869,19167)(10000,60000)	NODE_2939_length_20665_cov_4.160848	35000	8	0.169785
(9,426)(12574,32904)(10000,60000)	NODE_293_length_38841_cov_4.123664	35000	419	0.052075
(3,10)(13493,20041)(10000,60000)	NODE_2940_length_20663_cov_3.791334	35000	9	0.111724
(5,18)(11332,19949)(10000,60000)	NODE_2941_length_20662_cov_3.466907	35000	15	0.413442
(13,25)(10063,15659)(10000,60000)	NODE_2942_length_20653_cov_3.836771	35000	14	0.164451
(12,46)(10487,20434)(10000,60000)	NODE_2943_length_20653_cov_3.416756	35000	36	0.218198
(2,26)(10211,18687)(10000,60000)	NODE_2944_length_20652_cov_3.419939	35000	26	0.075553
(4,19)(11508,14739)(10000,60000)	NODE_2945_length_20647_cov_3.225667	35000	17	0.082324
(112,117)(12767,19569)(10000,60000)	NODE_2947_length_20642_cov_3.338509	35000	7	0.138978
(600,609)(11698,14914)(10000,60000)	NODE_2948_length_20638_cov_4.144944	35000	11	0.140052
(25,33)(13646,19181)(10000,60000)	NODE_2949_length_20634_cov_4.185586	35000	10	0.093117
(2,17)(27015,38426)(20000,70000)	NODE_294_length_38836_cov_3.483749	45000	17	0.280566
(3,5)(11155,12440)(10000,60000)	NODE_2950_length_20634_cov_3.835159	35000	4	0.204179
(7,15)(12444,16105)(10000,60000)	NODE_2951_length_20631_cov_3.866014	35000	10	0.509665
(49,63)(10301,11659)(10000,60000)	NODE_2952_length_20631_cov_3.428210	35000	16	0.160563
(2,7)(11360,17546)(10000,60000)	NODE_2954_length_20626_cov_3.473377	35000	7	0.374423
(41,45)(13027,18729)(10000,60000)	NODE_2956_length_20625_cov_3.479636	35000	6	0.076680
(11,22)(12789,19473)(10000,60000)	NODE_2957_length_20624_cov_3.611303	35000	13	0.130648
(10,10)(16176,16176)(10000,60000)	NODE_2958_length_20621_cov_3.252120	35000	2	0.019427
(23,28)(12697,16088)(10000,60000)	NODE_2959_length_20619_cov_3.559649	35000	7	0.052615
(2,80)(20058,36222)(20000,70000)	NODE_295_length_38819_cov_3.632800	45000	80	0.091984
(25,148)(14045,18425)(10000,60000)	NODE_2960_length_20619_cov_3.437281	35000	125	0.082382
(6,26)(14314,20160)(10000,60000)	NODE_2961_length_20614_cov_3.517475	35000	22	0.126852
(13,55)(12208,20606)(10000,60000)	NODE_2962_length_20614_cov_3.457421	35000	44	0.058584
(6,16)(11351,20108)(10000,60000)	NODE_2963_length_20612_cov_3.640959	35000	12	0.052990
(19,26)(11335,19039)(10000,60000)	NODE_2964_length_20612_cov_3.232633	35000	9	0.071620
(5,5)(10457,10457)(10000,60000)	NODE_2965_length_20608_cov_3.926569	35000	2	0.012234
(4,53)(12091,19428)(10000,60000)	NODE_2966_length_20606_cov_3.483640	35000	51	0.057864
(12,18)(12368,20592)(10000,60000)	NODE_2967_length_20599_cov_3.609268	35000	8	0.049769
(6,11)(11954,16413)(10000,60000)	NODE_2968_length_20598_cov_3.690326	35000	7	0.051010
(96,379)(10441,18284)(10000,60000)	NODE_2969_length_20597_cov_3.641331	35000	285	0.075196
(10,114)(20524,37381)(10000,60000)	NODE_296_length_38759_cov_3.881609	35000	106	0.113514
(3,10)(17741,19595)(10000,60000)	NODE_2970_length_20595_cov_3.206479	35000	9	0.101456
(10,17)(16393,18826)(10000,60000)	NODE_2971_length_20594_cov_3.601464	35000	9	0.240422
(120,129)(11590,19716)(10000,60000)	NODE_2972_length_20592_cov_3.470161	35000	11	0.132211
(37,67)(12768,19935)(10000,60000)	NODE_2973_length_20589_cov_3.211518	35000	32	0.368015
(4,38)(11426,20183)(10000,60000)	NODE_2974_length_20586_cov_3.327476	35000	36	0.277884
(18,24)(10538,18966)(10000,60000)	NODE_2975_length_20586_cov_3.314053	35000	8	0.089018
(7,10)(10016,19950)(10000,60000)	NODE_2977_length_20575_cov_3.893876	35000	5	0.125509
(27,27)(19539,19539)(10000,60000)	NODE_2978_length_20575_cov_3.470942	35000	2	0.642414
(203,203)(18559,18559)(10000,60000)	NODE_2979_length_20575_cov_3.284089	35000	2	0.133923
(41,92)(11908,34123)(10000,60000)	NODE_297_length_38712_cov_3.737809	35000	53	0.089676
(17,40)(19196,20242)(10000,60000)	NODE_2980_length_20575_cov_2.820717	35000	25	0.084861
(88,114)(10733,18381)(10000,60000)	NODE_2981_length_20572_cov_3.197089	35000	28	0.173251
(3,12)(14611,20146)(10000,60000)	NODE_2982_length_20569_cov_3.486273	35000	11	0.109141
(14,20)(11981,19636)(10000,60000)	NODE_2983_length_20569_cov_3.150611	35000	8	0.094501
(22,84)(10759,20538)(10000,60000)	NODE_2984_length_20559_cov_3.414614	35000	64	0.072838
(12,44)(11327,19341)(10000,60000)	NODE_2985_length_20557_cov_3.464610	35000	34	0.214332
(11,313)(10245,18057)(10000,60000)	NODE_2987_length_20553_cov_3.672631	35000	304	0.054670
(1,31)(11623,20352)(10000,60000)	NODE_2988_length_20546_cov_3.463540	35000	32	0.127013
(4,8)(13371,16418)(10000,60000)	NODE_2989_length_20543_cov_3.477304	35000	6	0.463697
(5,36)(10740,38297)(10000,60000)	NODE_298_length_38712_cov_3.228783	35000	33	0.080086
(193,452)(13534,19092)(10000,60000)	NODE_2990_length_20541_cov_3.762694	35000	261	0.085867
(193,299)(12516,19582)(10000,60000)	NODE_2991_length_20541_cov_3.582379	35000	108	0.062010
(12,24)(10866,15701)(10000,60000)	NODE_2994_length_20532_cov_3.222826	35000	14	0.197234
(17,25)(12495,20437)(10000,60000)	NODE_2995_length_20531_cov_3.484583	35000	10	0.088273
(44,45)(11147,12762)(10000,60000)	NODE_2996_length_20529_cov_3.591630	35000	3	0.074138
(3,109)(12146,19831)(10000,60000)	NODE_2997_length_20528_cov_3.679231	35000	108	0.073460
(273,397)(13486,18714)(10000,60000)	NODE_2998_length_20527_cov_3.495154	35000	126	0.054767
(34,72)(10476,20007)(10000,60000)	NODE_2999_length_20526_cov_4.868556	35000	40	0.190001
(1019,1164)(10187,38511)(10000,60000)	NODE_299_length_38697_cov_16.074797	35000	147	0.118986
(8,53)(16119,58145)(10000,60000)	NODE_29_length_60093_cov_3.565107	35000	47	0.169829
(13,104)(11404,59220)(10000,60000)	NODE_2_length_96890_cov_3.348008	35000	93	0.100970
(43,112)(20377,69450)(20000,70000)	NODE_2_length_96890_cov_3.348008	45000	71	0.097952
(65,119)(30630,78808)(30000,80000)	NODE_2_length_96890_cov_3.348008	55000	56	0.150733
(69,119)(45627,78808)(40000,90000)	NODE_2_length_96890_cov_3.348008	65000	52	0.154216
(15,21)(11851,19822)(10000,60000)	NODE_3000_length_20525_cov_3.491139	35000	8	0.425974
(16,32)(11767,16998)(10000,60000)	NODE_3001_length_20522_cov_3.434363	35000	18	0.128402
(13,17)(17378,19180)(10000,60000)	NODE_3003_length_20519_cov_3.510627	35000	6	0.285708
(4,24)(10116,16609)(10000,60000)	NODE_3004_length_20514_cov_3.405535	35000	22	0.124549
(311,311)(10400,10400)(10000,60000)	NODE_3005_length_20501_cov_3.083325	35000	2	0.010542
(21,44)(13485,19684)(10000,60000)	NODE_3006_length_20500_cov_3.750846	35000	25	0.257920
(2,32)(10441,19659)(10000,60000)	NODE_3007_length_20499_cov_3.426912	35000	32	0.112411
(5,14)(15112,17617)(10000,60000)	NODE_3008_length_20495_cov_3.849922	35000	11	0.107805
(5,37)(14241,18001)(10000,60000)	NODE_3009_length_20495_cov_3.342861	35000	34	0.166834
(1,50)(15422,30809)(10000,60000)	NODE_300_length_38681_cov_3.598880	35000	51	0.070373
(34,34)(20057,20057)(20000,70000)	NODE_3010_length_20491_cov_3.216310	45000	2	0.152289
(21,36)(20366,20405)(20000,70000)	NODE_3011_length_20489_cov_3.480481	45000	17	0.094629
(17,17)(10193,10193)(10000,60000)	NODE_3012_length_20485_cov_3.475621	35000	2	0.073884
(5,11)(11043,11092)(10000,60000)	NODE_3013_length_20482_cov_3.205269	35000	8	0.106740
(19,37)(10528,17141)(10000,60000)	NODE_3014_length_20480_cov_3.138413	35000	20	0.155216
(7,27)(10712,19622)(10000,60000)	NODE_3015_length_20471_cov_3.539417	35000	22	0.133963
(22,49)(13591,18555)(10000,60000)	NODE_3016_length_20467_cov_3.841025	35000	29	0.111639
(3,41)(18928,20408)(10000,60000)	NODE_3017_length_20467_cov_3.485909	35000	40	0.062733
(8,24)(14004,26586)(10000,60000)	NODE_301_length_38650_cov_3.635833	35000	18	0.048889
(5,5)(11467,11467)(10000,60000)	NODE_3020_length_20466_cov_3.669564	35000	2	0.045323
(14,46)(14811,16947)(10000,60000)	NODE_3021_length_20463_cov_3.318356	35000	34	0.174280
(118,160)(11120,18000)(10000,60000)	NODE_3022_length_20462_cov_2.953249	35000	44	0.116424
(49,76)(15052,20366)(10000,60000)	NODE_3023_length_20460_cov_3.401650	35000	29	0.131107
(13,15)(13879,17464)(10000,60000)	NODE_3024_length_20459_cov_3.856729	35000	4	0.136581
(21,27)(13263,19475)(10000,60000)	NODE_3025_length_20457_cov_3.904411	35000	8	0.076764
(11,12)(11531,11538)(10000,60000)	NODE_3026_length_20457_cov_3.891198	35000	3	0.126609
(3,4)(17866,17872)(10000,60000)	NODE_3028_length_20455_cov_3.066221	35000	3	0.586608
(40,55)(11122,16670)(10000,60000)	NODE_3029_length_20454_cov_3.654483	35000	17	0.117875
(9,38)(11743,36600)(10000,60000)	NODE_302_length_38623_cov_3.526633	35000	31	0.236924
(2,4)(17632,19448)(10000,60000)	NODE_3030_length_20453_cov_3.393338	35000	4	0.552788
(2,2)(20269,20269)(20000,70000)	NODE_3031_length_20443_cov_3.373034	45000	2	0.010759
(46,48)(18227,18327)(10000,60000)	NODE_3032_length_20438_cov_3.690349	35000	4	0.098333
(12,12)(10256,10256)(10000,60000)	NODE_3034_length_20435_cov_3.317467	35000	2	0.066420
(11,17)(18105,19713)(10000,60000)	NODE_3035_length_20434_cov_3.499041	35000	8	0.099877
(5,18)(10280,16788)(10000,60000)	NODE_3036_length_20429_cov_3.344368	35000	15	0.382556
(4,11)(12047,12090)(10000,60000)	NODE_3037_length_20425_cov_3.723851	35000	9	0.312266
(2,149)(12560,16170)(10000,60000)	NODE_3038_length_20424_cov_3.219582	35000	149	0.065628
(5,451)(11785,20321)(10000,60000)	NODE_3039_length_20421_cov_3.334662	35000	448	0.090894
(1,53)(17524,38473)(10000,60000)	NODE_303_length_38595_cov_3.617960	35000	54	0.161289
(11,26)(11149,19680)(10000,60000)	NODE_3040_length_20421_cov_3.258292	35000	17	0.296351
(34,34)(11323,11323)(10000,60000)	NODE_3041_length_20417_cov_3.464120	35000	2	0.010398
(52,102)(10063,18172)(10000,60000)	NODE_3042_length_20414_cov_3.570071	35000	52	0.165825
(55,70)(11061,16074)(10000,60000)	NODE_3043_length_20403_cov_3.369385	35000	17	0.100244
(70,84)(11335,19845)(10000,60000)	NODE_3044_length_20402_cov_4.037433	35000	16	0.326649
(8,9)(10608,19722)(10000,60000)	NODE_3045_length_20400_cov_3.497759	35000	3	0.020617
(10,78)(10965,20381)(10000,60000)	NODE_3046_length_20399_cov_3.393892	35000	70	0.097008
(9,15)(18343,18373)(10000,60000)	NODE_3048_length_20399_cov_2.966453	35000	8	0.059391
(1,493)(13070,16678)(10000,60000)	NODE_3049_length_20397_cov_3.535324	35000	494	0.071237
(5,59)(17595,34818)(10000,60000)	NODE_304_length_38574_cov_3.656790	35000	56	0.227782
(18,27)(10703,20369)(10000,60000)	NODE_3050_length_20389_cov_3.643815	35000	11	0.233379
(21,31)(12100,18354)(10000,60000)	NODE_3051_length_20383_cov_3.282341	35000	12	0.107846
(35,36)(11670,11689)(10000,60000)	NODE_3052_length_20377_cov_3.876516	35000	3	0.155936
(19,92)(13196,18789)(10000,60000)	NODE_3053_length_20373_cov_3.619315	35000	75	0.065198
(17,24)(14951,19313)(10000,60000)	NODE_3054_length_20373_cov_3.315379	35000	9	0.331391
(3,14)(12414,19382)(10000,60000)	NODE_3055_length_20372_cov_3.752824	35000	13	0.079612
(18,70)(12905,18144)(10000,60000)	NODE_3056_length_20372_cov_3.509199	35000	54	0.116625
(16,43)(11398,19439)(10000,60000)	NODE_3057_length_20366_cov_3.831351	35000	29	0.141185
(46,64)(11626,19773)(10000,60000)	NODE_3058_length_20365_cov_3.324139	35000	20	0.027721
(3,117)(18947,19432)(10000,60000)	NODE_3059_length_20363_cov_3.340801	35000	116	0.043652
(16,57)(23616,27296)(10000,60000)	NODE_305_length_38567_cov_3.574114	35000	43	0.055027
(203,210)(16564,18812)(10000,60000)	NODE_3060_length_20362_cov_4.117159	35000	9	0.163944
(14,16)(15780,17114)(10000,60000)	NODE_3061_length_20362_cov_3.560677	35000	4	0.096769
(153,191)(10339,20147)(10000,60000)	NODE_3062_length_20361_cov_3.324203	35000	40	0.058459
(16,43)(10338,16718)(10000,60000)	NODE_3063_length_20356_cov_3.557980	35000	29	0.115227
(11,26)(10447,18941)(10000,60000)	NODE_3064_length_20355_cov_3.221860	35000	17	0.140701
(8,45)(12864,15941)(10000,60000)	NODE_3065_length_20353_cov_3.825368	35000	39	0.092390
(10,13)(10034,18982)(10000,60000)	NODE_3066_length_20353_cov_3.798904	35000	5	0.035792
(16,52)(10039,16556)(10000,60000)	NODE_3069_length_20346_cov_3.512026	35000	38	0.087370
(104,120)(10895,31099)(10000,60000)	NODE_306_length_38543_cov_3.670924	35000	18	0.228972
(6,25)(12234,19949)(10000,60000)	NODE_3070_length_20346_cov_3.502346	35000	21	0.064207
(80,102)(12287,20338)(10000,60000)	NODE_3071_length_20345_cov_3.567668	35000	24	0.101224
(3,10)(11910,19208)(10000,60000)	NODE_3072_length_20343_cov_3.469472	35000	9	0.254260
(1,1)(17319,17319)(10000,60000)	NODE_3073_length_20341_cov_3.403913	35000	2	0.059664
(114,142)(10882,14570)(10000,60000)	NODE_3074_length_20340_cov_3.533076	35000	30	0.251601
(4,12)(13339,19108)(10000,60000)	NODE_3075_length_20338_cov_3.788082	35000	10	0.109118
(23,89)(10717,17683)(10000,60000)	NODE_3076_length_20335_cov_3.436895	35000	68	0.116647
(105,107)(16047,17658)(10000,60000)	NODE_3077_length_20335_cov_3.270607	35000	4	0.062483
(6,6)(19866,19866)(10000,60000)	NODE_3078_length_20331_cov_3.601028	35000	2	0.041675
(6,79)(21267,32823)(10000,60000)	NODE_307_length_38514_cov_3.740492	35000	75	0.092873
(21,29)(14876,15010)(10000,60000)	NODE_3080_length_20328_cov_3.290079	35000	10	0.332082
(71,73)(13220,19661)(10000,60000)	NODE_3081_length_20328_cov_3.194177	35000	4	0.060664
(19,19)(16137,16137)(10000,60000)	NODE_3082_length_20327_cov_3.557692	35000	2	0.635758
(360,615)(15001,19730)(10000,60000)	NODE_3083_length_20326_cov_5.305186	35000	257	0.065612
(8,12)(11607,13054)(10000,60000)	NODE_3084_length_20326_cov_3.395313	35000	6	0.132433
(229,232)(19620,19641)(10000,60000)	NODE_3085_length_20325_cov_3.612331	35000	5	0.067624
(13,16)(10435,13780)(10000,60000)	NODE_3087_length_20321_cov_3.550737	35000	5	0.497574
(42,42)(11716,11716)(10000,60000)	NODE_3088_length_20312_cov_4.159650	35000	2	0.132080
(16,17)(15367,15381)(10000,60000)	NODE_3089_length_20312_cov_3.429476	35000	3	0.355629
(10,44)(10748,37287)(10000,60000)	NODE_308_length_38508_cov_3.476269	35000	36	0.271705
(8,13)(10604,19107)(10000,60000)	NODE_3090_length_20312_cov_3.000247	35000	7	0.272057
(3,67)(10890,20299)(10000,60000)	NODE_3091_length_20310_cov_3.313592	35000	66	0.046957
(35,36)(16415,16422)(10000,60000)	NODE_3092_length_20310_cov_3.277720	35000	3	0.060540
(10,22)(15005,19331)(10000,60000)	NODE_3093_length_20308_cov_4.023109	35000	14	0.090208
(3,12)(11135,18780)(10000,60000)	NODE_3094_length_20307_cov_3.396823	35000	11	0.186936
(90,99)(13514,19978)(10000,60000)	NODE_3095_length_20306_cov_3.354085	35000	11	0.035432
(1,4)(13478,16985)(10000,60000)	NODE_3096_length_20300_cov_3.673828	35000	5	0.056778
(7,14)(16706,19146)(10000,60000)	NODE_3097_length_20298_cov_3.757067	35000	9	0.161287
(12,330)(11423,20262)(10000,60000)	NODE_3098_length_20294_cov_3.157267	35000	320	0.076853
(7,21)(14557,19068)(10000,60000)	NODE_3099_length_20293_cov_3.423145	35000	16	0.107520
(136,403)(12291,38478)(10000,60000)	NODE_309_length_38491_cov_3.634924	35000	269	0.063305
(3,16)(31840,51768)(30000,80000)	NODE_30_length_59794_cov_3.480710	55000	15	0.439590
(57,67)(12581,19950)(10000,60000)	NODE_3100_length_20292_cov_3.393255	35000	12	0.145553
(2,7)(13288,19439)(10000,60000)	NODE_3101_length_20288_cov_3.320769	35000	7	0.143071
(10,12)(19758,19767)(10000,60000)	NODE_3103_length_20284_cov_3.736537	35000	4	0.147485
(13,25)(13137,16351)(10000,60000)	NODE_3104_length_20282_cov_3.412674	35000	14	0.158305
(52,65)(13842,17485)(10000,60000)	NODE_3105_length_20280_cov_3.288985	35000	15	0.051573
(9,14)(11105,17942)(10000,60000)	NODE_3106_length_20279_cov_3.738603	35000	7	0.112881
(65,73)(10388,19982)(10000,60000)	NODE_3107_length_20279_cov_3.677800	35000	10	0.384780
(18,24)(11216,15724)(10000,60000)	NODE_3108_length_20277_cov_3.536624	35000	8	0.467117
(8,35)(19865,20053)(10000,60000)	NODE_3109_length_20277_cov_3.196303	35000	29	0.034759
(1,31)(22853,38008)(10000,60000)	NODE_310_length_38421_cov_4.250431	35000	32	0.060310
(5,7)(15676,17290)(10000,60000)	NODE_3110_length_20272_cov_3.445001	35000	4	0.479054
(186,218)(11059,18520)(10000,60000)	NODE_3111_length_20270_cov_3.377968	35000	34	0.051272
(1044,1283)(10074,19077)(10000,60000)	NODE_3112_length_20268_cov_4.920968	35000	241	0.075613
(9,21)(11570,19498)(10000,60000)	NODE_3113_length_20266_cov_3.488769	35000	14	0.201247
(1,4)(19342,19650)(10000,60000)	NODE_3114_length_20264_cov_3.585172	35000	5	0.123877
(73,88)(12582,17592)(10000,60000)	NODE_3115_length_20262_cov_3.629271	35000	17	0.263767
(1,4)(14746,14765)(10000,60000)	NODE_3116_length_20261_cov_3.570975	35000	5	0.482364
(48,174)(11419,18964)(10000,60000)	NODE_3117_length_20261_cov_3.430215	35000	128	0.083221
(11,24)(13752,20176)(10000,60000)	NODE_3118_length_20261_cov_3.103214	35000	15	0.030502
(290,1061)(10173,19462)(10000,60000)	NODE_3119_length_20259_cov_9.200298	35000	773	0.073790
(26,48)(12819,33700)(10000,60000)	NODE_311_length_38391_cov_4.242662	35000	24	0.359104
(1,2)(18573,18577)(10000,60000)	NODE_3120_length_20259_cov_3.725843	35000	3	0.057988
(22,43)(10000,19492)(10000,60000)	NODE_3121_length_20259_cov_3.082639	35000	23	0.152314
(100,206)(13570,20241)(10000,60000)	NODE_3122_length_20257_cov_3.013940	35000	108	0.055687
(9,32)(12733,18896)(10000,60000)	NODE_3123_length_20254_cov_3.534408	35000	25	0.282187
(9,18)(11747,14652)(10000,60000)	NODE_3124_length_20252_cov_3.401479	35000	11	0.088303
(12,51)(11389,19534)(10000,60000)	NODE_3125_length_20246_cov_3.800020	35000	41	0.265249
(1,10)(10879,19429)(10000,60000)	NODE_3126_length_20246_cov_3.766169	35000	11	0.084963
(3,7)(12185,13191)(10000,60000)	NODE_3127_length_20246_cov_3.601926	35000	6	0.107749
(14,89)(10474,17517)(10000,60000)	NODE_3128_length_20246_cov_3.312751	35000	77	0.110375
(20,89)(10652,18682)(10000,60000)	NODE_3129_length_20244_cov_3.816282	35000	71	0.074663
(6,13)(15298,36072)(10000,60000)	NODE_312_length_38351_cov_3.338492	35000	9	0.169704
(2,11)(15772,19266)(10000,60000)	NODE_3130_length_20242_cov_3.583478	35000	11	0.169369
(3,11)(14264,19782)(10000,60000)	NODE_3131_length_20241_cov_3.501043	35000	10	0.193206
(14,14)(17506,17506)(10000,60000)	NODE_3133_length_20236_cov_3.438248	35000	2	0.012823
(3,4)(16398,16405)(10000,60000)	NODE_3136_length_20232_cov_3.473948	35000	3	0.607325
(14,17)(12318,12531)(10000,60000)	NODE_3137_length_20231_cov_3.824856	35000	5	0.155649
(15,30)(10322,19575)(10000,60000)	NODE_3138_length_20222_cov_3.147990	35000	17	0.158657
(5,19)(10658,17784)(10000,60000)	NODE_3139_length_20220_cov_3.424532	35000	16	0.132590
(2,56)(15115,36014)(10000,60000)	NODE_313_length_38347_cov_3.559219	35000	56	0.161559
(4,48)(12459,17685)(10000,60000)	NODE_3141_length_20219_cov_3.564960	35000	46	0.031319
(7,7)(20104,20104)(20000,70000)	NODE_3142_length_20216_cov_3.464035	45000	2	0.175265
(40,40)(14808,14808)(10000,60000)	NODE_3143_length_20215_cov_3.371595	35000	2	0.184437
(12,57)(10262,19279)(10000,60000)	NODE_3144_length_20212_cov_3.460299	35000	47	0.282933
(121,197)(17515,20095)(10000,60000)	NODE_3145_length_20212_cov_3.401531	35000	78	0.113477
(13,44)(12757,19554)(10000,60000)	NODE_3146_length_20211_cov_3.492741	35000	33	0.216726
(5,8)(10518,17637)(10000,60000)	NODE_3147_length_20210_cov_3.908259	35000	5	0.134131
(22,54)(10737,20107)(10000,60000)	NODE_3148_length_20210_cov_3.790612	35000	34	0.135914
(3,13)(12611,19315)(10000,60000)	NODE_3149_length_20210_cov_3.340262	35000	12	0.055465
(7,131)(10284,38140)(10000,60000)	NODE_314_length_38338_cov_3.413583	35000	126	0.056577
(18,30)(10851,14380)(10000,60000)	NODE_3150_length_20208_cov_4.327266	35000	14	0.478620
(6,12)(10256,13317)(10000,60000)	NODE_3151_length_20205_cov_2.999851	35000	8	0.163117
(96,185)(11472,17530)(10000,60000)	NODE_3152_length_20204_cov_3.620443	35000	91	0.064221
(10,21)(14688,16427)(10000,60000)	NODE_3153_length_20204_cov_3.533947	35000	13	0.073112
(3,5)(12770,18384)(10000,60000)	NODE_3154_length_20203_cov_3.743086	35000	4	0.045208
(39,77)(10795,19651)(10000,60000)	NODE_3155_length_20203_cov_3.197622	35000	40	0.249510
(2,16)(12760,17779)(10000,60000)	NODE_3156_length_20202_cov_4.126996	35000	16	0.193864
(147,262)(10702,19019)(10000,60000)	NODE_3157_length_20201_cov_3.381106	35000	117	0.049913
(13,34)(13843,13925)(10000,60000)	NODE_3158_length_20200_cov_4.383215	35000	23	0.094949
(7,34)(11546,18050)(10000,60000)	NODE_3159_length_20200_cov_3.866773	35000	29	0.152119
(4,400)(12250,38236)(10000,60000)	NODE_315_length_38335_cov_3.763547	35000	398	0.068523
(24,24)(12293,12293)(10000,60000)	NODE_3160_length_20193_cov_3.299492	35000	2	0.137931
(1,6)(17174,17192)(10000,60000)	NODE_3161_length_20192_cov_3.359478	35000	7	0.044978
(68,77)(10001,12161)(10000,60000)	NODE_3162_length_20191_cov_3.783446	35000	11	0.047345
(5,7)(12655,12807)(10000,60000)	NODE_3163_length_20188_cov_3.282393	35000	4	0.071381
(3,4)(19222,19240)(10000,60000)	NODE_3165_length_20178_cov_3.707306	35000	3	0.037619
(8,30)(14593,14701)(10000,60000)	NODE_3166_length_20178_cov_3.514617	35000	24	0.161127
(9,13)(17856,17907)(10000,60000)	NODE_3167_length_20177_cov_3.452784	35000	6	0.149795
(18,24)(11357,15337)(10000,60000)	NODE_3168_length_20175_cov_3.600219	35000	8	0.160927
(1,1)(18531,18531)(10000,60000)	NODE_3169_length_20173_cov_2.797997	35000	2	0.196066
(16,71)(12442,27575)(10000,60000)	NODE_316_length_38318_cov_3.757372	35000	57	0.078809
(99,161)(10006,19796)(10000,60000)	NODE_3170_length_20171_cov_3.170237	35000	64	0.151275
(6,9)(11029,17146)(10000,60000)	NODE_3171_length_20169_cov_4.095167	35000	5	0.260477
(43,64)(10002,17067)(10000,60000)	NODE_3172_length_20169_cov_3.181016	35000	23	0.096997
(19,41)(10142,14176)(10000,60000)	NODE_3173_length_20164_cov_3.711288	35000	24	0.161609
(5,20)(10238,19135)(10000,60000)	NODE_3174_length_20160_cov_3.622252	35000	17	0.319576
(2,188)(12899,18853)(10000,60000)	NODE_3175_length_20158_cov_3.537165	35000	188	0.076227
(7,15)(10125,17147)(10000,60000)	NODE_3177_length_20154_cov_3.458439	35000	10	0.307293
(1,14)(10031,17029)(10000,60000)	NODE_3178_length_20148_cov_3.267295	35000	15	0.108490
(9,105)(10023,20084)(10000,60000)	NODE_3179_length_20145_cov_2.935000	35000	98	0.084721
(45,243)(10001,36388)(10000,60000)	NODE_317_length_38305_cov_3.427446	35000	200	0.070237
(1,6)(12509,18320)(10000,60000)	NODE_3180_length_20142_cov_3.276256	35000	7	0.412322
(37,47)(14619,19641)(10000,60000)	NODE_3181_length_20141_cov_3.391727	35000	12	0.325255
(5,5)(17182,17182)(10000,60000)	NODE_3183_length_20137_cov_3.497804	35000	2	0.014672
(3,14)(16382,16479)(10000,60000)	NODE_3184_length_20133_cov_3.039982	35000	13	0.296518
(33,36)(12632,13433)(10000,60000)	NODE_3185_length_20131_cov_4.054762	35000	5	0.096950
(26,37)(19459,19509)(10000,60000)	NODE_3186_length_20131_cov_3.518071	35000	13	0.066586
(26,49)(10957,18992)(10000,60000)	NODE_3187_length_20130_cov_3.724227	35000	25	0.230346
(3,13)(13490,15838)(10000,60000)	NODE_3189_length_20127_cov_3.693479	35000	12	0.110357
(3,38)(11381,37247)(10000,60000)	NODE_318_length_38226_cov_3.776484	35000	37	0.067548
(159,167)(14321,16811)(10000,60000)	NODE_3190_length_20126_cov_3.494882	35000	10	0.076094
(114,114)(12924,12924)(10000,60000)	NODE_3191_length_20125_cov_3.087736	35000	2	0.052642
(2,46)(10168,14714)(10000,60000)	NODE_3194_length_20119_cov_3.267383	35000	46	0.056367
(32,35)(13757,17363)(10000,60000)	NODE_3195_length_20119_cov_3.200699	35000	5	0.106192
(33,94)(12931,14487)(10000,60000)	NODE_3196_length_20112_cov_3.668366	35000	63	0.090868
(34,40)(12741,12783)(10000,60000)	NODE_3197_length_20103_cov_5.232154	35000	8	0.096705
(106,110)(16021,18052)(10000,60000)	NODE_3198_length_20101_cov_3.593291	35000	6	0.109028
(28,45)(14050,18928)(10000,60000)	NODE_3199_length_20100_cov_3.851857	35000	19	0.142777
(42,68)(16134,37860)(10000,60000)	NODE_319_length_38222_cov_3.113370	35000	28	0.149291
(15,156)(14903,59264)(10000,60000)	NODE_31_length_59470_cov_3.678884	35000	143	0.079930
(23,98)(13439,17234)(10000,60000)	NODE_3200_length_20100_cov_3.612119	35000	77	0.073229
(3,146)(11386,19934)(10000,60000)	NODE_3201_length_20098_cov_3.590230	35000	145	0.069996
(9,67)(10966,18369)(10000,60000)	NODE_3202_length_20097_cov_3.169067	35000	60	0.066901
(122,134)(14019,19801)(10000,60000)	NODE_3203_length_20093_cov_3.963439	35000	14	0.383602
(4,7)(16023,16085)(10000,60000)	NODE_3204_length_20092_cov_2.802781	35000	5	0.141343
(60,140)(10076,20082)(10000,60000)	NODE_3205_length_20090_cov_3.450003	35000	82	0.149874
(3,442)(13541,20068)(10000,60000)	NODE_3206_length_20089_cov_4.768084	35000	441	0.094463
(9,21)(11500,20024)(10000,60000)	NODE_3207_length_20089_cov_3.651626	35000	14	0.262126
(20,34)(10759,10802)(10000,60000)	NODE_3208_length_20088_cov_3.543649	35000	16	0.059144
(14,14)(19775,19775)(10000,60000)	NODE_3209_length_20088_cov_3.146381	35000	2	0.011885
(19,199)(12559,33883)(10000,60000)	NODE_320_length_38202_cov_3.878015	35000	182	0.107013
(10,10)(13723,13723)(10000,60000)	NODE_3211_length_20085_cov_3.419794	35000	2	0.165211
(13,97)(15662,19476)(10000,60000)	NODE_3212_length_20085_cov_3.417692	35000	86	0.070095
(18,38)(10145,18307)(10000,60000)	NODE_3213_length_20083_cov_4.498649	35000	22	0.085924
(32,94)(10061,15641)(10000,60000)	NODE_3215_length_20077_cov_3.229502	35000	64	0.101502
(5,31)(10172,18067)(10000,60000)	NODE_3216_length_20076_cov_4.115633	35000	28	0.177857
(79,100)(11369,17793)(10000,60000)	NODE_3217_length_20075_cov_3.481578	35000	23	0.066596
(52,114)(15653,36735)(10000,60000)	NODE_321_length_38109_cov_3.548014	35000	64	0.118905
(1,70)(10635,19667)(10000,60000)	NODE_3220_length_20063_cov_3.226458	35000	71	0.115666
(22,24)(11930,19081)(10000,60000)	NODE_3221_length_20062_cov_3.265942	35000	4	0.087436
(5,9)(13457,19604)(10000,60000)	NODE_3222_length_20061_cov_3.732392	35000	6	0.016826
(9,39)(10039,19924)(10000,60000)	NODE_3224_length_20059_cov_2.904810	35000	32	0.134966
(4,26)(10064,14680)(10000,60000)	NODE_3225_length_20054_cov_3.916913	35000	24	0.093014
(5,14)(19988,20028)(10000,60000)	NODE_3226_length_20049_cov_3.714987	35000	11	0.104300
(2,13)(14222,19133)(10000,60000)	NODE_3227_length_20048_cov_3.459672	35000	13	0.341676
(161,168)(11210,19417)(10000,60000)	NODE_3229_length_20043_cov_3.612365	35000	9	0.232394
(1,25)(21723,27440)(20000,70000)	NODE_322_length_38060_cov_3.526303	45000	26	0.027325
(15,18)(12476,15545)(10000,60000)	NODE_3230_length_20043_cov_3.096621	35000	5	0.055011
(3,3)(14194,14194)(10000,60000)	NODE_3231_length_20042_cov_3.654365	35000	2	0.017000
(5,12)(10601,13406)(10000,60000)	NODE_3232_length_20041_cov_3.439324	35000	9	0.389881
(4,6)(12319,19803)(10000,60000)	NODE_3234_length_20036_cov_3.691177	35000	4	0.322764
(19,20)(11935,11949)(10000,60000)	NODE_3236_length_20032_cov_3.355792	35000	3	0.053257
(6,11)(12517,18400)(10000,60000)	NODE_3237_length_20031_cov_3.840157	35000	7	0.409058
(5,10)(17894,18761)(10000,60000)	NODE_3238_length_20027_cov_3.235598	35000	7	0.119107
(11,24)(10741,19791)(10000,60000)	NODE_3239_length_20020_cov_3.262537	35000	15	0.105196
(6,12)(30483,36310)(20000,70000)	NODE_323_length_38058_cov_3.370373	45000	8	0.067837
(17,21)(19791,19806)(10000,60000)	NODE_3240_length_20018_cov_3.587228	35000	6	0.490537
(40,51)(11632,18179)(10000,60000)	NODE_3242_length_20014_cov_3.162591	35000	13	0.132055
(3,166)(13893,19033)(10000,60000)	NODE_3243_length_20013_cov_3.404791	35000	165	0.066834
(1,16)(10357,19382)(10000,60000)	NODE_3244_length_20012_cov_3.757144	35000	17	0.050742
(76,76)(10535,10535)(10000,60000)	NODE_3245_length_20012_cov_3.495656	35000	2	0.080009
(1,18)(10021,18902)(10000,60000)	NODE_3246_length_20007_cov_2.848805	35000	19	0.310613
(13,15)(11372,18817)(10000,60000)	NODE_3247_length_20005_cov_3.584849	35000	4	0.124497
(22,142)(10989,18996)(10000,60000)	NODE_3248_length_20002_cov_3.723358	35000	122	0.061049
(17,33)(10218,32844)(10000,60000)	NODE_324_length_38019_cov_3.934204	35000	18	0.295270
(35,38)(19976,19979)(10000,60000)	NODE_3250_length_20002_cov_3.137617	35000	5	0.055991
(18,28)(15251,17819)(10000,60000)	NODE_3251_length_20000_cov_3.270187	35000	12	0.089834
(22,43)(18703,33027)(10000,60000)	NODE_325_length_38001_cov_3.336447	35000	23	0.417151
(69,149)(14579,37945)(10000,60000)	NODE_326_length_37963_cov_3.443905	35000	82	0.062261
(8,100)(11872,37641)(10000,60000)	NODE_327_length_37950_cov_3.605374	35000	94	0.139524
(1,2)(36941,36955)(10000,60000)	NODE_328_length_37933_cov_3.555506	35000	3	0.084482
(10,18)(18484,37475)(10000,60000)	NODE_329_length_37930_cov_3.397082	35000	10	0.335882
(7,107)(16239,58967)(10000,60000)	NODE_32_length_59289_cov_3.442845	35000	102	0.085123
(9,106)(11326,35507)(10000,60000)	NODE_330_length_37925_cov_3.476048	35000	99	0.079400
(39,68)(11182,37643)(10000,60000)	NODE_331_length_37867_cov_3.729295	35000	31	0.213027
(1,19)(20314,37338)(20000,70000)	NODE_332_length_37862_cov_3.790191	45000	20	0.110692
(1,208)(10327,37289)(10000,60000)	NODE_333_length_37779_cov_3.312792	35000	209	0.066737
(1,62)(22486,32804)(20000,70000)	NODE_334_length_37719_cov_2.941574	45000	63	0.081574
(1,52)(16145,37672)(10000,60000)	NODE_335_length_37682_cov_3.370673	35000	53	0.152424
(13,59)(10370,33890)(10000,60000)	NODE_336_length_37673_cov_3.431761	35000	48	0.149417
(21,37)(13886,35127)(10000,60000)	NODE_337_length_37657_cov_4.169711	35000	18	0.384512
(10,17)(11635,27950)(10000,60000)	NODE_338_length_37640_cov_3.878746	35000	9	0.113048
(1,58)(12777,22510)(10000,60000)	NODE_339_length_37626_cov_3.445359	35000	59	0.188888
(87,316)(10529,51225)(10000,60000)	NODE_33_length_58250_cov_3.576826	35000	231	0.090342
(1,212)(35918,37236)(20000,70000)	NODE_340_length_37563_cov_3.672726	45000	213	0.065876
(1,31)(11414,35944)(10000,60000)	NODE_341_length_37541_cov_4.090193	35000	32	0.261543
(29,550)(10296,37444)(10000,60000)	NODE_342_length_37512_cov_4.667869	35000	523	0.097673
(15,38)(12188,35742)(10000,60000)	NODE_343_length_37506_cov_3.471917	35000	25	0.103816
(3,31)(17306,37343)(10000,60000)	NODE_344_length_37485_cov_3.593217	35000	30	0.344345
(12,166)(10562,31170)(10000,60000)	NODE_345_length_37471_cov_3.495933	35000	156	0.075963
(178,247)(12114,31321)(10000,60000)	NODE_346_length_37457_cov_3.716955	35000	71	0.134503
(12,266)(10445,32287)(10000,60000)	NODE_347_length_37442_cov_3.486303	35000	256	0.074967
(4,28)(10079,36725)(10000,60000)	NODE_348_length_37430_cov_3.625994	35000	26	0.169976
(7,23)(11966,34370)(10000,60000)	NODE_349_length_37405_cov_3.685493	35000	18	0.166901
(3,88)(10408,56491)(10000,60000)	NODE_34_length_58130_cov_3.719667	35000	87	0.218928
(15,15)(33734,33734)(10000,60000)	NODE_350_length_37402_cov_3.463796	35000	2	0.075752
(27,64)(17286,37108)(10000,60000)	NODE_351_length_37384_cov_3.658361	35000	39	0.182225
(11,159)(10795,35807)(10000,60000)	NODE_352_length_37364_cov_3.455816	35000	150	0.051630
(4,36)(18649,35030)(10000,60000)	NODE_353_length_37362_cov_3.784290	35000	34	0.111243
(1,14)(21975,32293)(20000,70000)	NODE_354_length_37335_cov_3.899130	45000	15	0.102192
(36,42)(18479,35237)(10000,60000)	NODE_355_length_37304_cov_3.533100	35000	8	0.125059
(6,12)(10587,37156)(10000,60000)	NODE_356_length_37258_cov_3.874728	35000	8	0.386375
(37,66)(11473,33030)(10000,60000)	NODE_357_length_37244_cov_3.712209	35000	31	0.251773
(10,42)(10788,27876)(10000,60000)	NODE_358_length_37236_cov_3.654496	35000	34	0.310373
(23,76)(12602,27675)(10000,60000)	NODE_359_length_37217_cov_3.567972	35000	55	0.094017
(12,130)(10097,54148)(10000,60000)	NODE_35_length_57784_cov_3.561099	35000	120	0.090184
(148,176)(10750,29462)(10000,60000)	NODE_360_length_37214_cov_3.558561	35000	30	0.109532
(9,48)(10154,35627)(10000,60000)	NODE_361_length_37194_cov_6.462192	35000	41	0.124101
(8,50)(15910,35046)(10000,60000)	NODE_362_length_37133_cov_3.294432	35000	44	0.202667
(150,530)(10436,36105)(10000,60000)	NODE_363_length_37030_cov_3.157456	35000	382	0.054321
(249,558)(10033,34009)(10000,60000)	NODE_364_length_37019_cov_3.835536	35000	311	0.108444
(2,22)(10453,36574)(10000,60000)	NODE_365_length_36963_cov_3.851671	35000	22	0.239919
(31,369)(12507,30897)(10000,60000)	NODE_366_length_36851_cov_3.331193	35000	340	0.076979
(6,860)(10829,33216)(10000,60000)	NODE_367_length_36843_cov_3.523296	35000	856	0.079720
(6,111)(12018,34390)(10000,60000)	NODE_368_length_36820_cov_3.859944	35000	107	0.061292
(73,91)(10393,26400)(10000,60000)	NODE_369_length_36792_cov_3.280789	35000	20	0.253315
(11,45)(10927,56908)(10000,60000)	NODE_36_length_57678_cov_3.446708	35000	36	0.086505
(3,12)(14963,35285)(10000,60000)	NODE_370_length_36789_cov_3.401554	35000	11	0.052327
(4,11)(24691,29380)(10000,60000)	NODE_371_length_36771_cov_3.635035	35000	9	0.343200
(31,132)(10121,36547)(10000,60000)	NODE_372_length_36771_cov_3.200098	35000	103	0.078727
(1,11)(12336,35484)(10000,60000)	NODE_373_length_36764_cov_3.690031	35000	12	0.390691
(5,26)(14408,28497)(10000,60000)	NODE_374_length_36763_cov_3.771711	35000	23	0.197543
(2,63)(11673,36720)(10000,60000)	NODE_376_length_36727_cov_3.316780	35000	63	0.068714
(1,13)(11388,32511)(10000,60000)	NODE_377_length_36707_cov_3.540483	35000	14	0.096719
(19,44)(11367,36359)(10000,60000)	NODE_378_length_36678_cov_3.245797	35000	27	0.319254
(6,89)(11216,36608)(10000,60000)	NODE_379_length_36662_cov_3.885130	35000	85	0.138302
(19,105)(10222,54812)(10000,60000)	NODE_37_length_57386_cov_3.806239	35000	88	0.133548
(22,52)(12330,34903)(10000,60000)	NODE_380_length_36507_cov_3.656367	35000	32	0.243619
(4,13)(30043,35316)(30000,80000)	NODE_381_length_36493_cov_4.012749	55000	11	0.067084
(1,589)(15149,29719)(10000,60000)	NODE_382_length_36485_cov_4.389216	35000	590	0.072905
(15,102)(10003,34803)(10000,60000)	NODE_383_length_36481_cov_3.434830	35000	89	0.048427
(5,45)(11452,33763)(10000,60000)	NODE_384_length_36476_cov_3.560272	35000	42	0.230610
(39,85)(11992,34742)(10000,60000)	NODE_385_length_36472_cov_3.453771	35000	48	0.159447
(2,43)(20943,35010)(10000,60000)	NODE_386_length_36417_cov_3.341126	35000	43	0.078532
(5,19)(13675,29661)(10000,60000)	NODE_387_length_36387_cov_3.648093	35000	16	0.247420
(7,175)(11414,29477)(10000,60000)	NODE_388_length_36360_cov_3.854444	35000	170	0.076989
(43,113)(10480,31318)(10000,60000)	NODE_389_length_36354_cov_3.671052	35000	72	0.085863
(12,62)(22063,57267)(10000,60000)	NODE_38_length_57309_cov_3.381769	35000	52	0.101227
(24,37)(13650,35806)(10000,60000)	NODE_390_length_36343_cov_3.845023	35000	15	0.344501
(4,16)(12749,31516)(10000,60000)	NODE_391_length_36245_cov_3.625104	35000	14	0.327208
(51,76)(14686,29549)(10000,60000)	NODE_392_length_36220_cov_3.148003	35000	27	0.049562
(3,268)(15655,34242)(10000,60000)	NODE_393_length_36113_cov_3.457655	35000	267	0.068043
(4,10)(12162,31018)(10000,60000)	NODE_394_length_36102_cov_3.623615	35000	8	0.093417
(14,116)(12744,32909)(10000,60000)	NODE_395_length_36084_cov_3.892316	35000	104	0.055656
(15,60)(17169,32166)(10000,60000)	NODE_396_length_36071_cov_3.389053	35000	47	0.085442
(45,73)(12739,33221)(10000,60000)	NODE_397_length_36060_cov_3.947082	35000	30	0.246870
(11,20)(15267,26421)(10000,60000)	NODE_398_length_36056_cov_3.743221	35000	11	0.202716
(19,61)(13051,30533)(10000,60000)	NODE_399_length_36055_cov_3.599511	35000	44	0.158784
(4,29)(16747,53224)(10000,60000)	NODE_39_length_57302_cov_3.953359	35000	27	0.363975
(3,83)(25740,68918)(20000,70000)	NODE_3_length_85606_cov_3.777808	45000	82	0.200166
(9,100)(43745,78622)(30000,80000)	NODE_3_length_85606_cov_3.777808	55000	93	0.160343
(25,62)(13118,35286)(10000,60000)	NODE_400_length_36009_cov_3.439376	35000	39	0.112344
(8,19)(10085,14090)(10000,60000)	NODE_401_length_36007_cov_3.654339	35000	13	0.149961
(13,22)(10754,35952)(10000,60000)	NODE_402_length_35994_cov_3.624154	35000	11	0.349839
(14,93)(13518,30979)(10000,60000)	NODE_403_length_35987_cov_3.656431	35000	81	0.144937
(43,54)(16647,33296)(10000,60000)	NODE_404_length_35980_cov_3.531145	35000	13	0.318614
(4,46)(11528,35169)(10000,60000)	NODE_405_length_35962_cov_3.781390	35000	44	0.186417
(44,66)(11632,33885)(10000,60000)	NODE_406_length_35951_cov_3.624707	35000	24	0.222976
(5,56)(11584,31876)(10000,60000)	NODE_407_length_35932_cov_3.563810	35000	53	0.127124
(1,18)(26527,35701)(20000,70000)	NODE_408_length_35890_cov_3.629460	45000	19	0.251337
(3,17)(14062,29995)(10000,60000)	NODE_409_length_35888_cov_3.406577	35000	16	0.267593
(37,296)(23262,57030)(10000,60000)	NODE_40_length_57036_cov_4.017054	35000	261	0.064206
(4,39)(11235,35755)(10000,60000)	NODE_410_length_35885_cov_3.477449	35000	37	0.284439
(1,106)(17096,35844)(10000,60000)	NODE_411_length_35877_cov_3.370507	35000	107	0.071758
(3,19)(11094,26357)(10000,60000)	NODE_412_length_35871_cov_3.604803	35000	18	0.249888
(69,75)(27038,35185)(20000,70000)	NODE_413_length_35866_cov_4.004893	45000	8	0.141677
(18,40)(13265,33890)(10000,60000)	NODE_414_length_35866_cov_3.536612	35000	24	0.116329
(9,17)(13420,31251)(10000,60000)	NODE_415_length_35838_cov_3.617337	35000	10	0.172194
(7,199)(12508,35631)(10000,60000)	NODE_416_length_35835_cov_3.730748	35000	194	0.066493
(10,24)(33387,35434)(30000,80000)	NODE_417_length_35813_cov_3.312006	55000	16	0.361691
(10,17)(12298,31374)(10000,60000)	NODE_418_length_35786_cov_3.452462	35000	9	0.124433
(97,105)(12200,30269)(10000,60000)	NODE_419_length_35718_cov_4.023330	35000	10	0.259980
(3,52)(12821,56684)(10000,60000)	NODE_41_length_56896_cov_3.794549	35000	51	0.185177
(138,222)(14423,34745)(10000,60000)	NODE_420_length_35711_cov_3.261260	35000	86	0.117358
(95,156)(16319,23367)(10000,60000)	NODE_421_length_35708_cov_4.088377	35000	63	0.085004
(21,39)(12663,31703)(10000,60000)	NODE_422_length_35700_cov_3.767535	35000	20	0.146006
(7,469)(12820,35644)(10000,60000)	NODE_423_length_35677_cov_4.387234	35000	464	0.075988
(16,97)(13450,34373)(10000,60000)	NODE_424_length_35657_cov_3.936695	35000	83	0.112017
(2,102)(10805,31559)(10000,60000)	NODE_425_length_35607_cov_3.728456	35000	102	0.111866
(10,41)(12815,34218)(10000,60000)	NODE_426_length_35605_cov_3.469245	35000	33	0.211801
(1,11)(23561,35132)(10000,60000)	NODE_427_length_35588_cov_3.629181	35000	12	0.298348
(12,23)(22647,33195)(10000,60000)	NODE_428_length_35573_cov_3.471472	35000	13	0.441325
(8,70)(11024,35475)(10000,60000)	NODE_429_length_35545_cov_3.252892	35000	64	0.102555
(12,25)(14287,47466)(10000,60000)	NODE_42_length_56745_cov_3.704728	35000	15	0.115462
(5,51)(11496,33798)(10000,60000)	NODE_430_length_35528_cov_3.410793	35000	48	0.138862
(11,14)(18632,35353)(10000,60000)	NODE_431_length_35527_cov_3.938128	35000	5	0.399442
(1,5)(11381,14963)(10000,60000)	NODE_432_length_35518_cov_3.568000	35000	6	0.173173
(32,144)(12070,35405)(10000,60000)	NODE_433_length_35421_cov_3.462148	35000	114	0.096357
(12,13)(32117,32147)(20000,70000)	NODE_434_length_35410_cov_3.686132	45000	3	0.169497
(2,11)(16600,30244)(10000,60000)	NODE_435_length_35370_cov_3.605143	35000	11	0.132296
(1,1)(11995,11995)(10000,60000)	NODE_436_length_35367_cov_3.820716	35000	2	0.498760
(4,15)(11856,32094)(10000,60000)	NODE_437_length_35363_cov_3.819419	35000	13	0.247661
(13,62)(14058,33722)(10000,60000)	NODE_438_length_35303_cov_3.798404	35000	51	0.123989
(12,47)(12953,19573)(10000,60000)	NODE_439_length_35275_cov_3.371276	35000	37	0.049237
(7,31)(26721,52603)(10000,60000)	NODE_43_length_56649_cov_3.890769	35000	26	0.386691
(38,59)(18150,33307)(10000,60000)	NODE_440_length_35265_cov_3.647756	35000	23	0.117645
(6,38)(11235,33066)(10000,60000)	NODE_441_length_35216_cov_3.524618	35000	34	0.165017
(28,59)(12376,33543)(10000,60000)	NODE_442_length_35214_cov_3.106849	35000	33	0.194230
(3,14)(17997,26602)(10000,60000)	NODE_443_length_35204_cov_3.477368	35000	13	0.107249
(4,30)(23013,31607)(10000,60000)	NODE_444_length_35178_cov_3.220616	35000	28	0.065705
(2,20)(10464,31842)(10000,60000)	NODE_445_length_35176_cov_3.523448	35000	20	0.116074
(9,46)(12432,32110)(10000,60000)	NODE_446_length_35170_cov_3.584500	35000	39	0.136068
(47,76)(10822,35054)(10000,60000)	NODE_447_length_35144_cov_3.152347	35000	31	0.277177
(30,53)(11901,31230)(10000,60000)	NODE_448_length_35139_cov_3.420919	35000	25	0.199606
(29,48)(14518,32061)(10000,60000)	NODE_449_length_35118_cov_3.601102	35000	21	0.334833
(2,33)(11681,52330)(10000,60000)	NODE_44_length_55711_cov_3.731551	35000	33	0.205171
(19,62)(10314,34799)(10000,60000)	NODE_450_length_35101_cov_3.452003	35000	45	0.179966
(11,47)(12212,34365)(10000,60000)	NODE_451_length_35092_cov_3.929529	35000	38	0.090236
(3,158)(15619,33141)(10000,60000)	NODE_452_length_35078_cov_3.830698	35000	157	0.099808
(19,191)(15628,34144)(10000,60000)	NODE_453_length_35076_cov_3.563999	35000	174	0.059957
(82,85)(25059,28846)(10000,60000)	NODE_454_length_35023_cov_3.483765	35000	5	0.073211
(14,35)(10664,29804)(10000,60000)	NODE_455_length_34963_cov_3.977685	35000	23	0.395135
(10,17)(22180,31271)(10000,60000)	NODE_456_length_34940_cov_3.906604	35000	9	0.369467
(18,27)(10356,34810)(10000,60000)	NODE_457_length_34939_cov_4.529133	35000	11	0.100615
(46,49)(12919,24057)(10000,60000)	NODE_458_length_34926_cov_3.805668	35000	5	0.135889
(9,51)(11732,34339)(10000,60000)	NODE_459_length_34887_cov_3.462343	35000	44	0.237821
(4,184)(12351,54329)(10000,60000)	NODE_45_length_55545_cov_3.661472	35000	182	0.121429
(8,65)(11937,34748)(10000,60000)	NODE_460_length_34862_cov_3.908322	35000	59	0.154656
(10,43)(24025,34372)(20000,70000)	NODE_461_length_34844_cov_3.680645	45000	35	0.131527
(18,59)(10002,18614)(10000,60000)	NODE_462_length_34803_cov_3.627478	35000	43	0.146300
(3,278)(25504,34760)(20000,70000)	NODE_463_length_34791_cov_3.784244	45000	277	0.080499
(58,221)(13119,21946)(10000,60000)	NODE_464_length_34791_cov_3.557045	35000	165	0.067416
(7,9)(20096,26710)(20000,70000)	NODE_465_length_34787_cov_3.539322	45000	4	0.401089
(3,12)(18986,33921)(10000,60000)	NODE_466_length_34745_cov_3.912688	35000	11	0.143488
(12,50)(14422,31860)(10000,60000)	NODE_467_length_34734_cov_3.838516	35000	40	0.149384
(4,24)(11051,28806)(10000,60000)	NODE_468_length_34666_cov_3.834785	35000	22	0.208657
(42,114)(17354,34586)(10000,60000)	NODE_469_length_34656_cov_3.463698	35000	74	0.073095
(22,48)(14663,50976)(10000,60000)	NODE_46_length_55383_cov_3.867213	35000	28	0.134961
(5,28)(10859,34309)(10000,60000)	NODE_470_length_34645_cov_3.381520	35000	25	0.116240
(34,193)(10008,34608)(10000,60000)	NODE_471_length_34642_cov_3.458877	35000	161	0.084951
(103,134)(10380,33802)(10000,60000)	NODE_472_length_34624_cov_3.066474	35000	33	0.253849
(8,14)(15189,34206)(10000,60000)	NODE_473_length_34608_cov_3.451303	35000	8	0.303753
(24,112)(11158,34214)(10000,60000)	NODE_474_length_34578_cov_3.635227	35000	90	0.111569
(13,404)(11270,34546)(10000,60000)	NODE_475_length_34571_cov_3.439690	35000	393	0.066313
(9,29)(10225,23783)(10000,60000)	NODE_476_length_34558_cov_3.654633	35000	22	0.142583
(3,8)(12113,26849)(10000,60000)	NODE_477_length_34543_cov_3.437464	35000	7	0.499507
(21,99)(12307,31884)(10000,60000)	NODE_478_length_34508_cov_3.886076	35000	80	0.158083
(9,13)(24854,34238)(20000,70000)	NODE_479_length_34501_cov_3.298500	45000	6	0.142544
(5,92)(14145,48769)(10000,60000)	NODE_47_length_54946_cov_3.470782	35000	89	0.076809
(4,10)(17680,33515)(10000,60000)	NODE_480_length_34492_cov_3.544820	35000	8	0.281159
(4,48)(10251,34234)(10000,60000)	NODE_481_length_34486_cov_3.322157	35000	46	0.321311
(1,41)(16754,29906)(10000,60000)	NODE_482_length_34480_cov_3.915273	35000	42	0.102881
(11,234)(11789,31656)(10000,60000)	NODE_483_length_34449_cov_3.647656	35000	225	0.056560
(92,122)(13520,25800)(10000,60000)	NODE_484_length_34444_cov_3.509477	35000	32	0.244899
(7,7)(33242,33242)(30000,80000)	NODE_485_length_34438_cov_3.389441	55000	2	0.015441
(7,47)(13202,33490)(10000,60000)	NODE_486_length_34433_cov_3.780684	35000	42	0.056692
(3,9)(15499,33150)(10000,60000)	NODE_487_length_34423_cov_3.595851	35000	8	0.124488
(72,81)(24056,28165)(20000,70000)	NODE_488_length_34413_cov_3.695168	45000	11	0.315985
(6,10)(21317,25958)(10000,60000)	NODE_489_length_34406_cov_3.650888	35000	6	0.376466
(2,54)(15946,52523)(10000,60000)	NODE_48_length_54887_cov_3.532872	35000	54	0.151524
(99,128)(11753,16923)(10000,60000)	NODE_490_length_34349_cov_3.177226	35000	31	0.241631
(9,15)(15486,33572)(10000,60000)	NODE_491_length_34348_cov_4.661129	35000	8	0.106239
(3,81)(11319,32593)(10000,60000)	NODE_492_length_34336_cov_3.404212	35000	80	0.050025
(168,295)(11592,29740)(10000,60000)	NODE_493_length_34316_cov_3.769413	35000	129	0.111276
(81,104)(22283,29250)(20000,70000)	NODE_494_length_34304_cov_3.042567	45000	25	0.225616
(3,15)(10050,33546)(10000,60000)	NODE_495_length_34242_cov_3.495504	35000	14	0.146101
(14,227)(12133,31401)(10000,60000)	NODE_496_length_34237_cov_4.007060	35000	215	0.103984
(6,66)(10063,31067)(10000,60000)	NODE_497_length_34219_cov_3.679894	35000	62	0.129143
(7,31)(10221,32104)(10000,60000)	NODE_498_length_34210_cov_3.821524	35000	26	0.450416
(7,13)(14565,30043)(10000,60000)	NODE_499_length_34210_cov_3.693589	35000	8	0.117151
(7,121)(10062,53194)(10000,60000)	NODE_49_length_54828_cov_3.684738	35000	116	0.138189
(12,94)(15372,56393)(10000,60000)	NODE_4_length_83149_cov_3.998880	35000	84	0.212179
(21,135)(21457,64969)(20000,70000)	NODE_4_length_83149_cov_3.998880	45000	116	0.160629
(7,165)(16527,34190)(10000,60000)	NODE_500_length_34196_cov_3.699651	35000	160	0.128086
(16,112)(17022,29003)(10000,60000)	NODE_501_length_34188_cov_3.545895	35000	98	0.059850
(14,26)(15038,33839)(10000,60000)	NODE_502_length_34181_cov_3.545977	35000	14	0.491442
(1,4)(24528,25808)(20000,70000)	NODE_503_length_34173_cov_3.882139	45000	5	0.447428
(16,42)(12697,32511)(10000,60000)	NODE_504_length_34159_cov_3.530652	35000	28	0.273937
(16,63)(10356,32313)(10000,60000)	NODE_505_length_34119_cov_3.405556	35000	49	0.227254
(9,29)(14490,34073)(10000,60000)	NODE_506_length_34098_cov_3.635313	35000	22	0.251047
(12,78)(10620,34043)(10000,60000)	NODE_507_length_34069_cov_3.456344	35000	68	0.227872
(8,71)(10949,32022)(10000,60000)	NODE_508_length_34067_cov_3.499028	35000	65	0.200993
(5,48)(10094,34048)(10000,60000)	NODE_509_length_34066_cov_3.314835	35000	45	0.189105
(6,39)(13215,49824)(10000,60000)	NODE_50_length_54439_cov_3.845491	35000	35	0.241711
(27,84)(10249,32932)(10000,60000)	NODE_510_length_34065_cov_3.671466	35000	59	0.143160
(3,21)(20680,33407)(20000,70000)	NODE_511_length_34063_cov_3.717789	45000	20	0.253993
(2,27)(11505,27109)(10000,60000)	NODE_512_length_34027_cov_3.396251	35000	27	0.153297
(6,130)(11218,21056)(10000,60000)	NODE_513_length_34018_cov_3.234559	35000	126	0.065091
(2,20)(12289,25035)(10000,60000)	NODE_514_length_34002_cov_3.673657	35000	20	0.139771
(216,435)(10363,31902)(10000,60000)	NODE_515_length_33981_cov_7.377575	35000	221	0.064586
(5,33)(11215,31703)(10000,60000)	NODE_516_length_33971_cov_3.799539	35000	30	0.386601
(2,93)(12278,32203)(10000,60000)	NODE_517_length_33964_cov_3.838949	35000	93	0.116133
(33,47)(15096,33082)(10000,60000)	NODE_518_length_33956_cov_4.356677	35000	16	0.205569
(16,25)(11602,33701)(10000,60000)	NODE_519_length_33947_cov_3.367200	35000	11	0.136367
(10,23)(21293,46701)(20000,70000)	NODE_51_length_54424_cov_3.747832	45000	15	0.402470
(71,581)(10223,32443)(10000,60000)	NODE_520_length_33930_cov_3.127930	35000	512	0.079668
(10,114)(12054,30804)(10000,60000)	NODE_521_length_33921_cov_3.582816	35000	106	0.073348
(5,27)(21775,33554)(20000,70000)	NODE_522_length_33918_cov_3.752181	45000	24	0.180714
(13,43)(18570,30171)(10000,60000)	NODE_523_length_33904_cov_3.790445	35000	32	0.093651
(21,54)(11632,32919)(10000,60000)	NODE_524_length_33900_cov_3.610455	35000	35	0.140132
(14,37)(33281,33753)(10000,60000)	NODE_525_length_33871_cov_3.534940	35000	25	0.074554
(6,12)(12016,14367)(10000,60000)	NODE_526_length_33855_cov_4.028262	35000	8	0.139906
(4,54)(14836,31718)(10000,60000)	NODE_527_length_33828_cov_3.490913	35000	52	0.183149
(25,40)(13647,28507)(10000,60000)	NODE_528_length_33795_cov_3.887791	35000	17	0.249750
(23,33)(15245,22791)(10000,60000)	NODE_529_length_33790_cov_3.294500	35000	12	0.322624
(7,16)(15493,48254)(10000,60000)	NODE_52_length_54166_cov_3.498363	35000	11	0.229165
(5,72)(11398,33776)(10000,60000)	NODE_530_length_33781_cov_3.613711	35000	69	0.095792
(44,472)(10294,33165)(10000,60000)	NODE_531_length_33769_cov_8.151262	35000	430	0.083269
(27,53)(12780,32621)(10000,60000)	NODE_532_length_33758_cov_3.531388	35000	28	0.226049
(5,5)(20887,20887)(10000,60000)	NODE_533_length_33748_cov_3.659187	35000	2	0.159388
(1,31)(10538,33711)(10000,60000)	NODE_534_length_33726_cov_3.327207	35000	32	0.165484
(6,12)(13783,27773)(10000,60000)	NODE_535_length_33724_cov_3.428074	35000	8	0.576605
(12,30)(14381,32508)(10000,60000)	NODE_536_length_33689_cov_3.824323	35000	20	0.263686
(11,15)(13339,14862)(10000,60000)	NODE_537_length_33687_cov_3.460998	35000	6	0.020860
(34,173)(21101,29922)(20000,70000)	NODE_538_length_33670_cov_3.557922	45000	141	0.067676
(3,41)(12150,33147)(10000,60000)	NODE_539_length_33667_cov_3.657501	35000	40	0.161399
(1,126)(12460,49579)(10000,60000)	NODE_53_length_53800_cov_3.757565	35000	127	0.114182
(59,92)(12636,33573)(10000,60000)	NODE_540_length_33654_cov_3.778125	35000	35	0.188595
(8,21)(11044,32254)(10000,60000)	NODE_541_length_33641_cov_3.232604	35000	15	0.198296
(51,64)(11593,32637)(10000,60000)	NODE_542_length_33625_cov_3.788940	35000	15	0.257243
(1,98)(16189,32109)(10000,60000)	NODE_543_length_33611_cov_3.243674	35000	99	0.080048
(1,51)(10672,33600)(10000,60000)	NODE_544_length_33607_cov_3.709114	35000	52	0.366281
(40,124)(13946,31056)(10000,60000)	NODE_545_length_33591_cov_3.638361	35000	86	0.139280
(160,218)(10687,31974)(10000,60000)	NODE_546_length_33555_cov_3.374402	35000	60	0.201066
(1,4)(14012,14402)(10000,60000)	NODE_547_length_33544_cov_3.478637	35000	5	0.106644
(1,19)(10652,32718)(10000,60000)	NODE_548_length_33540_cov_3.359828	35000	20	0.243355
(21,47)(14061,33162)(10000,60000)	NODE_549_length_33530_cov_3.190362	35000	28	0.086649
(23,319)(13815,51731)(10000,60000)	NODE_54_length_53363_cov_3.365613	35000	298	0.080828
(12,32)(11761,33172)(10000,60000)	NODE_550_length_33517_cov_3.740589	35000	22	0.323954
(5,38)(10026,30808)(10000,60000)	NODE_551_length_33516_cov_3.487716	35000	35	0.211343
(11,58)(15473,32468)(10000,60000)	NODE_552_length_33506_cov_3.392343	35000	49	0.092368
(8,30)(11170,32282)(10000,60000)	NODE_553_length_33496_cov_3.646256	35000	24	0.346637
(110,144)(11020,32530)(10000,60000)	NODE_554_length_33485_cov_3.282394	35000	36	0.224335
(1,206)(10271,30948)(10000,60000)	NODE_555_length_33480_cov_3.831940	35000	207	0.071116
(2,15)(25293,32161)(20000,70000)	NODE_556_length_33475_cov_3.714885	45000	15	0.329745
(10,76)(16752,26869)(10000,60000)	NODE_557_length_33460_cov_3.000779	35000	68	0.059419
(7,98)(10639,30929)(10000,60000)	NODE_558_length_33451_cov_3.738696	35000	93	0.131780
(7,17)(11672,18568)(10000,60000)	NODE_559_length_33393_cov_3.594552	35000	12	0.064020
(3,44)(13980,50068)(10000,60000)	NODE_55_length_53216_cov_3.181204	35000	43	0.169450
(24,135)(11513,15133)(10000,60000)	NODE_560_length_33381_cov_3.451896	35000	113	0.039492
(18,25)(11636,22563)(10000,60000)	NODE_561_length_33378_cov_3.422429	35000	9	0.133888
(9,25)(28708,32248)(20000,70000)	NODE_562_length_33328_cov_3.796052	45000	18	0.471830
(6,74)(12288,33318)(10000,60000)	NODE_563_length_33326_cov_3.683149	35000	70	0.100750
(21,49)(10108,26991)(10000,60000)	NODE_564_length_33307_cov_3.734431	35000	30	0.211047
(1,8)(20903,28323)(20000,70000)	NODE_565_length_33298_cov_3.490979	45000	9	0.223643
(25,45)(10879,29993)(10000,60000)	NODE_566_length_33296_cov_3.393469	35000	22	0.110231
(369,387)(16190,30713)(10000,60000)	NODE_567_length_33279_cov_3.338608	35000	20	0.161697
(11,54)(11656,33163)(10000,60000)	NODE_568_length_33274_cov_4.430023	35000	45	0.269652
(36,217)(13199,32614)(10000,60000)	NODE_569_length_33269_cov_3.559723	35000	183	0.083571
(5,38)(10679,52242)(10000,60000)	NODE_56_length_53083_cov_3.770478	35000	35	0.264693
(3,9)(13814,27243)(10000,60000)	NODE_570_length_33259_cov_4.037425	35000	8	0.327540
(3,9)(13388,22784)(10000,60000)	NODE_571_length_33199_cov_3.688036	35000	8	0.039601
(170,281)(12045,31025)(10000,60000)	NODE_572_length_33195_cov_3.445431	35000	113	0.058044
(2,39)(17209,32142)(10000,60000)	NODE_573_length_33188_cov_3.771797	35000	39	0.117527
(23,50)(14489,32916)(10000,60000)	NODE_574_length_33177_cov_3.760898	35000	29	0.233957
(113,254)(10321,23884)(10000,60000)	NODE_575_length_33169_cov_3.488570	35000	143	0.076757
(9,115)(12520,32964)(10000,60000)	NODE_576_length_33165_cov_3.744450	35000	108	0.085273
(11,41)(18477,32101)(10000,60000)	NODE_577_length_33142_cov_3.563478	35000	32	0.274213
(7,261)(14227,30597)(10000,60000)	NODE_578_length_33103_cov_3.520543	35000	256	0.064541
(1,29)(10334,31522)(10000,60000)	NODE_579_length_33092_cov_3.612312	35000	30	0.230720
(7,15)(10013,44083)(10000,60000)	NODE_57_length_52818_cov_3.717142	35000	10	0.137299
(1,22)(12749,31855)(10000,60000)	NODE_580_length_33065_cov_3.717921	35000	23	0.177799
(94,157)(17699,32887)(10000,60000)	NODE_581_length_33053_cov_4.208199	35000	65	0.060553
(75,85)(12539,32352)(10000,60000)	NODE_582_length_33051_cov_3.423859	35000	12	0.252244
(3,24)(10142,32045)(10000,60000)	NODE_583_length_32997_cov_3.614505	35000	23	0.144166
(120,143)(11510,32854)(10000,60000)	NODE_584_length_32987_cov_3.371199	35000	25	0.067206
(7,8)(20225,27952)(20000,70000)	NODE_585_length_32950_cov_4.229856	45000	3	0.074995
(4,20)(19312,31525)(10000,60000)	NODE_586_length_32947_cov_3.204609	35000	18	0.296006
(3,15)(13576,30316)(10000,60000)	NODE_587_length_32946_cov_3.616495	35000	14	0.414883
(4,19)(11238,31055)(10000,60000)	NODE_588_length_32942_cov_3.438602	35000	17	0.161491
(85,222)(13080,31024)(10000,60000)	NODE_589_length_32939_cov_3.744397	35000	139	0.069489
(38,96)(23097,49109)(10000,60000)	NODE_58_length_52638_cov_3.513105	35000	60	0.179593
(14,43)(11528,29871)(10000,60000)	NODE_590_length_32938_cov_3.552849	35000	31	0.079110
(13,20)(17562,28916)(10000,60000)	NODE_591_length_32933_cov_3.337699	35000	9	0.062299
(5,21)(11355,27059)(10000,60000)	NODE_592_length_32914_cov_3.643791	35000	18	0.125485
(27,31)(13266,30349)(10000,60000)	NODE_593_length_32898_cov_3.764444	35000	6	0.063293
(2,5)(14021,30287)(10000,60000)	NODE_595_length_32883_cov_3.400165	35000	5	0.117871
(1,34)(13341,31752)(10000,60000)	NODE_596_length_32863_cov_3.246002	35000	35	0.256346
(8,26)(16446,31444)(10000,60000)	NODE_597_length_32848_cov_3.462762	35000	20	0.190018
(11,109)(10114,31647)(10000,60000)	NODE_598_length_32824_cov_3.489656	35000	100	0.099125
(2,75)(14904,30221)(10000,60000)	NODE_599_length_32824_cov_3.156700	35000	75	0.062961
(2,23)(10246,52607)(10000,60000)	NODE_59_length_52620_cov_3.445726	35000	23	0.194195
(12,64)(12422,58336)(10000,60000)	NODE_5_length_79200_cov_3.872239	35000	54	0.134439
(16,140)(21134,69655)(20000,70000)	NODE_5_length_79200_cov_3.872239	45000	126	0.111166
(4,4)(25745,25745)(20000,70000)	NODE_600_length_32788_cov_3.550766	45000	2	0.118929
(96,149)(12093,27938)(10000,60000)	NODE_601_length_32787_cov_3.393570	35000	55	0.084949
(1,65)(10621,32728)(10000,60000)	NODE_602_length_32775_cov_3.512884	35000	66	0.050848
(17,28)(14348,25842)(10000,60000)	NODE_603_length_32758_cov_3.515111	35000	13	0.185811
(14,26)(14134,22983)(10000,60000)	NODE_604_length_32750_cov_3.236624	35000	14	0.286753
(3,35)(12216,29392)(10000,60000)	NODE_605_length_32735_cov_3.236855	35000	34	0.092846
(3,254)(12410,21784)(10000,60000)	NODE_606_length_32732_cov_3.639843	35000	253	0.062868
(8,113)(11488,31194)(10000,60000)	NODE_607_length_32730_cov_3.578836	35000	107	0.048160
(7,47)(11336,26686)(10000,60000)	NODE_608_length_32725_cov_3.566971	35000	42	0.115081
(2,30)(11208,31897)(10000,60000)	NODE_609_length_32699_cov_3.673190	35000	30	0.279348
(12,67)(35865,49137)(10000,60000)	NODE_60_length_52497_cov_3.887782	35000	57	0.054958
(10,38)(10709,30314)(10000,60000)	NODE_610_length_32690_cov_3.469209	35000	30	0.145708
(72,97)(14933,29345)(10000,60000)	NODE_611_length_32680_cov_3.705104	35000	27	0.105805
(46,46)(22419,22419)(10000,60000)	NODE_613_length_32614_cov_3.934984	35000	2	0.103312
(1,385)(10878,32448)(10000,60000)	NODE_614_length_32600_cov_3.548291	35000	386	0.058511
(92,99)(17118,31647)(10000,60000)	NODE_615_length_32567_cov_3.433966	35000	9	0.042377
(7,37)(22230,25174)(20000,70000)	NODE_616_length_32565_cov_3.378611	45000	32	0.151159
(19,98)(12810,32549)(10000,60000)	NODE_617_length_32551_cov_3.209016	35000	81	0.131220
(5,12)(11629,24977)(10000,60000)	NODE_618_length_32527_cov_3.723356	35000	9	0.068950
(25,26)(32261,32263)(20000,70000)	NODE_619_length_32470_cov_3.491489	45000	3	0.188253
(6,50)(14671,49073)(10000,60000)	NODE_61_length_52473_cov_3.878642	35000	46	0.286345
(56,59)(11055,27481)(10000,60000)	NODE_620_length_32458_cov_3.205136	35000	5	0.086888
(12,14)(31327,32243)(20000,70000)	NODE_621_length_32456_cov_3.725469	45000	4	0.074724
(1,10)(11252,29718)(10000,60000)	NODE_622_length_32452_cov_3.413037	35000	11	0.231817
(4,30)(11029,28430)(10000,60000)	NODE_623_length_32391_cov_3.370835	35000	28	0.111470
(16,36)(11726,32348)(10000,60000)	NODE_624_length_32375_cov_3.314041	35000	22	0.096593
(3,9)(10779,28871)(10000,60000)	NODE_625_length_32355_cov_3.873295	35000	8	0.179878
(13,30)(10641,30835)(10000,60000)	NODE_626_length_32351_cov_3.507379	35000	19	0.090111
(10,28)(10852,32330)(10000,60000)	NODE_627_length_32339_cov_3.659646	35000	20	0.113598
(183,208)(21876,30580)(20000,70000)	NODE_628_length_32319_cov_3.056580	45000	27	0.178725
(11,18)(11926,15852)(10000,60000)	NODE_629_length_32314_cov_4.091665	35000	9	0.557117
(8,91)(10773,50757)(10000,60000)	NODE_62_length_52114_cov_3.985350	35000	85	0.111198
(3,18)(14427,31944)(10000,60000)	NODE_630_length_32284_cov_3.806556	35000	17	0.220668
(1,104)(11166,32205)(10000,60000)	NODE_631_length_32278_cov_3.780323	35000	105	0.074481
(37,160)(10698,30717)(10000,60000)	NODE_632_length_32248_cov_3.932968	35000	125	0.068197
(9,59)(13341,31713)(10000,60000)	NODE_634_length_32233_cov_3.560310	35000	52	0.197669
(335,347)(10185,31677)(10000,60000)	NODE_635_length_32228_cov_3.833826	35000	14	0.190209
(6,27)(11039,31466)(10000,60000)	NODE_636_length_32219_cov_3.719925	35000	23	0.287924
(5,25)(11769,28573)(10000,60000)	NODE_637_length_32218_cov_3.417666	35000	22	0.162944
(14,25)(20036,31410)(20000,70000)	NODE_638_length_32217_cov_4.225232	45000	13	0.155359
(55,90)(10060,31796)(10000,60000)	NODE_639_length_32203_cov_3.726545	35000	37	0.148113
(395,476)(12997,52001)(10000,60000)	NODE_63_length_52114_cov_3.440431	35000	83	0.127867
(23,32)(10767,29158)(10000,60000)	NODE_641_length_32166_cov_3.438738	35000	11	0.305950
(6,63)(11003,31456)(10000,60000)	NODE_642_length_32164_cov_3.576236	35000	59	0.145521
(16,26)(11113,27646)(10000,60000)	NODE_643_length_32163_cov_3.998971	35000	12	0.442027
(18,42)(15538,21436)(10000,60000)	NODE_644_length_32161_cov_4.057638	35000	26	0.222402
(114,618)(13664,31917)(10000,60000)	NODE_645_length_32157_cov_3.994884	35000	506	0.059499
(4,226)(10646,30118)(10000,60000)	NODE_646_length_32152_cov_3.525349	35000	224	0.087654
(35,54)(15454,31908)(10000,60000)	NODE_647_length_32144_cov_3.492152	35000	21	0.202534
(7,29)(10564,29935)(10000,60000)	NODE_648_length_32129_cov_3.537652	35000	24	0.361618
(898,955)(13088,22695)(10000,60000)	NODE_649_length_32121_cov_3.644338	35000	59	0.057553
(1,73)(30855,49197)(20000,70000)	NODE_64_length_51776_cov_3.985197	45000	74	0.077695
(15,22)(12753,31568)(10000,60000)	NODE_650_length_32120_cov_4.229787	35000	9	0.111797
(1,12)(11197,27829)(10000,60000)	NODE_651_length_32108_cov_3.618920	35000	13	0.395000
(2,47)(10260,25536)(10000,60000)	NODE_652_length_32107_cov_3.448232	35000	47	0.061885
(2,22)(14616,32002)(10000,60000)	NODE_654_length_32101_cov_3.663396	35000	22	0.293004
(10,36)(12337,29774)(10000,60000)	NODE_655_length_32064_cov_3.476615	35000	28	0.114456
(12,15)(12252,20391)(10000,60000)	NODE_656_length_32059_cov_4.316239	35000	5	0.115664
(4,158)(12706,30001)(10000,60000)	NODE_657_length_32049_cov_3.436213	35000	156	0.046550
(2,11)(13857,21275)(10000,60000)	NODE_658_length_32048_cov_3.519672	35000	11	0.110108
(183,208)(12401,27826)(10000,60000)	NODE_659_length_32043_cov_3.497120	35000	27	0.184068
(2,134)(12983,51540)(10000,60000)	NODE_65_length_51730_cov_3.723499	35000	134	0.094536
(53,108)(14963,24584)(10000,60000)	NODE_660_length_32042_cov_3.780547	35000	57	0.188628
(67,143)(12039,32032)(10000,60000)	NODE_661_length_32038_cov_3.639970	35000	78	0.081900
(8,54)(11633,28548)(10000,60000)	NODE_662_length_32031_cov_3.533196	35000	48	0.111126
(4,39)(16336,31606)(10000,60000)	NODE_663_length_32022_cov_3.536760	35000	37	0.173139
(4,114)(19763,31848)(10000,60000)	NODE_664_length_32017_cov_3.449464	35000	112	0.051025
(6,32)(13450,19866)(10000,60000)	NODE_665_length_32010_cov_3.529003	35000	28	0.380995
(12,77)(10681,31195)(10000,60000)	NODE_666_length_32000_cov_3.409924	35000	67	0.176264
(15,45)(13031,31092)(10000,60000)	NODE_667_length_31987_cov_3.336522	35000	32	0.439855
(13,36)(10269,28445)(10000,60000)	NODE_668_length_31978_cov_3.382979	35000	25	0.362678
(26,143)(12022,31168)(10000,60000)	NODE_669_length_31966_cov_3.044121	35000	119	0.094788
(7,71)(12911,44349)(10000,60000)	NODE_66_length_51554_cov_3.431542	35000	66	0.193456
(9,22)(23182,29173)(20000,70000)	NODE_670_length_31964_cov_3.716335	45000	15	0.165127
(22,52)(15501,31892)(10000,60000)	NODE_671_length_31963_cov_3.226023	35000	32	0.053295
(11,31)(13069,18431)(10000,60000)	NODE_672_length_31924_cov_3.569144	35000	22	0.150446
(20,213)(16629,31260)(10000,60000)	NODE_673_length_31920_cov_3.457779	35000	195	0.065478
(137,150)(10151,30420)(10000,60000)	NODE_674_length_31915_cov_3.541740	35000	15	0.317371
(234,247)(10685,18176)(10000,60000)	NODE_675_length_31913_cov_3.417741	35000	15	0.419195
(34,46)(12055,14436)(10000,60000)	NODE_676_length_31911_cov_3.834968	35000	14	0.094958
(361,379)(13983,29974)(10000,60000)	NODE_677_length_31907_cov_4.101201	35000	20	0.305826
(9,10)(18724,18730)(10000,60000)	NODE_678_length_31890_cov_3.935988	35000	3	0.142623
(21,85)(13696,31126)(10000,60000)	NODE_679_length_31882_cov_3.587232	35000	66	0.091237
(3,61)(10426,46934)(10000,60000)	NODE_67_length_51503_cov_3.535464	35000	60	0.177216
(13,33)(10982,17731)(10000,60000)	NODE_680_length_31881_cov_3.770247	35000	22	0.256957
(26,82)(10006,31635)(10000,60000)	NODE_681_length_31873_cov_3.387801	35000	58	0.074078
(74,100)(15669,27690)(10000,60000)	NODE_682_length_31835_cov_3.764684	35000	28	0.071383
(2,7)(10302,21817)(10000,60000)	NODE_683_length_31830_cov_3.674293	35000	7	0.451729
(8,33)(11856,31502)(10000,60000)	NODE_684_length_31824_cov_3.764003	35000	27	0.296988
(18,75)(11775,28869)(10000,60000)	NODE_685_length_31794_cov_4.082190	35000	59	0.192580
(5,95)(11680,25153)(10000,60000)	NODE_686_length_31791_cov_3.241607	35000	92	0.106200
(13,67)(11731,31296)(10000,60000)	NODE_687_length_31787_cov_3.681141	35000	56	0.156944
(6,38)(30458,31207)(30000,80000)	NODE_688_length_31774_cov_3.587024	55000	34	0.251986
(5,29)(15838,31634)(10000,60000)	NODE_689_length_31764_cov_3.600221	35000	26	0.066602
(6,201)(13588,49233)(10000,60000)	NODE_68_length_51384_cov_3.619362	35000	197	0.054406
(9,86)(20688,30247)(20000,70000)	NODE_690_length_31760_cov_3.561448	45000	79	0.116606
(6,112)(12861,27238)(10000,60000)	NODE_691_length_31753_cov_3.215297	35000	108	0.057164
(10,29)(11560,28850)(10000,60000)	NODE_692_length_31718_cov_3.562320	35000	21	0.442418
(2,43)(18134,27427)(10000,60000)	NODE_693_length_31706_cov_3.751985	35000	43	0.086606
(46,179)(11848,31630)(10000,60000)	NODE_694_length_31699_cov_3.412310	35000	135	0.070673
(7,149)(15142,31334)(10000,60000)	NODE_695_length_31693_cov_3.610274	35000	144	0.136722
(15,30)(12690,27092)(10000,60000)	NODE_696_length_31669_cov_3.428160	35000	17	0.252783
(38,123)(14166,30142)(10000,60000)	NODE_697_length_31660_cov_2.922214	35000	87	0.066907
(7,16)(13677,20204)(10000,60000)	NODE_698_length_31652_cov_3.510126	35000	11	0.342061
(7,67)(10470,28613)(10000,60000)	NODE_699_length_31652_cov_3.430767	35000	62	0.157731
(5,105)(14574,42950)(10000,60000)	NODE_69_length_51328_cov_3.655859	35000	102	0.062453
(3,66)(12029,56010)(10000,60000)	NODE_6_length_75918_cov_3.610362	35000	65	0.213089
(191,275)(14170,26382)(10000,60000)	NODE_700_length_31649_cov_3.286688	35000	86	0.076538
(9,23)(12760,30594)(10000,60000)	NODE_701_length_31648_cov_3.342166	35000	16	0.358954
(14,26)(12828,31523)(10000,60000)	NODE_702_length_31638_cov_3.709534	35000	14	0.396761
(56,218)(12169,30719)(10000,60000)	NODE_703_length_31628_cov_3.488566	35000	164	0.043656
(12,49)(12766,31107)(10000,60000)	NODE_704_length_31614_cov_3.843630	35000	39	0.111744
(32,139)(10890,31199)(10000,60000)	NODE_705_length_31601_cov_3.534252	35000	109	0.090819
(4,4)(13114,13114)(10000,60000)	NODE_706_length_31591_cov_3.457608	35000	2	0.239550
(19,42)(11975,31057)(10000,60000)	NODE_707_length_31583_cov_3.834837	35000	25	0.339480
(4,39)(17480,24263)(10000,60000)	NODE_708_length_31581_cov_3.200591	35000	37	0.120861
(79,129)(10354,31532)(10000,60000)	NODE_709_length_31576_cov_3.176287	35000	52	0.191178
(20,189)(11942,39412)(10000,60000)	NODE_70_length_51005_cov_3.310749	35000	171	0.046324
(11,33)(10005,26061)(10000,60000)	NODE_710_length_31562_cov_3.671424	35000	24	0.195379
(59,68)(12821,30203)(10000,60000)	NODE_711_length_31550_cov_3.357381	35000	11	0.166896
(7,163)(12457,26496)(10000,60000)	NODE_712_length_31540_cov_3.844089	35000	158	0.058665
(1,22)(12760,27755)(10000,60000)	NODE_713_length_31485_cov_3.390110	35000	23	0.398026
(3,12)(12374,23572)(10000,60000)	NODE_714_length_31479_cov_3.683971	35000	11	0.343638
(54,232)(13014,28524)(10000,60000)	NODE_715_length_31401_cov_3.456329	35000	180	0.063703
(112,117)(13560,21169)(10000,60000)	NODE_716_length_31378_cov_3.756578	35000	7	0.471738
(44,180)(14497,29522)(10000,60000)	NODE_717_length_31374_cov_4.180080	35000	138	0.107854
(31,152)(10006,20650)(10000,60000)	NODE_718_length_31368_cov_3.383415	35000	123	0.109441
(165,246)(10038,26569)(10000,60000)	NODE_719_length_31365_cov_3.600812	35000	83	0.050671
(13,56)(14307,50651)(10000,60000)	NODE_71_length_50897_cov_4.008071	35000	45	0.165665
(1,33)(10967,31266)(10000,60000)	NODE_720_length_31333_cov_3.853845	35000	34	0.404771
(10,181)(18775,28658)(10000,60000)	NODE_721_length_31323_cov_3.767679	35000	173	0.122417
(11,28)(14685,31175)(10000,60000)	NODE_722_length_31319_cov_3.187348	35000	19	0.221372
(2,11)(11838,13376)(10000,60000)	NODE_723_length_31308_cov_3.331763	35000	11	0.138103
(2,19)(14996,29763)(10000,60000)	NODE_724_length_31264_cov_3.710156	35000	19	0.181957
(2,155)(14147,28068)(10000,60000)	NODE_725_length_31244_cov_3.805266	35000	155	0.060767
(4,4)(16234,16234)(10000,60000)	NODE_726_length_31225_cov_3.521493	35000	2	0.011389
(6,30)(11301,26196)(10000,60000)	NODE_727_length_31215_cov_3.508645	35000	26	0.178251
(8,31)(10924,29089)(10000,60000)	NODE_728_length_31209_cov_3.192093	35000	25	0.251751
(56,81)(14291,27028)(10000,60000)	NODE_729_length_31205_cov_3.744454	35000	27	0.214016
(14,59)(12239,47259)(10000,60000)	NODE_72_length_50800_cov_3.774285	35000	47	0.247966
(38,51)(13652,21809)(10000,60000)	NODE_730_length_31181_cov_3.445853	35000	15	0.141035
(10,30)(13757,27822)(10000,60000)	NODE_731_length_31175_cov_3.512807	35000	22	0.048726
(61,86)(10175,25851)(10000,60000)	NODE_732_length_31173_cov_3.515029	35000	27	0.321299
(8,24)(23478,30976)(10000,60000)	NODE_733_length_31165_cov_3.432853	35000	18	0.160744
(4,7)(16371,24506)(10000,60000)	NODE_734_length_31161_cov_3.604501	35000	5	0.551406
(51,74)(11979,30447)(10000,60000)	NODE_735_length_31148_cov_3.865825	35000	25	0.096592
(11,24)(14365,30211)(10000,60000)	NODE_736_length_31145_cov_3.738034	35000	15	0.324613
(12,34)(11435,29666)(10000,60000)	NODE_737_length_31142_cov_3.263022	35000	24	0.306932
(2,7)(23263,28370)(20000,70000)	NODE_738_length_31141_cov_3.194801	45000	7	0.147361
(21,57)(10132,29663)(10000,60000)	NODE_739_length_31132_cov_3.648697	35000	38	0.104114
(5,116)(17809,38019)(10000,60000)	NODE_73_length_50610_cov_3.637129	35000	113	0.046623
(5,23)(15091,23272)(10000,60000)	NODE_740_length_31129_cov_3.603545	35000	20	0.235249
(29,111)(15402,25528)(10000,60000)	NODE_741_length_31120_cov_3.263757	35000	84	0.065840
(187,378)(16680,31086)(10000,60000)	NODE_742_length_31118_cov_3.617783	35000	193	0.082153
(5,28)(14471,31083)(10000,60000)	NODE_743_length_31118_cov_3.547568	35000	25	0.279323
(7,18)(10033,31090)(10000,60000)	NODE_744_length_31109_cov_3.697194	35000	13	0.137924
(7,94)(11506,29804)(10000,60000)	NODE_745_length_31084_cov_3.955172	35000	89	0.105907
(6,73)(10355,24817)(10000,60000)	NODE_746_length_31077_cov_3.856898	35000	69	0.094507
(28,102)(13543,29023)(10000,60000)	NODE_747_length_31074_cov_3.354221	35000	76	0.116081
(14,47)(22273,30090)(10000,60000)	NODE_748_length_31069_cov_3.862609	35000	35	0.064655
(18,97)(10026,28485)(10000,60000)	NODE_749_length_31061_cov_3.421904	35000	81	0.051938
(42,76)(10589,50007)(10000,60000)	NODE_74_length_50534_cov_3.637771	35000	36	0.145298
(1,58)(10120,28799)(10000,60000)	NODE_750_length_31053_cov_3.290463	35000	59	0.098148
(9,11)(16462,19236)(10000,60000)	NODE_751_length_31020_cov_3.745869	35000	4	0.352676
(18,46)(21662,31003)(20000,70000)	NODE_752_length_31016_cov_3.401268	45000	30	0.198102
(2,24)(16633,28503)(10000,60000)	NODE_753_length_30998_cov_3.858248	35000	24	0.241101
(6,18)(17086,30073)(10000,60000)	NODE_754_length_30998_cov_3.210525	35000	14	0.303622
(17,38)(10067,29573)(10000,60000)	NODE_755_length_30978_cov_3.644354	35000	23	0.145606
(27,61)(10561,27923)(10000,60000)	NODE_756_length_30972_cov_4.051210	35000	36	0.316415
(5,23)(14308,29751)(10000,60000)	NODE_757_length_30971_cov_3.718969	35000	20	0.310158
(6,72)(18692,30941)(10000,60000)	NODE_758_length_30957_cov_3.606682	35000	68	0.087391
(3,29)(10830,27627)(10000,60000)	NODE_759_length_30956_cov_3.465048	35000	28	0.216511
(7,152)(25405,50488)(10000,60000)	NODE_75_length_50493_cov_3.387189	35000	147	0.059301
(36,52)(12259,29360)(10000,60000)	NODE_760_length_30948_cov_3.384291	35000	18	0.137844
(6,10)(24086,25054)(20000,70000)	NODE_761_length_30925_cov_3.718355	45000	6	0.148175
(11,13)(29584,30560)(10000,60000)	NODE_762_length_30924_cov_3.349619	35000	4	0.316187
(6,24)(12858,27429)(10000,60000)	NODE_763_length_30920_cov_3.650822	35000	20	0.129526
(5,10)(24106,24410)(20000,70000)	NODE_764_length_30898_cov_3.315367	45000	7	0.454845
(23,28)(10239,13258)(10000,60000)	NODE_765_length_30885_cov_3.437569	35000	7	0.326822
(10,18)(17029,28367)(10000,60000)	NODE_766_length_30882_cov_3.448072	35000	10	0.336771
(35,93)(13748,29573)(10000,60000)	NODE_767_length_30874_cov_3.254297	35000	60	0.080123
(5,40)(18732,30712)(10000,60000)	NODE_768_length_30872_cov_3.378384	35000	37	0.204401
(7,8)(18434,18442)(10000,60000)	NODE_769_length_30846_cov_3.345725	35000	3	0.062105
(18,293)(10834,50483)(10000,60000)	NODE_76_length_50488_cov_4.109468	35000	277	0.114849
(11,42)(11213,30116)(10000,60000)	NODE_770_length_30827_cov_3.356320	35000	33	0.078649
(328,343)(18770,26230)(10000,60000)	NODE_771_length_30827_cov_3.232394	35000	17	0.120352
(22,42)(10184,30499)(10000,60000)	NODE_772_length_30821_cov_3.583979	35000	22	0.196172
(9,28)(16386,29361)(10000,60000)	NODE_773_length_30820_cov_3.346115	35000	21	0.413423
(6,63)(13672,30333)(10000,60000)	NODE_774_length_30803_cov_3.292340	35000	59	0.079606
(2,18)(10848,30768)(10000,60000)	NODE_776_length_30797_cov_3.711121	35000	18	0.230119
(1,14)(10622,26916)(10000,60000)	NODE_777_length_30793_cov_3.674301	35000	15	0.139287
(20,88)(15802,30375)(10000,60000)	NODE_778_length_30793_cov_3.292207	35000	70	0.059837
(5,171)(13216,27944)(10000,60000)	NODE_779_length_30785_cov_3.246041	35000	168	0.065381
(3,21)(10190,45353)(10000,60000)	NODE_77_length_50416_cov_3.959099	35000	20	0.358651
(7,54)(12039,28548)(10000,60000)	NODE_780_length_30774_cov_3.506797	35000	49	0.180165
(2,38)(22975,24539)(20000,70000)	NODE_781_length_30771_cov_3.894529	45000	38	0.061803
(17,34)(12166,25648)(10000,60000)	NODE_782_length_30765_cov_3.363562	35000	19	0.304157
(3,30)(10605,21112)(10000,60000)	NODE_783_length_30754_cov_3.543859	35000	29	0.105803
(1,17)(29187,29217)(20000,70000)	NODE_784_length_30740_cov_4.788714	45000	18	0.017988
(14,71)(11110,30226)(10000,60000)	NODE_785_length_30724_cov_3.653388	35000	59	0.181249
(2,28)(10108,28867)(10000,60000)	NODE_786_length_30707_cov_3.435572	35000	28	0.173046
(2,68)(15566,29911)(10000,60000)	NODE_787_length_30705_cov_3.709011	35000	68	0.098375
(30,50)(12364,26719)(10000,60000)	NODE_788_length_30692_cov_3.700650	35000	22	0.324491
(6,172)(10257,29741)(10000,60000)	NODE_789_length_30692_cov_3.573236	35000	168	0.063239
(11,93)(13437,46726)(10000,60000)	NODE_78_length_50161_cov_3.497703	35000	84	0.076139
(10,63)(18133,26643)(10000,60000)	NODE_790_length_30673_cov_3.551907	35000	55	0.113043
(7,20)(10130,25907)(10000,60000)	NODE_791_length_30673_cov_3.311801	35000	15	0.180842
(2,38)(11394,30539)(10000,60000)	NODE_792_length_30665_cov_3.627037	35000	38	0.078073
(15,47)(11678,27321)(10000,60000)	NODE_793_length_30659_cov_3.634490	35000	34	0.255559
(61,70)(18625,29777)(10000,60000)	NODE_794_length_30654_cov_3.739552	35000	11	0.127337
(5,58)(16790,29217)(10000,60000)	NODE_795_length_30651_cov_3.494730	35000	55	0.058891
(11,11)(24463,24463)(10000,60000)	NODE_796_length_30647_cov_3.546844	35000	2	0.022461
(53,81)(12894,27870)(10000,60000)	NODE_797_length_30634_cov_3.519600	35000	30	0.065805
(1,86)(13930,28182)(10000,60000)	NODE_798_length_30630_cov_3.685336	35000	87	0.142450
(8,87)(10121,26393)(10000,60000)	NODE_799_length_30601_cov_3.625107	35000	81	0.202551
(10,36)(21761,48441)(10000,60000)	NODE_79_length_49835_cov_3.292786	35000	28	0.112942
(126,176)(12628,59441)(10000,60000)	NODE_7_length_74596_cov_3.829966	35000	52	0.237997
(5,20)(14067,30042)(10000,60000)	NODE_800_length_30588_cov_3.950572	35000	17	0.350855
(4,8)(17945,26219)(10000,60000)	NODE_801_length_30586_cov_3.612327	35000	6	0.476258
(11,55)(22295,30292)(20000,70000)	NODE_802_length_30578_cov_3.502215	45000	46	0.050150
(6,91)(22764,26849)(10000,60000)	NODE_803_length_30555_cov_3.452292	35000	87	0.039466
(1,24)(13846,30527)(10000,60000)	NODE_804_length_30552_cov_3.465931	35000	25	0.173387
(131,224)(20416,26646)(20000,70000)	NODE_805_length_30539_cov_3.536038	45000	95	0.072907
(786,792)(14970,21659)(10000,60000)	NODE_806_length_30485_cov_5.313138	35000	8	0.338282
(20,21)(21441,27028)(20000,70000)	NODE_807_length_30477_cov_3.835901	45000	3	0.104155
(48,50)(10957,25829)(10000,60000)	NODE_808_length_30457_cov_3.696818	35000	4	0.023901
(19,127)(12158,28024)(10000,60000)	NODE_809_length_30432_cov_3.868790	35000	110	0.084206
(3,29)(26010,42172)(20000,70000)	NODE_80_length_49815_cov_3.569273	45000	28	0.201914
(7,15)(10342,27818)(10000,60000)	NODE_810_length_30420_cov_3.471192	35000	10	0.125589
(175,193)(12546,30370)(10000,60000)	NODE_811_length_30383_cov_3.798772	35000	20	0.096742
(25,43)(13603,27770)(10000,60000)	NODE_812_length_30377_cov_3.792291	35000	20	0.204849
(2,53)(12364,25482)(10000,60000)	NODE_813_length_30345_cov_3.435694	35000	53	0.107852
(35,37)(13739,18069)(10000,60000)	NODE_814_length_30327_cov_3.767203	35000	4	0.134313
(9,19)(16023,22334)(10000,60000)	NODE_815_length_30322_cov_3.551600	35000	12	0.191754
(9,137)(10295,27434)(10000,60000)	NODE_816_length_30320_cov_3.712319	35000	130	0.094469
(4,109)(10041,14832)(10000,60000)	NODE_817_length_30316_cov_3.591621	35000	107	0.064082
(7,39)(12725,27079)(10000,60000)	NODE_818_length_30302_cov_3.307983	35000	34	0.128453
(50,215)(12138,26083)(10000,60000)	NODE_819_length_30299_cov_3.458013	35000	167	0.052499
(338,1074)(13383,48560)(10000,60000)	NODE_81_length_49658_cov_3.293186	35000	738	0.060406
(1,36)(16373,23157)(10000,60000)	NODE_820_length_30298_cov_3.381900	35000	37	0.053381
(152,200)(15277,29729)(10000,60000)	NODE_821_length_30281_cov_3.389371	35000	50	0.080572
(18,81)(11844,27966)(10000,60000)	NODE_823_length_30268_cov_3.279227	35000	65	0.166746
(26,49)(11148,29490)(10000,60000)	NODE_824_length_30266_cov_3.954752	35000	25	0.126711
(29,71)(26936,30160)(10000,60000)	NODE_825_length_30259_cov_3.428846	35000	44	0.062552
(6,16)(24366,27508)(20000,70000)	NODE_826_length_30244_cov_3.584309	45000	12	0.389175
(6,45)(10323,27492)(10000,60000)	NODE_827_length_30241_cov_3.595813	35000	41	0.230176
(2,8)(15999,24955)(10000,60000)	NODE_828_length_30235_cov_3.849449	35000	8	0.139765
(14,52)(16010,29402)(10000,60000)	NODE_829_length_30235_cov_3.298281	35000	40	0.270583
(9,36)(11434,45848)(10000,60000)	NODE_82_length_49654_cov_3.793744	35000	29	0.421581
(10,23)(10032,21664)(10000,60000)	NODE_830_length_30220_cov_3.365791	35000	15	0.403128
(19,40)(13967,30164)(10000,60000)	NODE_832_length_30204_cov_3.928450	35000	23	0.110384
(1,73)(10254,26125)(10000,60000)	NODE_833_length_30173_cov_3.528530	35000	74	0.100992
(10,18)(12202,30064)(10000,60000)	NODE_835_length_30156_cov_3.522574	35000	10	0.111755
(6,7)(13931,13952)(10000,60000)	NODE_836_length_30144_cov_3.505142	35000	3	0.608252
(6,27)(14958,29341)(10000,60000)	NODE_837_length_30141_cov_4.031556	35000	23	0.208340
(1,38)(22186,29236)(10000,60000)	NODE_838_length_30110_cov_3.733398	35000	39	0.089919
(64,147)(10693,29200)(10000,60000)	NODE_839_length_30106_cov_3.841370	35000	85	0.062754
(32,42)(12168,48983)(10000,60000)	NODE_83_length_49492_cov_3.815622	35000	12	0.214670
(189,223)(18392,29932)(10000,60000)	NODE_840_length_30076_cov_3.370084	35000	36	0.213714
(9,125)(13114,25993)(10000,60000)	NODE_843_length_30041_cov_3.662982	35000	118	0.056671
(4,13)(10187,26049)(10000,60000)	NODE_844_length_30035_cov_3.835783	35000	11	0.149104
(4,13)(11295,12892)(10000,60000)	NODE_845_length_30023_cov_3.858274	35000	11	0.138537
(5,22)(12439,27754)(10000,60000)	NODE_846_length_30004_cov_3.658117	35000	19	0.324222
(7,101)(13050,25207)(10000,60000)	NODE_847_length_30001_cov_3.548860	35000	96	0.060283
(2,28)(10234,21553)(10000,60000)	NODE_848_length_29998_cov_3.244624	35000	28	0.070431
(1,18)(15454,29652)(10000,60000)	NODE_849_length_29997_cov_3.531474	35000	19	0.078343
(14,33)(16335,43480)(10000,60000)	NODE_84_length_49465_cov_3.397824	35000	21	0.307718
(171,234)(22408,29318)(20000,70000)	NODE_850_length_29993_cov_3.507794	45000	65	0.142538
(3,53)(10414,26485)(10000,60000)	NODE_851_length_29972_cov_3.586918	35000	52	0.185445
(12,26)(10751,24104)(10000,60000)	NODE_852_length_29962_cov_3.805646	35000	16	0.115822
(8,26)(12679,29475)(10000,60000)	NODE_853_length_29952_cov_4.192175	35000	20	0.048602
(5,12)(10475,11145)(10000,60000)	NODE_854_length_29943_cov_3.731571	35000	9	0.116452
(9,39)(12264,29916)(10000,60000)	NODE_855_length_29924_cov_3.766907	35000	32	0.080003
(4,26)(13153,27683)(10000,60000)	NODE_856_length_29902_cov_3.736906	35000	24	0.090080
(7,29)(14123,28940)(10000,60000)	NODE_857_length_29895_cov_3.803967	35000	24	0.168152
(12,51)(12338,28357)(10000,60000)	NODE_858_length_29891_cov_3.194650	35000	41	0.108697
(83,160)(11830,27880)(10000,60000)	NODE_859_length_29878_cov_3.202223	35000	79	0.050437
(1343,1355)(10662,43082)(10000,60000)	NODE_85_length_49064_cov_5.712856	35000	14	0.081667
(15,77)(16913,26147)(10000,60000)	NODE_860_length_29866_cov_3.756542	35000	64	0.292159
(86,152)(11895,28851)(10000,60000)	NODE_861_length_29848_cov_3.239840	35000	68	0.068035
(1,3)(26573,26584)(20000,70000)	NODE_862_length_29847_cov_3.658969	45000	4	0.039209
(19,23)(11940,28509)(10000,60000)	NODE_863_length_29820_cov_4.010228	35000	6	0.545717
(18,30)(12468,25846)(10000,60000)	NODE_864_length_29816_cov_3.247771	35000	14	0.094974
(17,27)(20736,26996)(10000,60000)	NODE_865_length_29788_cov_3.952946	35000	12	0.165164
(1,1)(22917,22917)(20000,70000)	NODE_866_length_29787_cov_3.512497	45000	2	0.011328
(5,6)(25525,29716)(20000,70000)	NODE_867_length_29782_cov_3.160732	45000	3	0.014443
(6,9)(24853,28248)(10000,60000)	NODE_868_length_29771_cov_3.247102	35000	5	0.462595
(11,184)(13109,26524)(10000,60000)	NODE_869_length_29769_cov_3.797506	35000	175	0.081143
(13,72)(20112,41080)(20000,70000)	NODE_86_length_48908_cov_3.763998	45000	61	0.100820
(7,19)(10755,28147)(10000,60000)	NODE_870_length_29769_cov_3.626862	35000	14	0.402551
(3,36)(20776,24908)(20000,70000)	NODE_871_length_29760_cov_3.986379	45000	35	0.075084
(3,330)(15685,27464)(10000,60000)	NODE_872_length_29752_cov_3.608640	35000	329	0.057387
(13,91)(11543,29512)(10000,60000)	NODE_873_length_29736_cov_3.323515	35000	80	0.062363
(10,11)(19655,19660)(10000,60000)	NODE_874_length_29728_cov_3.595498	35000	3	0.437549
(18,50)(11334,28179)(10000,60000)	NODE_875_length_29725_cov_3.701006	35000	34	0.232506
(9,11)(25201,26309)(10000,60000)	NODE_876_length_29721_cov_3.715009	35000	4	0.214584
(23,36)(10028,13968)(10000,60000)	NODE_877_length_29719_cov_3.604659	35000	15	0.134095
(12,91)(13894,25360)(10000,60000)	NODE_878_length_29704_cov_6.067556	35000	81	0.042849
(1,653)(14730,47604)(10000,60000)	NODE_87_length_48838_cov_4.635384	35000	654	0.082363
(37,292)(12113,25006)(10000,60000)	NODE_880_length_29690_cov_3.393194	35000	257	0.067886
(6,36)(10925,28560)(10000,60000)	NODE_881_length_29668_cov_4.841320	35000	32	0.251026
(86,106)(10125,27445)(10000,60000)	NODE_882_length_29657_cov_3.238954	35000	22	0.145898
(2,125)(15351,29606)(10000,60000)	NODE_883_length_29655_cov_3.139870	35000	125	0.076672
(62,90)(12548,26208)(10000,60000)	NODE_884_length_29649_cov_3.476345	35000	30	0.201150
(44,68)(11338,24036)(10000,60000)	NODE_885_length_29640_cov_3.150740	35000	26	0.089874
(10,38)(10132,26941)(10000,60000)	NODE_886_length_29615_cov_3.580871	35000	30	0.269155
(2,20)(11391,29176)(10000,60000)	NODE_888_length_29605_cov_3.468955	35000	20	0.229626
(21,40)(20506,24710)(10000,60000)	NODE_889_length_29602_cov_3.434871	35000	21	0.188093
(28,127)(10442,48679)(10000,60000)	NODE_88_length_48717_cov_3.474721	35000	101	0.219447
(42,146)(10010,27784)(10000,60000)	NODE_890_length_29602_cov_3.003864	35000	106	0.051322
(20,50)(11362,23945)(10000,60000)	NODE_892_length_29596_cov_3.521884	35000	32	0.108288
(19,45)(12030,29194)(10000,60000)	NODE_893_length_29589_cov_3.583961	35000	28	0.196391
(13,13)(26837,26837)(20000,70000)	NODE_894_length_29582_cov_3.276634	45000	2	0.022305
(13,13)(27220,27220)(10000,60000)	NODE_895_length_29574_cov_3.726921	35000	2	0.010301
(39,53)(11701,27995)(10000,60000)	NODE_896_length_29571_cov_3.489244	35000	16	0.278993
(2,2)(28457,28457)(20000,70000)	NODE_897_length_29569_cov_3.511910	45000	2	0.034321
(7,20)(13166,22308)(10000,60000)	NODE_898_length_29563_cov_3.680899	35000	15	0.348672
(91,104)(19575,26181)(10000,60000)	NODE_899_length_29558_cov_3.460844	35000	15	0.300257
(1,22)(25550,43751)(10000,60000)	NODE_89_length_48693_cov_3.757089	35000	23	0.176797
(22,37)(10344,59637)(10000,60000)	NODE_8_length_73120_cov_3.680873	35000	17	0.189908
(6,15)(10707,24480)(10000,60000)	NODE_900_length_29549_cov_3.219185	35000	11	0.322472
(6,179)(11595,28501)(10000,60000)	NODE_901_length_29524_cov_4.233883	35000	175	0.076690
(4,24)(10346,26955)(10000,60000)	NODE_902_length_29520_cov_3.574692	35000	22	0.105541
(127,174)(19863,27442)(10000,60000)	NODE_903_length_29513_cov_3.644387	35000	49	0.068142
(12,34)(12297,29407)(10000,60000)	NODE_904_length_29499_cov_3.547313	35000	24	0.070134
(130,133)(11653,22639)(10000,60000)	NODE_905_length_29494_cov_3.548869	35000	5	0.273924
(2,29)(15837,29056)(10000,60000)	NODE_906_length_29489_cov_3.398775	35000	29	0.261217
(1,8)(20623,27597)(20000,70000)	NODE_907_length_29478_cov_3.576977	45000	9	0.121156
(7,23)(14758,28558)(10000,60000)	NODE_908_length_29466_cov_3.834883	35000	18	0.216319
(4,34)(11735,26693)(10000,60000)	NODE_909_length_29463_cov_3.858160	35000	32	0.355116
(4,46)(11358,46315)(10000,60000)	NODE_90_length_48251_cov_3.312220	35000	44	0.288224
(3,28)(12185,28433)(10000,60000)	NODE_910_length_29460_cov_3.728245	35000	27	0.238568
(3,50)(12109,25662)(10000,60000)	NODE_911_length_29445_cov_3.187726	35000	49	0.047793
(37,68)(10527,28856)(10000,60000)	NODE_912_length_29444_cov_3.905469	35000	33	0.083151
(2,7)(23764,23855)(20000,70000)	NODE_913_length_29440_cov_3.329539	45000	7	0.127243
(5,10)(10506,23897)(10000,60000)	NODE_914_length_29435_cov_3.390851	35000	7	0.138290
(3,15)(12545,18956)(10000,60000)	NODE_915_length_29432_cov_3.626905	35000	14	0.202452
(6,202)(12636,27525)(10000,60000)	NODE_916_length_29424_cov_3.736607	35000	198	0.072556
(2,4)(10097,20989)(10000,60000)	NODE_917_length_29403_cov_3.419226	35000	4	0.021340
(1,28)(11426,27265)(10000,60000)	NODE_918_length_29394_cov_3.280560	35000	29	0.112669
(102,105)(16539,29256)(10000,60000)	NODE_919_length_29380_cov_3.438134	35000	5	0.037607
(1,143)(13992,47967)(10000,60000)	NODE_91_length_48239_cov_4.131034	35000	144	0.070611
(16,93)(20120,27425)(10000,60000)	NODE_920_length_29378_cov_3.725093	35000	79	0.083674
(4,21)(11653,29096)(10000,60000)	NODE_922_length_29371_cov_3.881252	35000	19	0.132996
(1,7)(10208,18745)(10000,60000)	NODE_923_length_29366_cov_3.729046	35000	8	0.397948
(71,106)(13020,29359)(10000,60000)	NODE_924_length_29360_cov_3.526708	35000	37	0.310111
(59,362)(11622,29085)(10000,60000)	NODE_925_length_29351_cov_5.347805	35000	305	0.092541
(87,87)(17273,17273)(10000,60000)	NODE_926_length_29350_cov_3.459335	35000	2	0.094678
(5,52)(13612,28402)(10000,60000)	NODE_927_length_29347_cov_3.752393	35000	49	0.145194
(71,94)(19014,25289)(10000,60000)	NODE_928_length_29347_cov_3.182542	35000	25	0.279901
(51,57)(25599,27933)(10000,60000)	NODE_929_length_29327_cov_3.152628	35000	8	0.183789
(11,29)(11868,43795)(10000,60000)	NODE_92_length_48092_cov_3.743275	35000	20	0.163832
(16,190)(14702,29317)(10000,60000)	NODE_930_length_29323_cov_3.515535	35000	176	0.109045
(38,40)(21627,23720)(10000,60000)	NODE_931_length_29316_cov_3.481672	35000	4	0.118203
(3,39)(18607,25465)(10000,60000)	NODE_932_length_29308_cov_3.371974	35000	38	0.110558
(67,175)(10012,28762)(10000,60000)	NODE_933_length_29304_cov_21.712104	35000	110	0.153057
(2,44)(10827,28143)(10000,60000)	NODE_934_length_29301_cov_3.639853	35000	44	0.107818
(7,51)(10043,26201)(10000,60000)	NODE_936_length_29283_cov_4.010588	35000	46	0.162024
(20,73)(11652,29266)(10000,60000)	NODE_937_length_29277_cov_3.335767	35000	55	0.064858
(3,169)(10864,28127)(10000,60000)	NODE_938_length_29272_cov_3.644740	35000	168	0.100264
(29,194)(20462,29009)(10000,60000)	NODE_939_length_29271_cov_3.823941	35000	167	0.061397
(1,42)(19373,47254)(10000,60000)	NODE_93_length_48016_cov_3.484442	35000	43	0.249988
(9,19)(11982,23761)(10000,60000)	NODE_940_length_29259_cov_3.399554	35000	12	0.182528
(1,3)(12047,26703)(10000,60000)	NODE_941_length_29241_cov_3.426189	35000	4	0.021465
(1,7)(21715,25063)(10000,60000)	NODE_942_length_29230_cov_3.748035	35000	8	0.475735
(4,9)(13326,27370)(10000,60000)	NODE_943_length_29223_cov_4.206290	35000	7	0.041920
(7,31)(12842,25062)(10000,60000)	NODE_944_length_29216_cov_3.389154	35000	26	0.217068
(25,74)(11202,28325)(10000,60000)	NODE_945_length_29213_cov_3.570104	35000	51	0.144090
(12,29)(13722,26484)(10000,60000)	NODE_946_length_29210_cov_3.730239	35000	19	0.357291
(3,16)(16252,26579)(10000,60000)	NODE_947_length_29209_cov_3.884679	35000	15	0.351251
(27,53)(10240,28400)(10000,60000)	NODE_948_length_29204_cov_4.114482	35000	28	0.243056
(28,46)(11249,28790)(10000,60000)	NODE_949_length_29201_cov_3.421724	35000	20	0.118408
(40,74)(11154,42337)(10000,60000)	NODE_94_length_47905_cov_3.958081	35000	36	0.137767
(40,54)(10305,23694)(10000,60000)	NODE_950_length_29179_cov_3.686245	35000	16	0.139074
(107,114)(15435,25181)(10000,60000)	NODE_951_length_29173_cov_3.647107	35000	9	0.099791
(4,53)(19518,29131)(10000,60000)	NODE_952_length_29172_cov_3.211605	35000	51	0.058969
(6,45)(13268,29078)(10000,60000)	NODE_953_length_29169_cov_3.785587	35000	41	0.065259
(1,10)(11421,26584)(10000,60000)	NODE_954_length_29169_cov_3.696938	35000	11	0.107787
(20,234)(17269,29060)(10000,60000)	NODE_955_length_29160_cov_3.637452	35000	216	0.071221
(1,17)(14405,28172)(10000,60000)	NODE_956_length_29153_cov_4.064088	35000	18	0.220425
(2,10)(13416,28980)(10000,60000)	NODE_957_length_29142_cov_3.489481	35000	10	0.110506
(39,63)(11239,28562)(10000,60000)	NODE_958_length_29141_cov_3.558570	35000	26	0.068495
(22,40)(11676,22921)(10000,60000)	NODE_959_length_29140_cov_3.934782	35000	20	0.270916
(18,29)(28697,47627)(10000,60000)	NODE_95_length_47810_cov_3.397267	35000	13	0.281510
(2,54)(21385,27586)(20000,70000)	NODE_960_length_29132_cov_3.477216	45000	54	0.087249
(10,153)(11220,29073)(10000,60000)	NODE_961_length_29124_cov_3.386770	35000	145	0.068747
(23,119)(12283,24750)(10000,60000)	NODE_962_length_29113_cov_3.388743	35000	98	0.086689
(14,19)(26957,27016)(20000,70000)	NODE_963_length_29104_cov_3.770902	45000	7	0.586281
(3,85)(17292,25324)(10000,60000)	NODE_964_length_29092_cov_3.594764	35000	84	0.097505
(7,51)(11611,27325)(10000,60000)	NODE_965_length_29090_cov_3.467904	35000	46	0.198635
(32,40)(22411,26695)(20000,70000)	NODE_966_length_29068_cov_3.236598	45000	10	0.257203
(12,19)(20361,21945)(10000,60000)	NODE_967_length_29067_cov_3.600766	35000	9	0.445916
(163,302)(10514,27546)(10000,60000)	NODE_968_length_29042_cov_3.105518	35000	141	0.086223
(31,51)(14161,26217)(10000,60000)	NODE_969_length_29040_cov_3.588611	35000	22	0.389881
(8,79)(15518,46664)(10000,60000)	NODE_96_length_47623_cov_3.731209	35000	73	0.217306
(13,85)(10422,29030)(10000,60000)	NODE_970_length_29035_cov_3.026921	35000	74	0.043965
(2,5)(26245,27549)(10000,60000)	NODE_971_length_29034_cov_3.766304	35000	5	0.117667
(6,34)(15619,28212)(10000,60000)	NODE_972_length_29032_cov_3.344313	35000	30	0.162996
(7,121)(13544,28995)(10000,60000)	NODE_973_length_29029_cov_3.266816	35000	116	0.079125
(1,38)(17433,22595)(10000,60000)	NODE_974_length_29024_cov_3.530925	35000	39	0.073683
(24,26)(16834,28985)(10000,60000)	NODE_975_length_29013_cov_3.403611	35000	4	0.074512
(3,12)(11327,27870)(10000,60000)	NODE_976_length_28984_cov_3.556829	35000	11	0.101023
(10,43)(14933,26857)(10000,60000)	NODE_977_length_28967_cov_3.724193	35000	35	0.236633
(26,206)(23898,28590)(10000,60000)	NODE_978_length_28949_cov_3.672270	35000	182	0.053192
(28,51)(10206,27100)(10000,60000)	NODE_979_length_28922_cov_3.452625	35000	25	0.277553
(2,32)(12920,41325)(10000,60000)	NODE_97_length_47612_cov_3.944373	35000	32	0.160595
(5,26)(12777,27621)(10000,60000)	NODE_980_length_28917_cov_3.853703	35000	23	0.307284
(10,10)(26577,26577)(10000,60000)	NODE_981_length_28913_cov_3.515062	35000	2	0.119200
(2,15)(20152,21380)(20000,70000)	NODE_982_length_28913_cov_3.395988	45000	15	0.298049
(30,40)(11937,27758)(10000,60000)	NODE_983_length_28910_cov_3.522196	35000	12	0.180353
(213,244)(11989,22324)(10000,60000)	NODE_984_length_28903_cov_3.677475	35000	33	0.050281
(3,140)(11370,26328)(10000,60000)	NODE_985_length_28887_cov_3.468390	35000	139	0.093343
(24,784)(10563,28431)(10000,60000)	NODE_986_length_28871_cov_3.899833	35000	762	0.062727
(10,46)(14501,28766)(10000,60000)	NODE_987_length_28849_cov_3.533948	35000	38	0.061150
(2,46)(20405,27327)(20000,70000)	NODE_988_length_28845_cov_3.670424	45000	46	0.081072
(8,183)(11826,22791)(10000,60000)	NODE_989_length_28843_cov_3.788617	35000	177	0.090893
(1,32)(21250,40431)(20000,70000)	NODE_98_length_47293_cov_3.868649	45000	33	0.141455
(4,162)(11791,23662)(10000,60000)	NODE_990_length_28828_cov_3.612308	35000	160	0.095818
(126,159)(11103,24744)(10000,60000)	NODE_991_length_28815_cov_3.606561	35000	35	0.096888
(15,31)(10065,27836)(10000,60000)	NODE_992_length_28798_cov_3.273668	35000	18	0.315274
(11,130)(10323,27216)(10000,60000)	NODE_993_length_28797_cov_3.715207	35000	121	0.072937
(4,33)(21007,25703)(20000,70000)	NODE_994_length_28797_cov_3.595756	45000	31	0.056308
(1,21)(11432,27139)(10000,60000)	NODE_995_length_28796_cov_3.465415	35000	22	0.078452
(54,78)(11591,24184)(10000,60000)	NODE_996_length_28792_cov_3.957725	35000	26	0.243559
(3,16)(10278,22249)(10000,60000)	NODE_997_length_28786_cov_3.877784	35000	15	0.124073
(9,13)(10847,24339)(10000,60000)	NODE_998_length_28773_cov_3.404548	35000	6	0.141884
(2,17)(22158,26204)(10000,60000)	NODE_999_length_28766_cov_3.924059	35000	17	0.111311
(8,25)(13883,43673)(10000,60000)	NODE_99_length_47222_cov_3.554528	35000	19	0.127532
(10,25)(13150,52005)(10000,60000)	NODE_9_length_70193_cov_3.924587	35000	17	0.307112
