Contig	SoftClippedBases	TotalBases	Fraction
NODE_1344_length_26430_cov_3.394516	1136239	4123482	0.275553
NODE_330_length_37925_cov_3.476048	286377	3135589	0.0913312
NODE_811_length_30383_cov_3.798772	343963	2753196	0.124932
NODE_1055_length_28320_cov_3.238369	252960	2175522	0.116276
NODE_2092_length_23210_cov_3.565445	91451	1654671	0.0552684
NODE_1303_length_26674_cov_3.386679	234696	2018958	0.116246
NODE_1662_length_24827_cov_3.831567	374815	2883684	0.129978
NODE_2816_length_20996_cov_3.364311	242450	2038994	0.118907
NODE_400_length_36009_cov_3.439376	357722	2882306	0.12411
NODE_2523_length_21810_cov_3.543089	234546	1868509	0.125526
NODE_2817_length_20985_cov_3.812506	1085643	4477535	0.242464
NODE_260_length_39678_cov_3.624220	481493	3294760	0.146139
NODE_2530_length_21790_cov_3.310866	418720	2177098	0.192329
NODE_910_length_29460_cov_3.728245	153160	2253860	0.0679545
NODE_2651_length_21446_cov_3.361831	446446	4420486	0.100995
NODE_457_length_34939_cov_4.529133	815420	4695253	0.173669
NODE_1903_length_23767_cov_3.324700	159248	1838078	0.0866383
NODE_1727_length_24563_cov_3.290468	131235	2006760	0.0653965
NODE_1698_length_24641_cov_3.564868	118130	1843598	0.0640758
NODE_459_length_34887_cov_3.462343	220192	2759559	0.0797925
NODE_1387_length_26166_cov_3.346108	223241	2093408	0.10664
NODE_2067_length_23281_cov_3.638426	188896	1781528	0.10603
NODE_1663_length_24821_cov_3.347221	333564	2546214	0.131004
NODE_700_length_31649_cov_3.286688	478145	2977750	0.160573
NODE_898_length_29563_cov_3.680899	406792	2634968	0.154382
NODE_1315_length_26591_cov_5.352748	107504	1617181	0.0664762
NODE_2159_length_22927_cov_3.708122	135035	1785820	0.0756151
NODE_2574_length_21676_cov_3.360847	190765	1707801	0.111702
NODE_103_length_46749_cov_3.696785	763647	4701514	0.162426
NODE_597_length_32848_cov_3.462762	155704	2431360	0.0640399
NODE_324_length_38019_cov_3.934204	160347	2743272	0.058451
NODE_1518_length_25515_cov_3.705107	193306	1890625	0.102244
NODE_1398_length_26119_cov_3.332859	377498	2479942	0.15222
NODE_727_length_31215_cov_3.508645	236559	2638997	0.0896397
NODE_803_length_30555_cov_3.452292	307914	2476338	0.124342
NODE_2481_length_21927_cov_3.288437	196246	1700209	0.115425
NODE_1934_length_23687_cov_3.769162	178067	1934359	0.0920548
NODE_1232_length_27177_cov_3.902172	177646	1971716	0.0900972
NODE_907_length_29478_cov_3.576977	130567	2186144	0.0597248
NODE_779_length_30785_cov_3.246041	446279	3025868	0.147488
NODE_1363_length_26299_cov_3.374198	265621	2279194	0.116542
NODE_1671_length_24775_cov_4.044091	443004	2767820	0.160055
NODE_1792_length_24339_cov_3.617079	150409	1708372	0.0880423
NODE_1417_length_26012_cov_3.546675	167009	1975464	0.0845417
NODE_642_length_32164_cov_3.576236	176076	2559076	0.0688045
NODE_775_length_30798_cov_3.466237	158264	2147698	0.0736901
NODE_1187_length_27425_cov_3.169655	238265	2094401	0.113763
NODE_576_length_33165_cov_3.744450	267779	2798278	0.0956942
NODE_870_length_29769_cov_3.626862	239221	2288588	0.104528
NODE_435_length_35370_cov_3.605143	291121	3043840	0.0956427
NODE_2021_length_23386_cov_3.703440	279270	1983163	0.14082
NODE_2672_length_21406_cov_3.854039	181156	1819365	0.099571
NODE_253_length_39913_cov_3.491737	666965	3875412	0.172102
NODE_497_length_34219_cov_3.679894	198259	2535032	0.0782077
NODE_591_length_32933_cov_3.337699	424369	2804143	0.151336
NODE_434_length_35410_cov_3.686132	310621	2838089	0.109447
NODE_1960_length_23605_cov_3.628095	151303	1771406	0.0854141
NODE_83_length_49492_cov_3.815622	1925565	10777075	0.178672
NODE_453_length_35076_cov_3.563999	316141	2632027	0.120113
NODE_2604_length_21586_cov_3.454926	213078	1834441	0.116154
NODE_2164_length_22912_cov_3.868584	793472	9386921	0.0845295
NODE_2136_length_23037_cov_3.526942	176932	1835817	0.0963778
NODE_29_length_60093_cov_3.565107	315597	4569961	0.069059
NODE_332_length_37862_cov_3.790191	175114	2820566	0.0620847
NODE_1378_length_26215_cov_3.697580	190548	2023967	0.0941458
NODE_983_length_28910_cov_3.522196	459731	2551767	0.180162
NODE_251_length_39947_cov_3.536915	234774	3059257	0.0767422
NODE_2331_length_22378_cov_3.646842	170815	1805539	0.0946061
NODE_604_length_32750_cov_3.236624	213751	2358857	0.0906163
NODE_634_length_32233_cov_3.560310	195334	2452305	0.0796532
NODE_1836_length_24089_cov_3.559275	109408	1837955	0.059527
NODE_2315_length_22444_cov_3.461535	407990	2457992	0.165985
NODE_2666_length_21422_cov_3.841392	220559	1856517	0.118803
NODE_131_length_44884_cov_3.879424	485542	3953359	0.122818
NODE_1806_length_24228_cov_3.588089	215467	2124990	0.101397
NODE_2271_length_22555_cov_3.809271	351306	2335491	0.150421
NODE_3051_length_20383_cov_3.282341	160447	1760200	0.0911527
NODE_1730_length_24556_cov_3.706628	234758	2016732	0.116405
NODE_1658_length_24835_cov_3.461635	132703	1786650	0.0742748
NODE_2766_length_21120_cov_3.620189	228657	1779681	0.128482
NODE_2368_length_22267_cov_2.873376	403998	2382738	0.169552
NODE_2826_length_20961_cov_3.164606	455250	2224784	0.204627
NODE_3124_length_20252_cov_3.401479	111219	1472353	0.0755383
NODE_7_length_74596_cov_3.829966	1150623	8792747	0.13086
NODE_1990_length_23479_cov_4.265954	297816	2949304	0.100978
NODE_1644_length_24900_cov_3.833515	126071	1878074	0.0671278
NODE_1052_length_28330_cov_3.697212	218125	2285768	0.0954274
NODE_530_length_33781_cov_3.613711	353171	3388678	0.104221
NODE_1375_length_26224_cov_3.649455	348814	2336425	0.149294
NODE_2837_length_20926_cov_3.322274	660698	3493548	0.189119
NODE_968_length_29042_cov_3.105518	477165	2712970	0.175883
NODE_2857_length_20874_cov_3.761781	121803	1607293	0.0757815
NODE_2224_length_22695_cov_3.639272	895710	3837017	0.233439
NODE_975_length_29013_cov_3.403611	568168	3336119	0.170308
NODE_3033_length_20437_cov_3.306716	12815486	33712503	0.38014
NODE_2057_length_23307_cov_3.641632	104537	1687515	0.0619473
NODE_3080_length_20328_cov_3.290079	359738	2042293	0.176144
NODE_175_length_42525_cov_3.877834	169670	3161508	0.0536674
NODE_1484_length_25686_cov_3.148161	389170	2675521	0.145456
NODE_3161_length_20192_cov_3.359478	210339	1575668	0.133492
NODE_2479_length_21945_cov_3.825597	117769	1936116	0.0608275
NODE_2030_length_23375_cov_3.562854	83243	1725252	0.0482498
NODE_850_length_29993_cov_3.507794	329798	2411578	0.136756
NODE_1202_length_27333_cov_3.550084	164499	2325828	0.0707271
NODE_185_length_42382_cov_3.751248	332802	3544506	0.0938924
NODE_1604_length_25030_cov_3.898440	105870	1799985	0.0588172
NODE_1876_length_23906_cov_3.731928	147153	1677040	0.0877457
NODE_2173_length_22884_cov_3.231951	300977	1727093	0.174268
NODE_1666_length_24812_cov_3.747016	154053	1795613	0.0857941
NODE_2081_length_23242_cov_2.928142	255855	2055118	0.124497
NODE_1133_length_27739_cov_4.007272	302030	2244959	0.134537
NODE_2127_length_23063_cov_3.184593	628659	2620185	0.239929
NODE_3233_length_20039_cov_4.097192	115338	1362671	0.0846411
NODE_1056_length_28316_cov_3.315165	216564	2180017	0.0993405
NODE_2031_length_23374_cov_3.216241	238208	1804057	0.13204
NODE_1910_length_23739_cov_3.439298	181859	1628733	0.111657
NODE_329_length_37930_cov_3.397082	298311	3045953	0.0979368
NODE_1834_length_24096_cov_3.791641	147742	1785811	0.082731
NODE_566_length_33296_cov_3.393469	241595	2507627	0.0963441
NODE_2261_length_22579_cov_3.617482	142970	1800235	0.0794174
NODE_744_length_31109_cov_3.697194	417133	3152373	0.132323
NODE_1004_length_28751_cov_3.208258	184716	2481728	0.0744304
NODE_1896_length_23803_cov_3.574544	153017	1785795	0.0856856
NODE_498_length_34210_cov_3.821524	1076143	4946255	0.217567
NODE_3129_length_20244_cov_3.816282	611249	2523658	0.242208
NODE_2716_length_21267_cov_3.430745	193774	1645441	0.117764
NODE_1335_length_26506_cov_3.801530	730498	4462040	0.163714
NODE_1112_length_27847_cov_3.203654	158090	2083420	0.07588
NODE_215_length_41229_cov_3.549161	353314	3864354	0.091429
NODE_1062_length_28263_cov_3.487182	383797	3177356	0.120791
NODE_3229_length_20043_cov_3.612365	1159115	4562068	0.254077
NODE_2462_length_21981_cov_3.552143	215169	1738728	0.123751
NODE_278_length_39288_cov_3.988823	332061	3564544	0.0931567
NODE_1446_length_25900_cov_3.202783	381546	2269740	0.168101
NODE_1985_length_23514_cov_3.715268	112129	1655048	0.0677497
NODE_234_length_40623_cov_3.740993	624333	4388111	0.142278
NODE_555_length_33480_cov_3.831940	1317793	7587404	0.173682
NODE_2864_length_20857_cov_3.493882	292062	1969071	0.148325
NODE_1437_length_25946_cov_3.194800	437345	2376719	0.184012
NODE_872_length_29752_cov_3.608640	374542	2480994	0.150964
NODE_123_length_45325_cov_3.673064	431508	3800167	0.11355
NODE_2553_length_21723_cov_3.777423	163426	1605726	0.101777
NODE_3171_length_20169_cov_4.095167	142913	1877522	0.0761179
NODE_3145_length_20212_cov_3.401531	760747	3495071	0.217663
NODE_509_length_34066_cov_3.314835	223587	2655233	0.0842062
NODE_108_length_46346_cov_3.619910	222647	3372280	0.0660227
NODE_141_length_44334_cov_3.795547	393272	3732371	0.105368
NODE_1111_length_27872_cov_3.492277	212498	2101157	0.101134
NODE_1480_length_25708_cov_3.410715	316791	2169152	0.146044
NODE_1765_length_24443_cov_3.706827	453567	3401105	0.133359
NODE_2143_length_23021_cov_3.570631	619744	5089397	0.121772
NODE_749_length_31061_cov_3.421904	266192	2371899	0.112227
NODE_2992_length_20539_cov_3.581164	89274	1491097	0.0598714
NODE_2805_length_21018_cov_3.415699	251170	1641465	0.153016
NODE_1423_length_25991_cov_3.779005	179361	1997754	0.0897813
NODE_1525_length_25452_cov_3.654952	221678	2065629	0.107317
NODE_1626_length_24973_cov_3.704551	630345	3969381	0.158802
NODE_2884_length_20798_cov_3.216629	385247	2290177	0.168217
NODE_1809_length_24210_cov_3.226909	1420841	8310071	0.170978
NODE_181_length_42477_cov_3.618977	361448	3471641	0.104114
NODE_921_length_29374_cov_3.401981	170037	2122515	0.0801111
NODE_1152_length_27646_cov_3.747559	419955	2815140	0.149177
NODE_927_length_29347_cov_3.752393	136775	2120511	0.064501
NODE_2915_length_20716_cov_3.912451	1777903	10432862	0.170414
NODE_2797_length_21033_cov_3.294449	610052	3179934	0.191844
NODE_2865_length_20854_cov_3.581980	253329	1889836	0.134048
NODE_1515_length_25537_cov_3.189559	841602	2834194	0.296946
NODE_2583_length_21641_cov_3.773559	1198830	4787792	0.250393
NODE_1803_length_24237_cov_3.639034	628555	3481778	0.180527
NODE_1182_length_27450_cov_3.211766	296583	2374972	0.124879
NODE_587_length_32946_cov_3.616495	238306	2580480	0.0923495
NODE_2935_length_20676_cov_3.609078	137183	1849984	0.0741536
NODE_3123_length_20254_cov_3.534408	81020	1492731	0.0542764
NODE_2188_length_22821_cov_3.723836	127203	1712917	0.074261
NODE_706_length_31591_cov_3.457608	174479	2311449	0.0754847
NODE_1336_length_26506_cov_3.534707	176528	1838449	0.0960201
NODE_1696_length_24654_cov_3.438974	212224	1966111	0.107941
NODE_319_length_38222_cov_3.113370	2130583	11053148	0.192758
NODE_2858_length_20874_cov_3.032347	247780	1698660	0.145868
NODE_2161_length_22919_cov_3.318931	177453	1824055	0.0972849
NODE_3150_length_20208_cov_4.327266	296336	2220338	0.133464
NODE_2711_length_21288_cov_3.824673	153812	1753887	0.0876978
NODE_1200_length_27344_cov_3.341714	613700	3381313	0.181498
NODE_3119_length_20259_cov_9.200298	1038213	4241117	0.244797
NODE_2909_length_20740_cov_3.641345	129625	1820866	0.0711887
NODE_1820_length_24152_cov_3.296803	259547	1834169	0.141507
NODE_490_length_34349_cov_3.177226	371103	2947666	0.125897
NODE_1284_length_26795_cov_3.174333	348768	2529891	0.137859
NODE_1608_length_25021_cov_3.698901	146484	1865789	0.0785105
NODE_1778_length_24384_cov_3.337122	107126	1842818	0.0581316
NODE_2141_length_23022_cov_3.352223	1418606	6736703	0.210579
NODE_2904_length_20748_cov_3.379001	198729	1776593	0.11186
NODE_406_length_35951_cov_3.624707	465800	3300141	0.141145
NODE_3209_length_20088_cov_3.146381	282279	1838017	0.153578
NODE_3201_length_20098_cov_3.590230	227498	1752223	0.129834
NODE_1087_length_28088_cov_3.494123	216411	2214711	0.0977152
NODE_125_length_45261_cov_5.989814	1229359	10631605	0.115632
NODE_718_length_31368_cov_3.383415	823575	4150009	0.198451
NODE_187_length_42265_cov_3.866907	234041	3298168	0.0709609
NODE_2468_length_21971_cov_3.696187	97432	1616730	0.0602649
NODE_2494_length_21875_cov_6.017956	249627	2776647	0.0899023
NODE_2820_length_20980_cov_3.831043	221291	1661503	0.133187
NODE_875_length_29725_cov_3.701006	121968	2403703	0.0507417
NODE_2096_length_23194_cov_3.071487	270456	1943027	0.139193
NODE_890_length_29602_cov_3.003864	770837	3819491	0.201817
NODE_1606_length_25023_cov_3.272669	304261	2152449	0.141356
NODE_3013_length_20482_cov_3.205269	113345	1550855	0.0730855
NODE_176_length_42520_cov_3.647769	149580	3180390	0.047032
NODE_2467_length_21973_cov_3.422876	1505099	7983695	0.188522
NODE_1011_length_28715_cov_3.354033	630769	3127181	0.201705
NODE_206_length_41384_cov_3.788446	183345	3095699	0.0592257
NODE_831_length_30206_cov_3.461521	225908	2280504	0.0990606
NODE_2878_length_20804_cov_3.322144	264863	1969690	0.134469
NODE_401_length_36007_cov_3.654339	356855	2840442	0.125634
NODE_3239_length_20020_cov_3.262537	647076	4817913	0.134306
NODE_2616_length_21523_cov_3.416402	568663	2315221	0.245619
NODE_985_length_28887_cov_3.468390	191932	2321651	0.0826705
NODE_1523_length_25481_cov_3.465093	134457	1707674	0.0787369
NODE_1229_length_27194_cov_3.471563	352553	2516896	0.140075
NODE_2883_length_20799_cov_4.532802	410997	2774835	0.148116
NODE_1372_length_26243_cov_3.958767	109612	1883017	0.0582108
NODE_748_length_31069_cov_3.862609	165823	2371423	0.0699255
NODE_2870_length_20838_cov_3.095665	214635	1504264	0.142684
NODE_2051_length_23321_cov_3.781543	280575	2275719	0.123291
NODE_586_length_32947_cov_3.204609	262294	2682137	0.0977929
NODE_2844_length_20909_cov_3.140846	511417	2780027	0.183961
NODE_1995_length_23467_cov_3.583276	108587	1687699	0.0643403
NODE_814_length_30327_cov_3.767203	181881	2234110	0.0814109
NODE_304_length_38574_cov_3.656790	172494	2886705	0.0597546
NODE_180_length_42485_cov_3.251758	388700	3319645	0.117091
NODE_443_length_35204_cov_3.477368	186612	2562507	0.072824
NODE_2440_length_22050_cov_3.160904	486172	2051932	0.236934
NODE_2334_length_22370_cov_3.381662	129496	1557669	0.0831345
NODE_2169_length_22903_cov_3.108928	201273	1876192	0.107277
NODE_2120_length_23087_cov_3.143336	167565	1746363	0.0959508
NODE_784_length_30740_cov_4.788714	318815	4436245	0.071866
NODE_2535_length_21772_cov_3.130623	356139	2000634	0.178013
NODE_2452_length_22008_cov_4.014195	141042	1706278	0.0826606
NODE_80_length_49815_cov_3.569273	335231	3710208	0.0903537
NODE_1211_length_27263_cov_3.613128	196633	2349493	0.0836917
NODE_2035_length_23358_cov_3.499291	134383	1704267	0.0788509
NODE_155_length_43336_cov_3.719939	192116	3261912	0.0588967
NODE_3122_length_20257_cov_3.013940	448205	2494566	0.179673
NODE_2959_length_20619_cov_3.559649	158500	1605757	0.0987073
NODE_1143_length_27667_cov_3.487631	136692	2062832	0.0662642
NODE_2475_length_21958_cov_3.138570	346165	2371903	0.145944
NODE_1551_length_25323_cov_3.377696	166113	1982760	0.0837787
NODE_3056_length_20372_cov_3.509199	92166	1586763	0.0580843
NODE_1058_length_28285_cov_4.802029	341530	3405318	0.100293
NODE_44_length_55711_cov_3.731551	339983	4119808	0.082524
NODE_919_length_29380_cov_3.438134	601018	3278144	0.183341
NODE_1784_length_24358_cov_3.483532	167555	1854839	0.090334
NODE_188_length_42261_cov_3.394953	367354	3378072	0.108747
NODE_2145_length_23013_cov_3.760583	408393	2169355	0.188255
NODE_1391_length_26152_cov_3.200284	149571	2019224	0.0740735
NODE_2083_length_23235_cov_3.607063	235248	2033154	0.115706
NODE_1010_length_28715_cov_3.683359	215861	2262168	0.0954222
NODE_86_length_48908_cov_3.763998	569027	4551464	0.125021
NODE_139_length_44511_cov_3.867513	260415	3530410	0.0737634
NODE_2975_length_20586_cov_3.314053	121909	1553254	0.0784862
NODE_1450_length_25890_cov_3.623977	426440	2434294	0.17518
NODE_729_length_31205_cov_3.744454	149529	2666349	0.0560801
NODE_3067_length_20352_cov_2.886733	631341	2955782	0.213595
NODE_1854_length_24006_cov_3.492073	143442	1870906	0.0766698
NODE_2713_length_21278_cov_3.247887	164210	1639317	0.10017
NODE_2401_length_22167_cov_3.135626	196994	1661003	0.118599
NODE_246_length_40147_cov_3.588469	289966	2921462	0.0992537
NODE_3096_length_20300_cov_3.673828	140483	1510594	0.0929985
NODE_1155_length_27637_cov_3.601496	130849	1941676	0.0673897
NODE_1596_length_25081_cov_3.799336	216087	2001870	0.107943
NODE_1986_length_23502_cov_3.402256	372794	2236838	0.166661
NODE_815_length_30322_cov_3.551600	125801	2148935	0.0585411
NODE_1529_length_25421_cov_3.670682	147852	1907039	0.0775296
NODE_2106_length_23143_cov_3.410128	173369	1740567	0.0996049
NODE_3063_length_20356_cov_3.557980	298341	1895076	0.15743
NODE_2269_length_22558_cov_3.316265	172940	1716537	0.100749
NODE_1938_length_23659_cov_3.776952	659742	3184629	0.207164
NODE_150_length_43656_cov_3.680832	417634	3663665	0.113994
NODE_1939_length_23659_cov_3.355136	168214	1692426	0.0993922
NODE_2502_length_21855_cov_3.433490	147361	1780275	0.0827743
NODE_2608_length_21566_cov_3.273583	460286	2777306	0.165731
NODE_1209_length_27273_cov_3.050857	266574	2162041	0.123297
NODE_444_length_35178_cov_3.220616	724540	3934833	0.184135
NODE_610_length_32690_cov_3.469209	644329	6914753	0.0931818
NODE_2272_length_22547_cov_3.461556	96774	1698541	0.0569748
NODE_2851_length_20894_cov_3.872566	90968	1595690	0.0570086
NODE_396_length_36071_cov_3.389053	391751	2820502	0.138894
NODE_2005_length_23450_cov_3.690120	154393	1813302	0.0851447
NODE_135_length_44762_cov_3.527887	314860	3660295	0.0860204
NODE_2924_length_20693_cov_3.141935	268096	2013983	0.133117
NODE_2187_length_22822_cov_2.973815	288930	2002961	0.144251
NODE_3223_length_20060_cov_3.448374	156172	1463048	0.106744
NODE_2721_length_21255_cov_4.554925	304203	2765155	0.110013
NODE_2919_length_20707_cov_4.097826	115797	1586858	0.0729725
NODE_1734_length_24549_cov_2.955624	433768	2212972	0.196012
NODE_356_length_37258_cov_3.874728	233381	2785240	0.0837921
NODE_2289_length_22511_cov_3.924505	83576	1636734	0.0510627
NODE_730_length_31181_cov_3.445853	169722	2319097	0.0731845
NODE_2455_length_22002_cov_3.453134	190108	1602946	0.118599
NODE_1288_length_26772_cov_3.186893	1197264	4814432	0.248682
NODE_289_length_38969_cov_3.550707	324989	3079201	0.105543
NODE_1665_length_24813_cov_3.302946	285036	1944076	0.146618
NODE_145_length_43958_cov_3.823845	234092	3374931	0.069362
NODE_425_length_35607_cov_3.728456	475320	3789017	0.125447
NODE_3210_length_20086_cov_3.071446	142546	1573467	0.0905936
NODE_2246_length_22634_cov_3.805325	78146	1739360	0.044928
NODE_2423_length_22088_cov_2.968575	452014	2330173	0.193983
NODE_2784_length_21082_cov_3.164752	1074390	4100590	0.262009
NODE_1316_length_26569_cov_3.909369	115591	1880338	0.0614735
NODE_31_length_59470_cov_3.678884	434091	4884096	0.0888785
NODE_3173_length_20164_cov_3.711288	199127	1648721	0.120777
NODE_2795_length_21037_cov_3.197249	122089	1508145	0.0809531
NODE_619_length_32470_cov_3.491489	343297	2738252	0.125371
NODE_1681_length_24725_cov_3.361447	157845	1816715	0.0868848
NODE_1969_length_23545_cov_3.589226	197053	1633151	0.120658
NODE_3148_length_20210_cov_3.790612	83532	1575368	0.0530238
NODE_869_length_29769_cov_3.797506	505170	3243739	0.155737
NODE_1720_length_24591_cov_3.390495	345042	2013913	0.171329
NODE_1535_length_25382_cov_3.237314	278146	2235609	0.124416
NODE_979_length_28922_cov_3.452625	165372	2275937	0.0726611
NODE_2397_length_22180_cov_3.399121	169498	1715558	0.0988005
NODE_212_length_41266_cov_3.543712	245040	3326495	0.0736631
NODE_2137_length_23036_cov_3.852553	464345	2901488	0.160037
NODE_1278_length_26816_cov_3.259573	152851	1950485	0.0783656
NODE_3058_length_20365_cov_3.324139	439607	2550827	0.172339
NODE_1270_length_26899_cov_3.448246	229273	2210235	0.103732
NODE_1361_length_26303_cov_3.229431	257218	2209408	0.116419
NODE_2768_length_21119_cov_3.477117	166606	1715259	0.0971317
NODE_3216_length_20076_cov_4.115633	127481	1511642	0.0843328
NODE_2602_length_21597_cov_3.669830	170449	1628778	0.104648
NODE_639_length_32203_cov_3.726545	212560	2379587	0.0893264
NODE_2829_length_20957_cov_3.430386	640152	3013615	0.21242
NODE_3106_length_20279_cov_3.738603	188443	1740993	0.108239
NODE_3138_length_20222_cov_3.147990	103146	1667594	0.0618532
NODE_1581_length_25184_cov_3.277337	261608	1944796	0.134517
NODE_2077_length_23250_cov_3.137791	130299	1681399	0.0774944
NODE_1283_length_26803_cov_3.382527	199117	2021608	0.0984944
NODE_2692_length_21355_cov_3.010915	574887	2737336	0.210017
NODE_918_length_29394_cov_3.280560	174663	2166619	0.0806155
NODE_2407_length_22151_cov_4.103392	500091	3707199	0.134897
NODE_695_length_31693_cov_3.610274	686652	4877468	0.14078
NODE_2509_length_21839_cov_3.240616	1142536	4640707	0.246199
NODE_2866_length_20850_cov_3.527011	213895	1660141	0.128841
NODE_3231_length_20042_cov_3.654365	144929	1479869	0.0979337
NODE_2770_length_21115_cov_3.461696	407941	1909703	0.213615
NODE_2240_length_22654_cov_3.465351	325182	2053113	0.158385
NODE_1357_length_26311_cov_6.751068	633676	5198924	0.121886
NODE_2222_length_22698_cov_3.552901	229402	1992978	0.115105
NODE_943_length_29223_cov_4.206290	146598	2088264	0.0702009
NODE_2306_length_22458_cov_3.106311	2607394	16306579	0.159898
NODE_3068_length_20351_cov_3.461436	429639	1988770	0.216033
NODE_792_length_30665_cov_3.627037	177635	2479884	0.0716304
NODE_1273_length_26850_cov_3.083174	297292	2049171	0.145079
NODE_3136_length_20232_cov_3.473948	94962	1407273	0.0674794
NODE_3203_length_20093_cov_3.963439	289273	1964716	0.147234
NODE_2305_length_22459_cov_3.542800	158835	1870617	0.0849105
NODE_2764_length_21121_cov_3.360955	613537	2713714	0.226088
NODE_1703_length_24629_cov_3.394863	259212	2255276	0.114936
NODE_547_length_33544_cov_3.478637	194981	2355340	0.0827825
NODE_593_length_32898_cov_3.764444	177003	2367975	0.0747487
NODE_1070_length_28184_cov_3.679580	145937	2124278	0.0686996
NODE_1553_length_25317_cov_9.607384	309375	4435654	0.0697473
NODE_2332_length_22377_cov_3.415118	512049	2201687	0.232571
NODE_3228_length_20044_cov_3.281775	164383	1454791	0.112994
NODE_711_length_31550_cov_3.357381	475604	3629516	0.131038
NODE_2090_length_23212_cov_3.299875	342512	2102985	0.162869
NODE_2647_length_21450_cov_3.406773	132571	1733549	0.0764738
NODE_1193_length_27404_cov_3.487127	417976	2300053	0.181725
NODE_2038_length_23349_cov_3.416903	164154	1711346	0.095921
NODE_1816_length_24167_cov_3.798654	122986	1764146	0.0697142
NODE_2372_length_22259_cov_3.463357	286732	2129815	0.134628
NODE_657_length_32049_cov_3.436213	432232	3022420	0.143009
NODE_2239_length_22660_cov_3.725189	132217	1657419	0.0797728
NODE_2132_length_23041_cov_3.659969	183255	1787120	0.102542
NODE_2250_length_22623_cov_3.869606	178917	1885803	0.0948758
NODE_1267_length_26920_cov_3.418180	357229	2315127	0.154302
NODE_531_length_33769_cov_8.151262	708107	6270299	0.11293
NODE_2460_length_21991_cov_2.867486	253836	2100149	0.120866
NODE_2195_length_22795_cov_3.778904	105551	1741691	0.0606026
NODE_2706_length_21309_cov_3.354220	253923	1944586	0.130579
NODE_266_length_39617_cov_3.511033	491863	3236247	0.151986
NODE_3048_length_20399_cov_2.966453	334524	1821229	0.18368
NODE_2656_length_21441_cov_3.501359	161636	1691658	0.0955489
NODE_99_length_47222_cov_3.554528	348962	3714650	0.0939421
NODE_196_length_41906_cov_3.453513	507817	4298950	0.118126
NODE_2823_length_20972_cov_3.713122	686291	3744581	0.183276
NODE_1669_length_24784_cov_3.580231	79549	1724439	0.0461304
NODE_2932_length_20682_cov_3.606666	152952	1626241	0.0940525
NODE_2776_length_21099_cov_3.393048	117020	1559380	0.0750426
NODE_2855_length_20888_cov_3.798499	130858	1600896	0.0817405
NODE_2658_length_21440_cov_3.790966	384252	2126595	0.180689
NODE_66_length_51554_cov_3.431542	215945	4041051	0.0534378
NODE_1247_length_27040_cov_3.472328	251184	2110468	0.119018
NODE_2004_length_23454_cov_3.823036	395662	2379101	0.166307
NODE_1451_length_25877_cov_3.365040	231880	2020778	0.114748
NODE_274_length_39377_cov_3.600362	940878	7502529	0.125408
NODE_3207_length_20089_cov_3.651626	954530	3155031	0.302542
NODE_2342_length_22338_cov_3.744503	824129	4637840	0.177697
NODE_2879_length_20803_cov_3.876835	115254	1661130	0.0693829
NODE_1008_length_28719_cov_3.842453	91251	2214535	0.0412055
NODE_3005_length_20501_cov_3.083325	844395	3879482	0.217657
NODE_1793_length_24334_cov_3.968847	208517	2015265	0.103469
NODE_2804_length_21019_cov_3.231214	263341	1849575	0.142379
NODE_1261_length_26959_cov_3.858302	111735	2009738	0.0555968
NODE_1996_length_23467_cov_3.313377	276356	2117557	0.130507
NODE_572_length_33195_cov_3.445431	527985	3307081	0.159653
NODE_2573_length_21677_cov_3.870655	101289	1611075	0.0628704
NODE_2425_length_22083_cov_3.502365	112437	1693672	0.0663865
NODE_3088_length_20312_cov_4.159650	251669	2428932	0.103613
NODE_1826_length_24139_cov_3.590141	103205	1758163	0.0587005
NODE_1982_length_23519_cov_3.510418	92474	1793530	0.0515598
NODE_2548_length_21728_cov_3.074853	116459	1623785	0.0717207
NODE_2156_length_22933_cov_4.148200	157123	1972380	0.0796616
NODE_3071_length_20345_cov_3.567668	260625	1816774	0.143455
NODE_813_length_30345_cov_3.435694	242215	2518438	0.0961767
NODE_2028_length_23378_cov_3.647064	309678	2550598	0.121414
NODE_1429_length_25970_cov_4.166016	235198	2149811	0.109404
NODE_787_length_30705_cov_3.709011	274455	2457079	0.1117
NODE_2638_length_21466_cov_3.584031	226544	1794242	0.126262
NODE_2563_length_21693_cov_2.972122	212619	1774070	0.119848
NODE_2778_length_21096_cov_3.465162	337040	2436610	0.138323
NODE_2986_length_20555_cov_3.123876	273668	1612436	0.169723
NODE_1195_length_27388_cov_3.925611	113584	1953362	0.058148
NODE_1190_length_27409_cov_3.594691	286707	2558875	0.112044
NODE_2730_length_21228_cov_3.308202	297670	1844680	0.161367
NODE_760_length_30948_cov_3.384291	382298	3079122	0.124158
NODE_2760_length_21131_cov_3.413655	482497	2380328	0.202702
NODE_2060_length_23303_cov_3.748535	506369	3679041	0.137636
NODE_133_length_44813_cov_3.744085	519463	3879857	0.133887
NODE_2340_length_22355_cov_3.890816	234525	1721172	0.136259
NODE_462_length_34803_cov_3.627478	345300	2887666	0.119578
NODE_1667_length_24795_cov_3.548024	188377	1929687	0.0976205
NODE_2540_length_21739_cov_3.559843	261507	1901570	0.137522
NODE_838_length_30110_cov_3.733398	575543	3381470	0.170205
NODE_2584_length_21640_cov_3.755211	126850	1631797	0.0777364
NODE_2522_length_21811_cov_3.243920	188607	1687462	0.11177
NODE_1248_length_27039_cov_3.815999	106099	2034544	0.0521488
NODE_3031_length_20443_cov_3.373034	201706	1895220	0.106429
NODE_2088_length_23215_cov_3.442594	232579	2255977	0.103095
NODE_3099_length_20293_cov_3.423145	108755	1633392	0.0665823
NODE_96_length_47623_cov_3.731209	274526	3608894	0.0760693
NODE_2448_length_22022_cov_3.508370	337157	1951474	0.17277
NODE_1714_length_24609_cov_3.984986	178793	2035372	0.0878429
NODE_1257_length_26975_cov_3.702039	134833	2089909	0.0645162
NODE_2570_length_21684_cov_3.428863	210779	1596792	0.132002
NODE_2234_length_22672_cov_3.555265	274227	1954404	0.140312
NODE_3193_length_20120_cov_3.310973	146408	1430860	0.102322
NODE_997_length_28786_cov_3.877784	164629	2261314	0.0728024
NODE_2597_length_21610_cov_3.716099	242753	1856871	0.130732
NODE_2681_length_21390_cov_3.331032	330300	2142123	0.154193
NODE_992_length_28798_cov_3.273668	178773	2139850	0.0835446
NODE_2244_length_22646_cov_3.652238	93853	1713608	0.0547692
NODE_2714_length_21270_cov_3.729205	325551	1932150	0.168492
NODE_1851_length_24018_cov_3.448179	164583	1800311	0.0914192
NODE_2285_length_22524_cov_3.620691	204912	2145402	0.0955122
NODE_1628_length_24972_cov_3.357938	204524	2011544	0.101675
NODE_365_length_36963_cov_3.851671	206813	2716784	0.0761242
NODE_499_length_34210_cov_3.693589	136998	2523386	0.0542913
NODE_2405_length_22153_cov_3.091639	766445	4252326	0.180241
NODE_563_length_33326_cov_3.683149	429137	3097381	0.138548
NODE_1479_length_25716_cov_3.786782	128790	1912079	0.067356
NODE_1952_length_23626_cov_3.223615	694698	3565793	0.194823
NODE_1708_length_24619_cov_3.481077	256641	2004850	0.12801
NODE_1920_length_23714_cov_3.597459	390673	2739234	0.142621
NODE_2534_length_21776_cov_4.427827	154520	1701919	0.0907916
NODE_1777_length_24390_cov_3.400148	247601	1958879	0.126399
NODE_1634_length_24941_cov_3.708961	181125	1790905	0.101136
NODE_3135_length_20234_cov_3.317010	133112	1459383	0.0912111
NODE_1002_length_28759_cov_3.406211	158045	2240395	0.0705434
NODE_1102_length_27970_cov_3.517994	222814	2218066	0.100454
NODE_2128_length_23059_cov_3.644556	109078	1697801	0.0642466
NODE_383_length_36481_cov_3.434830	878106	5512866	0.159283
NODE_1218_length_27227_cov_3.263381	180483	2077316	0.0868828
NODE_671_length_31963_cov_3.226023	1530744	7826731	0.195579
NODE_1913_length_23729_cov_3.783157	122358	1844866	0.0663235
NODE_2013_length_23413_cov_3.279403	317053	2329876	0.136081
NODE_990_length_28828_cov_3.612308	429692	2931926	0.146556
NODE_819_length_30299_cov_3.458013	328132	2911296	0.11271
NODE_2280_length_22531_cov_3.773315	135255	1690527	0.0800076
NODE_884_length_29649_cov_3.476345	204732	2248875	0.0910375
NODE_2744_length_21198_cov_3.776198	179272	1605468	0.111663
NODE_616_length_32565_cov_3.378611	196185	2282182	0.0859638
NODE_1161_length_27611_cov_3.431666	483423	2677701	0.180537
NODE_2358_length_22285_cov_3.238258	849759	4021856	0.211285
NODE_1923_length_23709_cov_3.724100	164154	1549784	0.105921
NODE_2182_length_22843_cov_3.514377	116452	1745513	0.0667151
NODE_1253_length_27006_cov_3.558962	120540	2125394	0.0567142
NODE_2001_length_23456_cov_3.697735	199983	2001417	0.0999207
NODE_2929_length_20685_cov_3.981881	225727	1772873	0.127323
NODE_2383_length_22208_cov_3.370121	425548	3144032	0.135351
NODE_2547_length_21728_cov_3.388367	314955	2000177	0.157464
NODE_345_length_37471_cov_3.495933	291506	3053872	0.0954546
NODE_2733_length_21227_cov_3.523381	300106	1867282	0.160718
NODE_1612_length_25008_cov_3.419527	741129	3182184	0.232899
NODE_2010_length_23440_cov_3.802365	745139	5084884	0.14654
NODE_776_length_30797_cov_3.711121	239897	2328186	0.10304
NODE_871_length_29760_cov_3.986379	299689	2448267	0.122409
NODE_2140_length_23027_cov_3.364663	127006	1761947	0.0720828
NODE_2365_length_22276_cov_3.995310	131943	1720553	0.0766864
NODE_958_length_29141_cov_3.558570	301181	2281636	0.132002
NODE_2564_length_21692_cov_3.902422	120120	1732839	0.0693198
NODE_39_length_57302_cov_3.953359	395893	4500456	0.0879673
NODE_1079_length_28144_cov_4.804564	550103	4331237	0.127008
NODE_2011_length_23433_cov_4.234508	61735	1696630	0.0363868
NODE_2881_length_20802_cov_3.910013	62358	1576015	0.0395669
NODE_1242_length_27058_cov_3.832709	470649	5331448	0.0882779
NODE_2787_length_21070_cov_3.862334	66868	1527442	0.0437778
NODE_3091_length_20310_cov_3.313592	197008	1628627	0.120966
NODE_3034_length_20435_cov_3.317467	181062	1556645	0.116316
NODE_2665_length_21424_cov_3.353482	166314	1709311	0.0972989
NODE_358_length_37236_cov_3.654496	344665	3099742	0.111192
NODE_202_length_41616_cov_3.134041	481934	3137445	0.153607
NODE_1159_length_27617_cov_3.857366	120180	2038629	0.0589514
NODE_242_length_40221_cov_3.521833	333473	3486977	0.0956338
NODE_916_length_29424_cov_3.736607	256423	2553117	0.100435
NODE_822_length_30274_cov_3.313041	209126	2402475	0.0870461
NODE_2422_length_22090_cov_3.244873	122478	1489847	0.0822084
NODE_896_length_29571_cov_3.489244	234014	2323043	0.100736
NODE_2740_length_21214_cov_3.480038	182407	1673710	0.108984
NODE_410_length_35885_cov_3.477449	239411	2709062	0.0883741
NODE_781_length_30771_cov_3.894529	329304	2808092	0.11727
NODE_764_length_30898_cov_3.315367	207345	2293478	0.0904064
NODE_165_length_42797_cov_3.609185	416138	3347557	0.124311
NODE_2793_length_21055_cov_3.545333	102908	1561961	0.0658838
NODE_1522_length_25482_cov_3.668558	109315	1891494	0.0577929
NODE_2184_length_22837_cov_3.554710	366225	2435182	0.150389
NODE_421_length_35708_cov_4.088377	543149	3505320	0.15495
NODE_1649_length_24884_cov_3.999597	129557	1873330	0.0691587
NODE_1007_length_28726_cov_3.415552	442484	2654650	0.166683
NODE_2059_length_23303_cov_3.934882	157612	1804861	0.0873264
NODE_3023_length_20460_cov_3.401650	146368	1723790	0.0849106
NODE_395_length_36084_cov_3.892316	629575	3626885	0.173586
NODE_1081_length_28130_cov_3.763726	142981	2128201	0.067184
NODE_1383_length_26201_cov_3.644931	132011	1988808	0.0663769
NODE_2124_length_23071_cov_3.420904	133637	1584563	0.0843368
NODE_408_length_35890_cov_3.629460	179007	2502020	0.071545
NODE_1390_length_26153_cov_3.469602	159804	2110625	0.0757141
NODE_2499_length_21864_cov_3.308155	281663	1849266	0.152311
NODE_1679_length_24736_cov_3.894184	1038804	10362347	0.100248
NODE_2312_length_22450_cov_3.672050	286127	1916360	0.149308
NODE_3018_length_20467_cov_3.255352	217951	1600076	0.136213
NODE_710_length_31562_cov_3.671424	173663	2457155	0.0706765
NODE_6_length_75918_cov_3.610362	361667	5592964	0.0646646
NODE_2198_length_22788_cov_3.357971	557896	2957359	0.188647
NODE_2528_length_21795_cov_3.751337	192108	1800838	0.106677
NODE_1063_length_28260_cov_3.450162	229739	2330801	0.0985665
NODE_2556_length_21715_cov_3.460677	280052	2440034	0.114774
NODE_1499_length_25631_cov_3.780237	454649	3224999	0.140976
NODE_2041_length_23343_cov_3.708312	278600	2375826	0.117264
NODE_1614_length_25006_cov_3.094953	426710	3282564	0.129993
NODE_1307_length_26637_cov_3.719346	156713	2036626	0.0769474
NODE_2853_length_20894_cov_3.275643	2165839	10213658	0.212053
NODE_1725_length_24570_cov_3.230436	4455689	7934142	0.561584
NODE_1384_length_26196_cov_3.573706	166736	1992551	0.0836797
NODE_785_length_30724_cov_3.653388	752377	5752812	0.130784
NODE_1434_length_25952_cov_3.362550	192352	2043379	0.0941343
NODE_2275_length_22541_cov_3.287096	253862	1870161	0.135743
NODE_1146_length_27660_cov_3.597983	316543	2980110	0.106219
NODE_1776_length_24391_cov_3.993743	289619	2040375	0.141944
NODE_3074_length_20340_cov_3.533076	152414	1633781	0.0932891
NODE_641_length_32166_cov_3.438738	549102	3413876	0.160844
NODE_2488_length_21894_cov_3.445010	514193	2739946	0.187665
NODE_3077_length_20335_cov_3.270607	282998	1844346	0.153441
NODE_3226_length_20049_cov_3.714987	126541	1429614	0.0885141
NODE_1737_length_24538_cov_3.681452	344697	2307977	0.14935
NODE_1588_length_25136_cov_3.118664	378691	2424181	0.156214
NODE_2660_length_21438_cov_3.339754	2041539	6161521	0.331337
NODE_204_length_41437_cov_3.385118	349228	3735474	0.0934896
NODE_2418_length_22103_cov_3.522632	142450	1753796	0.0812238
NODE_880_length_29690_cov_3.393194	352912	2633019	0.134033
NODE_372_length_36771_cov_3.200098	403251	3066962	0.131482
NODE_2885_length_20796_cov_3.484466	261728	1805699	0.144946
NODE_3030_length_20453_cov_3.393338	122940	1400413	0.0877884
NODE_1850_length_24034_cov_3.733194	127300	1944878	0.065454
NODE_64_length_51776_cov_3.985197	607861	4521743	0.134431
NODE_859_length_29878_cov_3.202223	372776	2541362	0.146684
NODE_347_length_37442_cov_3.486303	627569	3974103	0.157915
NODE_3009_length_20495_cov_3.342861	210436	1711387	0.122962
NODE_1346_length_26390_cov_3.411662	429019	2745826	0.156244
NODE_1300_length_26700_cov_3.528364	107892	1954213	0.0552099
NODE_2125_length_23065_cov_3.572716	215264	1771747	0.121498
NODE_1050_length_28346_cov_3.383722	225561	2171742	0.103862
NODE_1741_length_24529_cov_3.116865	473194	2530965	0.186962
NODE_277_length_39290_cov_4.725957	988520	7470994	0.132314
NODE_2726_length_21237_cov_3.432586	207483	2084058	0.0995572
NODE_93_length_48016_cov_3.484442	364202	3859264	0.0943708
NODE_1563_length_25274_cov_3.567666	202048	1901972	0.106231
NODE_1546_length_25350_cov_3.363748	296449	2034398	0.145718
NODE_514_length_34002_cov_3.673657	210813	2446056	0.0861849
NODE_2694_length_21353_cov_3.795050	483525	2688730	0.179834
NODE_1285_length_26785_cov_3.731545	220865	2108389	0.104755
NODE_2578_length_21669_cov_3.551089	247915	2156629	0.114955
NODE_758_length_30957_cov_3.606682	344373	2504781	0.137486
NODE_189_length_42224_cov_3.877056	295932	3247105	0.0911372
NODE_842_length_30063_cov_3.189461	242234	2180191	0.111107
NODE_2284_length_22526_cov_3.688144	182407	1915669	0.0952184
NODE_1115_length_27836_cov_3.964416	318992	2350912	0.135689
NODE_1572_length_25234_cov_2.979272	212837	1994001	0.106739
NODE_937_length_29277_cov_3.335767	330460	2539434	0.130131
NODE_791_length_30673_cov_3.311801	449597	2998792	0.149926
NODE_2465_length_21979_cov_3.957633	275583	2321568	0.118706
NODE_1991_length_23474_cov_3.612706	131320	1871690	0.0701612
NODE_1078_length_28159_cov_3.481646	709772	4047848	0.175346
NODE_2882_length_20801_cov_3.351512	208262	1715672	0.121388
NODE_3012_length_20485_cov_3.475621	87831	1416304	0.0620142
NODE_1853_length_24013_cov_3.721084	182619	1906821	0.0957714
NODE_153_length_43494_cov_3.824749	383586	3497971	0.10966
NODE_1790_length_24350_cov_3.240650	260651	2175743	0.119799
NODE_3057_length_20366_cov_3.831351	81936	1515455	0.0540669
NODE_466_length_34745_cov_3.912688	161877	2513480	0.0644035
NODE_3115_length_20262_cov_3.629271	204892	2019775	0.101443
NODE_1660_length_24832_cov_3.767153	121261	1742597	0.0695864
NODE_2256_length_22609_cov_3.615948	235750	1892621	0.124563
NODE_264_length_39637_cov_3.850524	301940	3111749	0.0970322
NODE_2089_length_23215_cov_3.278768	238056	1981566	0.120135
NODE_2408_length_22149_cov_5.104036	763982	5037595	0.151656
NODE_3168_length_20175_cov_3.600219	104797	1426056	0.0734873
NODE_996_length_28792_cov_3.957725	183339	2406213	0.076194
NODE_2834_length_20945_cov_3.759954	105999	1485840	0.0713394
NODE_177_length_42503_cov_4.064852	253698	3206385	0.0791228
NODE_411_length_35877_cov_3.370507	510255	3088557	0.165208
NODE_2987_length_20553_cov_3.672631	687827	3023082	0.227525
NODE_154_length_43475_cov_3.815728	185533	3125941	0.0593527
NODE_2431_length_22073_cov_3.105625	214736	1765067	0.121659
NODE_1458_length_25838_cov_3.402463	792343	4613542	0.171743
NODE_2957_length_20624_cov_3.611303	67451	1526120	0.0441977
NODE_1320_length_26547_cov_3.567793	439672	3027903	0.145207
NODE_617_length_32551_cov_3.209016	307950	2819258	0.109231
NODE_1621_length_24984_cov_3.527024	503057	2556610	0.196767
NODE_714_length_31479_cov_3.683971	126750	2324413	0.0545299
NODE_939_length_29271_cov_3.823941	456497	2815630	0.16213
NODE_2662_length_21435_cov_3.532387	647156	3219407	0.201017
NODE_1651_length_24869_cov_3.191845	236308	2117649	0.11159
NODE_2063_length_23296_cov_3.365306	287245	1964232	0.146238
NODE_632_length_32248_cov_3.932968	232814	2568541	0.0906406
NODE_636_length_32219_cov_3.719925	184978	2397071	0.0771683
NODE_1220_length_27222_cov_3.688383	214866	2102542	0.102193
NODE_2888_length_20791_cov_3.628262	82820	1611618	0.0513893
NODE_2273_length_22542_cov_4.082966	89982	1610797	0.0558618
NODE_1342_length_26455_cov_3.289687	213599	2147930	0.0994441
NODE_2287_length_22515_cov_3.192095	148542	1677632	0.0885427
NODE_733_length_31165_cov_3.432853	122703	2244163	0.0546765
NODE_164_length_42851_cov_3.609609	397440	3386547	0.117358
NODE_2815_length_20996_cov_3.566301	163186	1982291	0.0823219
NODE_168_length_42730_cov_3.695105	340537	3406845	0.0999567
NODE_826_length_30244_cov_3.584309	269717	2325128	0.116001
NODE_1243_length_27058_cov_3.508661	211419	2048636	0.1032
NODE_487_length_34423_cov_3.595851	209884	2472011	0.0849042
NODE_771_length_30827_cov_3.232394	400676	3257689	0.122994
NODE_1528_length_25436_cov_3.431188	343965	2079531	0.165405
NODE_1561_length_25280_cov_3.607641	136508	1872498	0.0729015
NODE_778_length_30793_cov_3.292207	611579	2981760	0.205107
NODE_1491_length_25661_cov_3.652688	4702928	25572231	0.183908
NODE_2093_length_23206_cov_3.592245	492291	2255837	0.21823
NODE_3028_length_20455_cov_3.066221	145345	1526706	0.0952017
NODE_292_length_38849_cov_3.633445	155065	2834103	0.054714
NODE_1947_length_23645_cov_3.407330	281269	2143250	0.131235
NODE_1655_length_24844_cov_3.550293	440620	2652368	0.166123
NODE_2209_length_22758_cov_3.893376	201322	1918725	0.104925
NODE_2984_length_20559_cov_3.414614	238060	1742408	0.136627
NODE_620_length_32458_cov_3.205136	220062	2517104	0.0874267
NODE_1044_length_28386_cov_3.335596	244006	2137390	0.114161
NODE_568_length_33274_cov_4.430023	280294	2789543	0.10048
NODE_1742_length_24526_cov_4.052892	114901	1824435	0.0629789
NODE_2510_length_21834_cov_3.976582	83890	1555317	0.0539376
NODE_1687_length_24692_cov_2.708698	682818	3302965	0.206729
NODE_2103_length_23162_cov_3.756103	211661	1985745	0.10659
NODE_2699_length_21327_cov_3.182966	1215262	4498313	0.27016
NODE_2792_length_21060_cov_3.203521	586034	3855049	0.152017
NODE_1033_length_28478_cov_3.597096	250749	2344551	0.10695
NODE_3152_length_20204_cov_3.620443	451929	2474166	0.182659
NODE_1097_length_28026_cov_3.729581	180795	2131153	0.0848344
NODE_1488_length_25664_cov_3.617954	84728	1761124	0.0481102
NODE_1084_length_28104_cov_3.508909	226713	2512523	0.0902332
NODE_2130_length_23054_cov_3.563886	217629	1789485	0.121615
NODE_2265_length_22572_cov_3.118453	235706	1785627	0.132002
NODE_3206_length_20089_cov_4.768084	827515	5381563	0.153769
NODE_2417_length_22106_cov_3.981869	85914	1623467	0.0529201
NODE_691_length_31753_cov_3.215297	663699	3405590	0.194885
NODE_2537_length_21762_cov_3.914462	234294	1858121	0.126092
NODE_2098_length_23188_cov_4.296158	143253	1787442	0.0801441
NODE_479_length_34501_cov_3.298500	179353	2369764	0.0756839
NODE_2757_length_21147_cov_3.662011	160669	962742	0.166887
NODE_357_length_37244_cov_3.712209	405167	3163246	0.128086
NODE_2803_length_21019_cov_3.350239	151700	1560219	0.0972299
NODE_899_length_29558_cov_3.460844	243129	2366402	0.102742
NODE_794_length_30654_cov_3.739552	354298	2371769	0.149381
NODE_947_length_29209_cov_3.884679	159832	2211718	0.072266
NODE_488_length_34413_cov_3.695168	336347	2870189	0.117186
NODE_2392_length_22188_cov_3.931187	295855	2096332	0.14113
NODE_307_length_38514_cov_3.740492	223180	3156731	0.0706997
NODE_2329_length_22383_cov_4.156435	202458	1818331	0.111343
NODE_1469_length_25773_cov_3.933824	1846628	6390023	0.288986
NODE_1060_length_28278_cov_3.752049	119104	2177750	0.0546913
NODE_615_length_32567_cov_3.433966	201984	2511423	0.0804261
NODE_560_length_33381_cov_3.451896	658444	3156003	0.208632
NODE_2165_length_22907_cov_3.632892	238538	1913620	0.124653
NODE_2387_length_22196_cov_3.937096	160306	1654798	0.0968735
NODE_2350_length_22306_cov_3.570045	244571	2213198	0.110506
NODE_3156_length_20202_cov_4.126996	77576	1529236	0.0507286
NODE_2623_length_21507_cov_3.711837	423581	2886942	0.146723
NODE_3111_length_20270_cov_3.377968	613368	2304459	0.266166
NODE_603_length_32758_cov_3.515111	176793	2396732	0.0737642
NODE_1174_length_27515_cov_3.768165	124958	1953505	0.0639661
NODE_2645_length_21452_cov_3.784433	81587	1486256	0.0548943
NODE_1824_length_24145_cov_3.587416	151037	1672911	0.0902839
NODE_536_length_33689_cov_3.824323	190280	2649438	0.071819
NODE_506_length_34098_cov_3.635313	228359	2483504	0.0919503
NODE_686_length_31791_cov_3.241607	568277	3420898	0.166119
NODE_3169_length_20173_cov_2.797997	293064	1822523	0.160801
NODE_1019_length_28647_cov_3.452606	189631	2113355	0.0897298
NODE_1130_length_27750_cov_3.924704	367318	2630799	0.139622
NODE_2476_length_21957_cov_3.033535	277752	1824198	0.15226
NODE_2411_length_22131_cov_3.224628	223162	1837583	0.121443
NODE_305_length_38567_cov_3.574114	2259432	12211065	0.185032
NODE_2177_length_22867_cov_3.262605	94802	1762399	0.0537915
NODE_970_length_29035_cov_3.026921	1368435	6192012	0.221
NODE_1978_length_23523_cov_3.476904	151655	1829411	0.0828983
NODE_76_length_50488_cov_4.109468	706587	5496508	0.128552
NODE_2301_length_22464_cov_3.075162	235472	1851575	0.127174
NODE_2907_length_20744_cov_3.297748	114329	1414412	0.0808315
NODE_1605_length_25027_cov_3.564586	1163045	12369257	0.0940271
NODE_1345_length_26392_cov_3.219450	443137	2526686	0.175383
NODE_554_length_33485_cov_3.282394	682459	3651032	0.186922
NODE_1213_length_27242_cov_3.425524	310885	2429780	0.127948
NODE_297_length_38712_cov_3.737809	355476	3143636	0.113078
NODE_2609_length_21564_cov_3.183089	120401	1700149	0.0708179
NODE_1310_length_26619_cov_3.428130	133958	2209701	0.0606227
NODE_1622_length_24982_cov_3.700076	112255	1824490	0.0615268
NODE_49_length_54828_cov_3.684738	296023	4102501	0.0721567
NODE_1216_length_27228_cov_3.355302	857438	6002808	0.142839
NODE_1266_length_26938_cov_3.599762	153741	1944858	0.07905
NODE_2621_length_21508_cov_3.533140	143493	1765461	0.0812779
NODE_271_length_39475_cov_3.692782	187315	2949679	0.0635035
NODE_948_length_29204_cov_4.114482	107461	2189726	0.0490751
NODE_828_length_30235_cov_3.849449	166397	2211167	0.075253
NODE_1176_length_27508_cov_3.209019	320042	2370453	0.135013
NODE_1592_length_25107_cov_3.302743	285600	2107477	0.135517
NODE_1027_length_28562_cov_3.403471	168092	2187089	0.0768565
NODE_1732_length_24554_cov_4.017420	134989	2205901	0.0611945
NODE_214_length_41232_cov_3.405101	950540	7660496	0.124083
NODE_2777_length_21098_cov_3.748702	1597282	10659081	0.149852
NODE_117_length_45685_cov_3.779340	337707	3561004	0.0948348
NODE_2300_length_22472_cov_3.483306	269320	1853185	0.145328
NODE_2070_length_23266_cov_3.094186	107472	1621407	0.0662832
NODE_1009_length_28717_cov_3.504018	461409	3740839	0.123344
NODE_306_length_38543_cov_3.670924	587962	3920917	0.149955
NODE_1085_length_28103_cov_3.809063	247866	2409931	0.102852
NODE_1461_length_25829_cov_3.183405	248332	2051603	0.121043
NODE_124_length_45263_cov_3.763462	349389	3563754	0.0980396
NODE_349_length_37405_cov_3.685493	331692	3254743	0.10191
NODE_1795_length_24322_cov_3.443587	247229	2017711	0.122529
NODE_1036_length_28428_cov_4.037982	117346	2125755	0.055202
NODE_1975_length_23526_cov_3.953985	205547	2236909	0.0918889
NODE_2235_length_22671_cov_3.894427	193706	1736458	0.111552
NODE_315_length_38335_cov_3.763547	1274044	7057257	0.18053
NODE_2769_length_21119_cov_3.291199	243276	1677279	0.145042
NODE_1305_length_26644_cov_3.719043	186093	2030308	0.0916575
NODE_1355_length_26325_cov_3.522039	128582	1908036	0.0673897
NODE_1138_length_27705_cov_3.294863	286452	2197988	0.130325
NODE_1496_length_25644_cov_3.571736	224615	1986665	0.113061
NODE_3029_length_20454_cov_3.654483	181193	1703636	0.106357
NODE_1945_length_23646_cov_3.478362	193166	1718677	0.112392
NODE_1136_length_27712_cov_3.571144	153130	2024765	0.0756285
NODE_1983_length_23516_cov_3.097664	154211	1633914	0.0943813
NODE_2767_length_21120_cov_3.484468	127120	1704430	0.0745821
NODE_2981_length_20572_cov_3.197089	143569	1535875	0.093477
NODE_2471_length_21966_cov_3.608588	142896	1697815	0.0841646
NODE_75_length_50493_cov_3.387189	1055229	5921480	0.178204
NODE_2712_length_21285_cov_3.676862	160587	1626314	0.0987429
NODE_1163_length_27603_cov_3.382090	419712	2574473	0.163028
NODE_1074_length_28172_cov_3.666156	163898	2090675	0.0783948
NODE_431_length_35527_cov_3.938128	172249	2588518	0.0665435
NODE_2437_length_22055_cov_3.724130	155278	1790708	0.0867132
NODE_174_length_42557_cov_3.904188	537245	3727118	0.144145
NODE_2526_length_21798_cov_3.669155	88794	1691652	0.0524895
NODE_1222_length_27220_cov_3.260794	320755	2129467	0.150627
NODE_3038_length_20424_cov_3.219582	279506	1717056	0.162782
NODE_1597_length_25081_cov_3.736851	194196	1798899	0.107953
NODE_477_length_34543_cov_3.437464	206498	2582372	0.0799645
NODE_2933_length_20681_cov_3.329171	550181	2475748	0.222228
NODE_2808_length_21011_cov_3.050976	217478	1582866	0.137395
NODE_972_length_29032_cov_3.344313	135254	2188728	0.0617957
NODE_2118_length_23088_cov_3.965592	373873	2300211	0.162539
NODE_2320_length_22418_cov_3.396120	162648	1816990	0.0895151
NODE_1131_length_27747_cov_3.611183	125723	2038203	0.0616833
NODE_1129_length_27751_cov_3.889556	151648	1970318	0.0769663
NODE_1304_length_26670_cov_3.421926	185210	1993567	0.0929038
NODE_40_length_57036_cov_4.017054	1512475	10174811	0.148649
NODE_446_length_35170_cov_3.584500	402251	3156427	0.127439
NODE_121_length_45403_cov_3.419764	252955	3304170	0.0765563
NODE_754_length_30998_cov_3.210525	182748	2293661	0.0796752
NODE_298_length_38712_cov_3.228783	587828	3901331	0.150674
NODE_454_length_35023_cov_3.483765	661029	4158972	0.15894
NODE_663_length_32022_cov_3.536760	223143	2354724	0.094764
NODE_173_length_42600_cov_3.882215	504623	3926191	0.128527
NODE_2362_length_22279_cov_3.695266	99751	1667692	0.0598138
NODE_2293_length_22494_cov_3.569859	279885	2070311	0.13519
NODE_1723_length_24573_cov_3.781074	241652	2596745	0.0930596
NODE_1107_length_27901_cov_6.316092	259254	3520543	0.0736403
NODE_1014_length_28701_cov_3.471855	368752	2735179	0.134818
NODE_3181_length_20141_cov_3.391727	190318	1604571	0.11861
NODE_1194_length_27392_cov_3.518118	198476	2102707	0.0943907
NODE_2064_length_23289_cov_3.878655	178087	1828682	0.0973854
NODE_2311_length_22450_cov_3.795401	89564	1559878	0.0574173
NODE_3020_length_20466_cov_3.669564	234897	1667617	0.140858
NODE_2162_length_22917_cov_3.674073	108300	1828370	0.0592331
NODE_719_length_31365_cov_3.600812	258907	2569846	0.100748
NODE_1032_length_28507_cov_3.527316	177988	2126233	0.0837105
NODE_2283_length_22527_cov_3.267121	186009	1756807	0.105879
NODE_2559_length_21701_cov_3.732293	225619	2151806	0.104851
NODE_549_length_33530_cov_3.190362	452097	2874057	0.157303
NODE_303_length_38595_cov_3.617960	326397	2884478	0.113156
NODE_989_length_28843_cov_3.788617	169531	2205472	0.0768684
NODE_2183_length_22841_cov_3.114942	376613	2476215	0.152092
NODE_2549_length_21727_cov_3.567089	69125	1551012	0.0445677
NODE_1650_length_24873_cov_3.171833	267333	1859564	0.143761
NODE_647_length_32144_cov_3.492152	242141	2532515	0.0956129
NODE_1799_length_24275_cov_3.389808	160565	1809968	0.0887115
NODE_2179_length_22853_cov_3.593390	99884	1647500	0.0606276
NODE_1105_length_27936_cov_3.775766	160817	2016572	0.0797477
NODE_1582_length_25166_cov_3.276100	363784	2871950	0.126668
NODE_3126_length_20246_cov_3.766169	184001	1616450	0.11383
NODE_892_length_29596_cov_3.521884	161205	2186829	0.0737163
NODE_1911_length_23738_cov_3.369686	122135	1759865	0.0694002
NODE_143_length_44289_cov_3.666486	469090	4100846	0.114389
NODE_82_length_49654_cov_3.793744	512678	4879564	0.105066
NODE_1673_length_24764_cov_3.339347	442691	2436851	0.181665
NODE_237_length_40499_cov_3.593960	210698	3010169	0.0699954
NODE_987_length_28849_cov_3.533948	212118	2320334	0.091417
NODE_2151_length_22952_cov_3.429965	91641	1716475	0.0533891
NODE_913_length_29440_cov_3.329539	186966	2230443	0.0838246
NODE_291_length_38859_cov_3.870666	239228	3005747	0.0795902
NODE_2671_length_21406_cov_3.949594	531215	2460201	0.215923
NODE_1407_length_26071_cov_4.245495	97530	1920522	0.0507831
NODE_109_length_46315_cov_3.793621	452979	4118246	0.109993
NODE_824_length_30266_cov_3.954752	382423	3844678	0.0994681
NODE_469_length_34656_cov_3.463698	310829	2787411	0.111512
NODE_2972_length_20592_cov_3.470161	346437	1902619	0.182084
NODE_1962_length_23581_cov_3.253769	400263	2185567	0.183139
NODE_2962_length_20614_cov_3.457421	335142	3041627	0.110185
NODE_1302_length_26674_cov_4.127112	93833	1864829	0.0503172
NODE_552_length_33506_cov_3.392343	363967	2645073	0.137602
NODE_464_length_34791_cov_3.557045	435648	3552572	0.122629
NODE_3094_length_20307_cov_3.396823	124728	1487500	0.0838508
NODE_438_length_35303_cov_3.798404	340164	2964159	0.114759
NODE_2963_length_20612_cov_3.640959	175283	1615487	0.108502
NODE_2385_length_22203_cov_3.173996	377792	2304784	0.163916
NODE_505_length_34119_cov_3.405556	278022	2887609	0.096281
NODE_2258_length_22597_cov_3.420704	136423	1677868	0.0813073
NODE_1780_length_24370_cov_3.415269	190912	1951941	0.0978062
NODE_2527_length_21796_cov_5.725077	723114	6751535	0.107104
NODE_1265_length_26941_cov_3.165859	245854	2123639	0.11577
NODE_3114_length_20264_cov_3.585172	265808	1795572	0.148035
NODE_960_length_29132_cov_3.477216	214157	2162151	0.0990481
NODE_1571_length_25234_cov_3.497116	137517	1882254	0.0730597
NODE_337_length_37657_cov_4.169711	158535	2851389	0.0555992
NODE_1017_length_28667_cov_3.535844	343841	2709683	0.126893
NODE_2121_length_23078_cov_3.437225	495056	3461651	0.143012
NODE_1061_length_28269_cov_3.948988	148341	2046952	0.0724692
NODE_1868_length_23944_cov_3.883414	168276	1876614	0.08967
NODE_1574_length_25225_cov_3.436998	154211	1886251	0.0817553
NODE_2069_length_23272_cov_3.517197	408446	2347074	0.174023
NODE_1640_length_24922_cov_3.872538	191710	2095560	0.0914839
NODE_2044_length_23337_cov_3.582795	171906	1857008	0.0925715
NODE_1319_length_26548_cov_3.258157	154082	2029044	0.0759382
NODE_169_length_42659_cov_3.684328	324814	3255739	0.0997666
NODE_2495_length_21872_cov_3.452257	672193	3287858	0.204447
NODE_2588_length_21627_cov_3.674238	166143	1530218	0.108575
NODE_1331_length_26514_cov_3.218626	555546	2681705	0.207161
NODE_440_length_35265_cov_3.647756	160546	2679109	0.0599251
NODE_2473_length_21965_cov_3.426873	3479722	20543372	0.169384
NODE_3166_length_20178_cov_3.514617	149414	1656983	0.0901723
NODE_1786_length_24357_cov_3.207107	678342	2539919	0.267072
NODE_908_length_29466_cov_3.834883	138128	2102019	0.0657121
NODE_2585_length_21633_cov_3.605322	112498	1589452	0.0707779
NODE_1178_length_27483_cov_3.257084	559685	2893695	0.193415
NODE_233_length_40653_cov_3.935740	165340	2927048	0.0564869
NODE_3195_length_20119_cov_3.200699	335741	1783145	0.188286
NODE_3046_length_20399_cov_3.393892	233278	1807052	0.129093
NODE_633_length_32233_cov_3.589065	299213	2514986	0.118972
NODE_2398_length_22175_cov_3.345352	502812	2504025	0.200802
NODE_1038_length_28401_cov_3.893859	110092	2389472	0.0460738
NODE_2619_length_21513_cov_3.551322	148151	1664041	0.0890309
NODE_728_length_31209_cov_3.192093	191517	2459649	0.0778635
NODE_2085_length_23227_cov_3.189813	1080837	5238032	0.206344
NODE_224_length_40885_cov_3.756142	206495	2913539	0.0708743
NODE_724_length_31264_cov_3.710156	162571	2376135	0.0684183
NODE_2233_length_22676_cov_3.663994	133552	1603376	0.0832942
NODE_1016_length_28681_cov_3.789308	167031	2196783	0.0760344
NODE_806_length_30485_cov_5.313138	214558	3545388	0.0605175
NODE_3061_length_20362_cov_3.560677	110902	1586007	0.0699253
NODE_1022_length_28599_cov_3.422702	329541	2648398	0.12443
NODE_658_length_32048_cov_3.519672	147576	2342592	0.0629969
NODE_1689_length_24685_cov_3.738957	147038	1778494	0.0826756
NODE_2018_length_23400_cov_3.277799	137986	1784731	0.0773147
NODE_11_length_69074_cov_3.575571	367268	5236781	0.0701324
NODE_3049_length_20397_cov_3.535324	381615	2361828	0.161576
NODE_418_length_35786_cov_3.452462	326799	2979105	0.109697
NODE_354_length_37335_cov_3.899130	435648	3402131	0.128052
NODE_1256_length_26980_cov_3.927607	139692	2051554	0.0680908
NODE_2555_length_21718_cov_3.437162	118820	1537076	0.0773026
NODE_1354_length_26327_cov_3.895036	306209	2683398	0.114112
NODE_3127_length_20246_cov_3.601926	66386	1486801	0.0446502
NODE_192_length_42042_cov_3.647998	270239	3203418	0.0843596
NODE_2956_length_20625_cov_3.479636	217656	1810982	0.120187
NODE_1134_length_27739_cov_3.714038	228062	2211844	0.103109
NODE_1686_length_24702_cov_3.387351	234293	2469125	0.0948891
NODE_574_length_33177_cov_3.760898	235263	2772162	0.0848663
NODE_1830_length_24112_cov_3.846875	257551	2214364	0.116309
NODE_1568_length_25248_cov_5.394926	463675	3126161	0.148321
NODE_3079_length_20330_cov_3.720676	382837	2595868	0.147479
NODE_2346_length_22315_cov_3.865367	283436	2044020	0.138666
NODE_3225_length_20054_cov_3.916913	97141	1462854	0.0664051
NODE_3155_length_20203_cov_3.197622	161951	1749166	0.0925876
NODE_1527_length_25437_cov_3.725827	136477	1885312	0.0723896
NODE_1785_length_24357_cov_3.775126	126489	1970039	0.0642063
NODE_1276_length_26829_cov_3.559746	272025	2053434	0.132473
NODE_2654_length_21444_cov_3.250972	91883	1452292	0.0632676
NODE_1294_length_26749_cov_3.576660	252282	2131134	0.118379
NODE_352_length_37364_cov_3.455816	335785	3046126	0.110233
NODE_309_length_38491_cov_3.634924	504175	3535307	0.142611
NODE_685_length_31794_cov_4.082190	364577	3260778	0.111807
NODE_777_length_30793_cov_3.674301	230048	2478076	0.0928333
NODE_1034_length_28461_cov_4.068331	1152230	5102697	0.225808
NODE_2025_length_23381_cov_3.595138	174666	1946141	0.0897499
NODE_3070_length_20346_cov_3.502346	636204	3472102	0.183233
NODE_2345_length_22317_cov_3.530066	133759	1674648	0.0798729
NODE_1874_length_23917_cov_3.707364	89731	1733530	0.051762
NODE_2207_length_22762_cov_3.288885	197621	1786052	0.110647
NODE_2936_length_20675_cov_3.625923	192677	1620338	0.118912
NODE_57_length_52818_cov_3.717142	302163	3863838	0.0782028
NODE_1147_length_27654_cov_3.620214	122416	2085148	0.0587085
NODE_1039_length_28400_cov_3.863220	119246	2122825	0.0561733
NODE_2594_length_21612_cov_3.311161	118585	1562516	0.0758936
NODE_631_length_32278_cov_3.780323	273944	2716692	0.100837
NODE_478_length_34508_cov_3.886076	179313	2647361	0.0677327
NODE_3179_length_20145_cov_2.935000	1228102	4366450	0.281259
NODE_513_length_34018_cov_3.234559	411288	2714157	0.151534
NODE_392_length_36220_cov_3.148003	264392	2673325	0.0989001
NODE_106_length_46410_cov_3.501587	211988	3545071	0.059798
NODE_3141_length_20219_cov_3.564960	129345	1551598	0.0833624
NODE_1470_length_25770_cov_3.890538	216907	2018092	0.107481
NODE_1822_length_24145_cov_3.720619	144745	1571627	0.0920988
NODE_3060_length_20362_cov_4.117159	1384450	9960260	0.138997
NODE_2429_length_22078_cov_3.353201	150782	1772477	0.0850685
NODE_912_length_29444_cov_3.905469	513365	2974053	0.172615
NODE_2891_length_20783_cov_3.861632	201646	1798525	0.112117
NODE_1106_length_27929_cov_3.366116	258265	2138415	0.120774
NODE_2663_length_21431_cov_3.382524	545825	2299142	0.237404
NODE_1526_length_25439_cov_3.358682	178970	1936855	0.0924024
NODE_2599_length_21604_cov_3.766147	296609	2249911	0.131831
NODE_1088_length_28087_cov_3.725096	393887	2637393	0.149347
NODE_3142_length_20216_cov_3.464035	132696	1517472	0.0874454
NODE_1358_length_26310_cov_3.440960	290757	2378460	0.122246
NODE_1465_length_25795_cov_3.645353	81764	1963758	0.0416365
NODE_2286_length_22520_cov_3.216360	363019	1900331	0.191029
NODE_1395_length_26141_cov_3.624875	447477	2943706	0.152011
NODE_100_length_47095_cov_3.782811	334698	3422491	0.0977937
NODE_2062_length_23296_cov_3.516101	111582	1656965	0.0673412
NODE_1735_length_24544_cov_3.994273	2601374	15375492	0.16919
NODE_2160_length_22920_cov_3.609000	81387	1743840	0.0466711
NODE_1521_length_25498_cov_3.286271	250215	2113279	0.118401
NODE_2872_length_20824_cov_3.276912	1044503	5391968	0.193715
NODE_715_length_31401_cov_3.456329	424129	2969718	0.142818
NODE_627_length_32339_cov_3.659646	148139	2437407	0.0607773
NODE_656_length_32059_cov_4.316239	241988	2473781	0.0978211
NODE_1863_length_23961_cov_3.533275	169441	1921343	0.0881888
NODE_2436_length_22056_cov_3.815412	159380	1672768	0.0952792
NODE_92_length_48092_cov_3.743275	439762	4105531	0.107115
NODE_1814_length_24189_cov_3.354961	484384	2566189	0.188756
NODE_1156_length_27631_cov_3.838697	121737	1962761	0.0620233
NODE_2142_length_23022_cov_3.276273	427676	3031865	0.14106
NODE_1260_length_26961_cov_3.525985	142941	2036574	0.070187
NODE_3147_length_20210_cov_3.908259	122215	1537523	0.0794882
NODE_2217_length_22715_cov_3.373541	515091	2670973	0.192848
NODE_450_length_35101_cov_3.452003	176375	2595661	0.0679499
NODE_2196_length_22795_cov_3.381345	188159	1691320	0.11125
NODE_1397_length_26131_cov_3.563883	162776	2020878	0.0805472
NODE_267_length_39608_cov_3.824141	436602	3492646	0.125006
NODE_2493_length_21876_cov_3.664463	495027	2187989	0.226247
NODE_3125_length_20246_cov_3.800020	115125	1654165	0.069597
NODE_805_length_30539_cov_3.536038	677486	3624161	0.186936
NODE_3092_length_20310_cov_3.277720	113528	1443804	0.0786312
NODE_734_length_31161_cov_3.604501	138602	2257646	0.0613923
NODE_1309_length_26628_cov_3.558332	172256	2066368	0.0833617
NODE_1751_length_24488_cov_3.181147	835323	3590447	0.232652
NODE_1718_length_24593_cov_3.977260	172200	1912114	0.0900574
NODE_2113_length_23116_cov_2.968806	930913	4307326	0.216123
NODE_1657_length_24839_cov_3.338157	153234	1750249	0.0875498
NODE_2905_length_20745_cov_3.501841	97083	1484885	0.0653808
NODE_1101_length_27975_cov_3.378605	127301	1996086	0.0637753
NODE_1205_length_27298_cov_3.876356	223612	2206543	0.10134
NODE_936_length_29283_cov_4.010588	101779	2350381	0.0433032
NODE_680_length_31881_cov_3.770247	163925	2398931	0.0683325
NODE_2960_length_20619_cov_3.437281	241584	1772780	0.136274
NODE_1870_length_23942_cov_3.614856	130884	1856202	0.0705117
NODE_3240_length_20018_cov_3.587228	535627	3128981	0.171183
NODE_2892_length_20780_cov_3.133214	224345	1649177	0.136035
NODE_2450_length_22019_cov_3.547217	160017	1808076	0.0885013
NODE_1789_length_24351_cov_3.448582	145235	1771307	0.0819931
NODE_2327_length_22397_cov_3.920038	275407	2605678	0.105695
NODE_3025_length_20457_cov_3.904411	233304	1706816	0.13669
NODE_2873_length_20823_cov_3.660490	77953	1470924	0.0529959
NODE_2846_length_20904_cov_3.498967	145318	1530425	0.0949527
NODE_1801_length_24251_cov_3.143839	1048072	4765852	0.219913
NODE_1842_length_24057_cov_3.525962	565851	3262889	0.17342
NODE_2027_length_23379_cov_3.402491	125983	1674716	0.0752265
NODE_1575_length_25222_cov_3.466624	238065	1906686	0.124858
NODE_2176_length_22873_cov_3.378809	416052	2847102	0.146132
NODE_2218_length_22709_cov_4.261035	74857	1651777	0.0453191
NODE_270_length_39529_cov_3.808598	292615	3131684	0.0934369
NODE_112_length_46055_cov_3.964510	426170	3796255	0.112261
NODE_1855_length_24002_cov_3.532067	135200	1846346	0.0732257
NODE_2782_length_21086_cov_3.353076	111582	1511423	0.0738258
NODE_924_length_29360_cov_3.526708	1033741	3593284	0.287687
NODE_2532_length_21783_cov_3.267340	468110	2539903	0.184302
NODE_3110_length_20272_cov_3.445001	187671	1586408	0.118299
NODE_1287_length_26773_cov_3.666642	289575	2187192	0.132396
NODE_2842_length_20913_cov_3.500865	79537	1589716	0.0500322
NODE_1648_length_24895_cov_3.639619	212334	1946274	0.109098
NODE_1841_length_24058_cov_3.444384	151331	1888290	0.0801418
NODE_2133_length_23040_cov_3.907938	76098	1695089	0.0448932
NODE_1937_length_23671_cov_3.519048	248651	1947035	0.127708
NODE_1314_length_26596_cov_4.060611	178942	2026100	0.0883184
NODE_2351_length_22302_cov_3.092465	339924	1965559	0.17294
NODE_1291_length_26757_cov_3.392715	223846	2026618	0.110453
NODE_2037_length_23349_cov_3.449118	122896	1847998	0.0665022
NODE_2390_length_22190_cov_3.857272	243997	1873043	0.130268
NODE_265_length_39618_cov_3.738101	689143	4497949	0.153213
NODE_836_length_30144_cov_3.505142	456111	3029070	0.150578
NODE_2082_length_23238_cov_3.536713	323383	2223376	0.145447
NODE_693_length_31706_cov_3.751985	277518	2575708	0.107744
NODE_1893_length_23812_cov_3.274027	748205	2741333	0.272935
NODE_3232_length_20041_cov_3.439324	100798	1511539	0.0666857
NODE_2016_length_23404_cov_3.795924	134698	1691743	0.0796208
NODE_569_length_33269_cov_3.559723	294482	2703937	0.108909
NODE_2230_length_22688_cov_3.332551	241835	2231164	0.10839
NODE_599_length_32824_cov_3.156700	550060	3586766	0.153358
NODE_1424_length_25990_cov_3.403538	392482	2755529	0.142434
NODE_2242_length_22647_cov_3.763970	230893	1803090	0.128054
NODE_3026_length_20457_cov_3.891198	73978	1478546	0.0500343
NODE_1844_length_24055_cov_3.760728	187505	2035915	0.0920986
NODE_797_length_30634_cov_3.519600	231350	2366469	0.0977617
NODE_697_length_31660_cov_2.922214	624047	4425121	0.141024
NODE_2735_length_21226_cov_3.566006	285161	2185890	0.130455
NODE_1459_length_25830_cov_4.009560	276117	2184154	0.126418
NODE_3117_length_20261_cov_3.430215	232921	1877879	0.124034
NODE_2144_length_23014_cov_3.575780	173122	1845717	0.0937966
NODE_2260_length_22583_cov_4.475271	1084040	10985024	0.0986834
NODE_510_length_34065_cov_3.671466	265321	2682168	0.0989204
NODE_198_length_41807_cov_3.509710	302726	3918805	0.0772496
NODE_1475_length_25734_cov_3.348157	388578	3033469	0.128097
NODE_1554_length_25310_cov_3.095593	337420	2103815	0.160385
NODE_2520_length_21815_cov_3.295220	120199	1677357	0.0716598
NODE_2349_length_22311_cov_3.468395	186822	1725760	0.108255
NODE_2379_length_22218_cov_3.474208	283471	2010354	0.141006
NODE_2649_length_21447_cov_3.563659	182032	1713497	0.106234
NODE_1788_length_24355_cov_3.621743	202907	1867271	0.108665
NODE_652_length_32107_cov_3.448232	467222	2890626	0.161634
NODE_252_length_39934_cov_3.735735	853308	5591782	0.1526
NODE_2843_length_20913_cov_3.061689	187690	1790443	0.104829
NODE_1468_length_25774_cov_4.048685	441279	3022083	0.146018
NODE_1066_length_28235_cov_3.991292	169073	2076772	0.0814114
NODE_847_length_30001_cov_3.548860	288621	2544266	0.11344
NODE_2363_length_22278_cov_3.175121	155316	1748388	0.0888338
NODE_1179_length_27479_cov_3.615814	142066	2068774	0.0686716
NODE_280_length_39244_cov_3.660110	229907	2838507	0.0809957
NODE_2380_length_22215_cov_3.921279	92309	1677466	0.0550288
NODE_1694_length_24661_cov_3.383967	207246	1972678	0.105058
NODE_2359_length_22282_cov_3.047694	142806	1600639	0.0892181
NODE_2186_length_22832_cov_3.372586	199547	1779356	0.112146
NODE_2710_length_21289_cov_3.121520	348323	2435199	0.143037
NODE_2639_length_21464_cov_3.432062	173536	1581180	0.109751
NODE_601_length_32787_cov_3.393570	1015471	6324616	0.160559
NODE_769_length_30846_cov_3.345725	511529	2793896	0.183088
NODE_2939_length_20665_cov_4.160848	123962	1501676	0.0825491
NODE_2457_length_21998_cov_3.620759	426240	2208385	0.19301
NODE_340_length_37563_cov_3.672726	306251	2921614	0.104823
NODE_1838_length_24073_cov_3.516726	168034	1787823	0.0939881
NODE_3090_length_20312_cov_3.000247	412001	2108360	0.195413
NODE_388_length_36360_cov_3.854444	1455719	8141613	0.1788
NODE_933_length_29304_cov_21.712104	266985	3756064	0.0710811
NODE_1057_length_28294_cov_3.708601	140786	2187747	0.064352
NODE_915_length_29432_cov_3.626905	181992	2274919	0.0799993
NODE_2613_length_21549_cov_3.472354	343586	2689501	0.127751
NODE_1047_length_28360_cov_3.458512	305905	2168685	0.141056
NODE_2587_length_21629_cov_3.080260	1605672	12653278	0.126898
NODE_2024_length_23383_cov_3.411742	148261	1705789	0.0869164
NODE_2348_length_22311_cov_3.656717	100022	1641346	0.060939
NODE_1676_length_24750_cov_3.968439	102813	1693147	0.060723
NODE_2582_length_21653_cov_3.536559	132058	1692903	0.0780068
NODE_2657_length_21441_cov_3.383094	115869	1637242	0.0707708
NODE_938_length_29272_cov_3.644740	340926	2913243	0.117026
NODE_334_length_37719_cov_2.941574	506247	3172824	0.159557
NODE_528_length_33795_cov_3.887791	168219	2610552	0.0644381
NODE_864_length_29816_cov_3.247771	503813	2697077	0.1868
NODE_97_length_47612_cov_3.944373	185422	3487423	0.0531688
NODE_1601_length_25039_cov_4.034162	311592	4026175	0.0773916
NODE_732_length_31173_cov_3.515029	640883	4431363	0.144624
NODE_1135_length_27727_cov_3.478283	182004	2202077	0.0826511
NODE_3192_length_20122_cov_4.243919	502139	3081826	0.162936
NODE_1677_length_24749_cov_3.438012	249402	2022780	0.123297
NODE_170_length_42632_cov_3.570381	161221	3046166	0.0529259
NODE_2249_length_22624_cov_3.547969	96887	1610875	0.0601456
NODE_1654_length_24848_cov_3.006950	337104	2190245	0.153912
NODE_1104_length_27957_cov_3.296109	204652	2106774	0.09714
NODE_482_length_34480_cov_3.915273	167177	2384684	0.0701045
NODE_3234_length_20036_cov_3.691177	1002100	2892923	0.346397
NODE_2675_length_21400_cov_3.577766	155792	1550550	0.100475
NODE_1026_length_28565_cov_3.782477	151495	2199159	0.0688877
NODE_1685_length_24705_cov_3.538405	252669	2724976	0.0927234
NODE_2783_length_21084_cov_3.768215	163944	1550204	0.105756
NODE_1645_length_24900_cov_3.388936	211247	1963147	0.107606
NODE_735_length_31148_cov_3.865825	103689	2348195	0.0441569
NODE_692_length_31718_cov_3.562320	374924	3352104	0.111847
NODE_1191_length_27407_cov_3.357111	168878	1918690	0.0880173
NODE_3153_length_20204_cov_3.533947	137248	1525166	0.0899889
NODE_721_length_31323_cov_3.767679	243906	2748263	0.0887491
NODE_208_length_41351_cov_3.750703	202223	2983271	0.0677857
NODE_491_length_34348_cov_4.661129	692733	4684929	0.147864
NODE_1321_length_26540_cov_3.518853	267603	2252429	0.118806
NODE_293_length_38841_cov_4.123664	529088	3866763	0.13683
NODE_67_length_51503_cov_3.535464	537835	4346489	0.12374
NODE_767_length_30874_cov_3.254297	709447	2953675	0.240191
NODE_702_length_31638_cov_3.709534	216840	2635172	0.0822868
NODE_1672_length_24766_cov_3.759963	134029	1894066	0.0707626
NODE_2620_length_21510_cov_3.510112	167554	1649845	0.101557
NODE_2686_length_21367_cov_3.584211	289949	1914286	0.151466
NODE_887_length_29605_cov_3.578120	358708	2574259	0.139344
NODE_3172_length_20169_cov_3.181016	528221	2375269	0.222384
NODE_1148_length_27652_cov_3.417486	241636	2304219	0.104867
NODE_2277_length_22539_cov_3.241221	184813	1634064	0.1131
NODE_535_length_33724_cov_3.428074	396417	2897573	0.13681
NODE_649_length_32121_cov_3.644338	890061	5634235	0.157974
NODE_2995_length_20531_cov_3.484583	167215	1676394	0.0997468
NODE_1264_length_26954_cov_3.306349	115565	1967061	0.0587501
NODE_1699_length_24638_cov_3.473736	26377082	65362314	0.403552
NODE_2914_length_20728_cov_3.621892	616430	2604382	0.23669
NODE_651_length_32108_cov_3.618920	263889	2590862	0.101854
NODE_1586_length_25145_cov_3.565879	1094698	3660009	0.299097
NODE_548_length_33540_cov_3.359828	250786	2588827	0.0968724
NODE_2107_length_23143_cov_3.382703	194857	2441060	0.0798247
NODE_376_length_36727_cov_3.316780	690761	4149146	0.166483
NODE_2691_length_21355_cov_3.659296	126252	1673403	0.0754463
NODE_1369_length_26262_cov_3.714635	140744	1878039	0.074942
NODE_2717_length_21264_cov_3.645122	109196	1499216	0.0728354
NODE_2946_length_20645_cov_3.659544	262066	2026491	0.12932
NODE_833_length_30173_cov_3.528530	355433	2536093	0.14015
NODE_1623_length_24982_cov_3.314190	323844	2641046	0.12262
NODE_393_length_36113_cov_3.457655	421230	3121896	0.134928
NODE_900_length_29549_cov_3.219185	514337	2858821	0.179912
NODE_163_length_42880_cov_3.903205	564823	3821294	0.147809
NODE_2903_length_20753_cov_3.483006	1466212	8417557	0.174185
NODE_2231_length_22687_cov_3.076855	470860	3061442	0.153803
NODE_2705_length_21310_cov_3.377776	530557	2854394	0.185874
NODE_2200_length_22783_cov_24.466981	705197	5392922	0.130763
NODE_1580_length_25202_cov_3.223320	357016	2121195	0.168309
NODE_1849_length_24038_cov_3.420987	225722	2095715	0.107706
NODE_2223_length_22697_cov_3.866802	249641	2205577	0.113186
NODE_2353_length_22297_cov_3.627939	280176	1877120	0.149258
NODE_841_length_30068_cov_3.692482	166969	2167885	0.0770193
NODE_2910_length_20738_cov_3.477833	302817	1995703	0.151735
NODE_2012_length_23428_cov_3.126452	222039	1889227	0.117529
NODE_2898_length_20761_cov_3.725293	113570	1637934	0.0693373
NODE_901_length_29524_cov_4.233883	262033	2477342	0.105772
NODE_2406_length_22152_cov_3.487054	116632	1622102	0.0719018
NODE_1140_length_27681_cov_3.550721	128265	2007297	0.0638994
NODE_186_length_42282_cov_3.590356	434254	3401503	0.127665
NODE_1150_length_27649_cov_4.857822	445150	4273509	0.104165
NODE_1212_length_27255_cov_3.565768	151026	2110400	0.0715627
NODE_1861_length_23965_cov_3.299087	227213	1927094	0.117904
NODE_3075_length_20338_cov_3.788082	84469	1496758	0.0564346
NODE_1490_length_25663_cov_3.766977	210397	2035918	0.103343
NODE_3065_length_20353_cov_3.825368	231812	2490925	0.0930626
NODE_430_length_35528_cov_3.410793	223671	2694754	0.0830024
NODE_2485_length_21923_cov_3.348836	1111705	3929199	0.282934
NODE_1024_length_28592_cov_3.411013	564391	3010599	0.187468
NODE_1967_length_23557_cov_3.434095	308767	2200990	0.140286
NODE_2938_length_20666_cov_3.809014	92644	1556672	0.0595141
NODE_1127_length_27776_cov_3.779420	452484	2665161	0.169777
NODE_294_length_38836_cov_3.483749	279544	2879605	0.0970772
NODE_1504_length_25605_cov_3.472830	218805	2151738	0.101688
NODE_3158_length_20200_cov_4.383215	161729	1527024	0.105911
NODE_235_length_40607_cov_3.436136	242917	2997695	0.0810346
NODE_1569_length_25242_cov_3.544843	174197	1801908	0.0966736
NODE_1508_length_25592_cov_3.668144	140677	1895131	0.0742308
NODE_3132_length_20241_cov_3.349419	140631	1472776	0.095487
NODE_1466_length_25784_cov_3.901616	180831	2062827	0.0876617
NODE_1116_length_27831_cov_3.355726	356849	2342042	0.152367
NODE_220_length_40996_cov_6.368976	1893966	17447003	0.108555
NODE_2529_length_21792_cov_3.347762	123509	1621474	0.0761708
NODE_1325_length_26519_cov_3.566162	279066	2034911	0.137139
NODE_160_length_42998_cov_3.833772	621415	4276149	0.145321
NODE_655_length_32064_cov_3.476615	215717	2518388	0.0856568
NODE_1519_length_25506_cov_3.476483	168516	2035557	0.0827862
NODE_1051_length_28336_cov_21.318200	125906	2734493	0.0460436
NODE_2433_length_22065_cov_3.729400	142721	1637220	0.0871728
NODE_2298_length_22474_cov_3.291039	526812	2554285	0.206246
NODE_2435_length_22058_cov_3.213580	365983	2523674	0.14502
NODE_1238_length_27119_cov_3.093523	185448	1975292	0.0938838
NODE_1298_length_26721_cov_3.404252	365592	2503604	0.146026
NODE_2810_length_21004_cov_3.274193	297295	2085079	0.142582
NODE_1697_length_24642_cov_3.272868	792054	4123777	0.19207
NODE_2104_length_23154_cov_3.371329	405597	2169528	0.186952
NODE_1921_length_23713_cov_3.555264	157423	1828428	0.0860975
NODE_677_length_31907_cov_4.101201	255109	3215246	0.0793435
NODE_1365_length_26279_cov_3.576203	159452	2010960	0.0792915
NODE_2749_length_21177_cov_3.698358	112458	1590893	0.0706886
NODE_1871_length_23941_cov_3.592694	279249	2134160	0.130847
NODE_2676_length_21399_cov_3.429765	141490	1623103	0.0871725
NODE_12_length_68210_cov_3.690256	544821	5338330	0.102058
NODE_2893_length_20779_cov_3.876692	119915	1514641	0.0791706
NODE_1505_length_25602_cov_6.772576	864513	6021778	0.143564
NODE_507_length_34069_cov_3.456344	207795	2818282	0.0737311
NODE_2902_length_20754_cov_3.613508	321641	1961979	0.163937
NODE_3211_length_20085_cov_3.419794	225979	1831452	0.123388
NODE_1192_length_27407_cov_3.223414	470994	2791917	0.168699
NODE_137_length_44682_cov_3.434605	430774	3603083	0.119557
NODE_2472_length_21966_cov_3.207436	222602	1635546	0.136103
NODE_839_length_30106_cov_3.841370	300156	2555746	0.117444
NODE_1482_length_25692_cov_3.308913	1184170	9768038	0.121229
NODE_122_length_45330_cov_3.460260	295655	3463287	0.0853683
NODE_1126_length_27779_cov_3.176481	156312	2024807	0.0771985
NODE_780_length_30774_cov_3.506797	711529	4508727	0.157812
NODE_2193_length_22799_cov_3.292731	168271	1603964	0.104909
NODE_1700_length_24635_cov_3.210099	423503	2581774	0.164036
NODE_2447_length_22027_cov_2.883938	333954	2422428	0.137859
NODE_2945_length_20647_cov_3.225667	265524	1774524	0.149631
NODE_2046_length_23331_cov_3.320420	345024	2146059	0.160771
NODE_2874_length_20823_cov_3.197742	506947	2867695	0.176779
NODE_2080_length_23242_cov_3.768742	118648	1788811	0.0663279
NODE_696_length_31669_cov_3.428160	183392	2529888	0.0724902
NODE_2374_length_22248_cov_3.335049	167548	1723550	0.097211
NODE_370_length_36789_cov_3.401554	307312	2816824	0.109099
NODE_2389_length_22193_cov_3.339097	142817	1552325	0.092002
NODE_231_length_40711_cov_3.532453	385232	3709799	0.103842
NODE_772_length_30821_cov_3.583979	312054	2584212	0.120754
NODE_2019_length_23392_cov_3.431503	247798	1930250	0.128376
NODE_1631_length_24958_cov_3.486785	371421	2484079	0.149521
NODE_643_length_32163_cov_3.998971	146849	2471608	0.0594144
NODE_687_length_31787_cov_3.681141	330050	2986339	0.11052
NODE_3167_length_20177_cov_3.452784	240362	1656699	0.145085
NODE_2980_length_20575_cov_2.820717	301077	1752753	0.171774
NODE_1840_length_24068_cov_3.717260	224365	2044298	0.109752
NODE_2097_length_23189_cov_4.069857	118295	1759503	0.0672321
NODE_2640_length_21463_cov_3.642295	112417	1547619	0.0726387
NODE_1652_length_24860_cov_3.716651	328910	2336826	0.140751
NODE_1548_length_25343_cov_3.885240	97416	1951299	0.0499237
NODE_81_length_49658_cov_3.293186	810538	5187318	0.156254
NODE_2006_length_23447_cov_3.368940	122117	1709793	0.0714221
NODE_1674_length_24762_cov_3.784819	143802	1868314	0.0769689
NODE_2213_length_22739_cov_3.722659	2204980	9102964	0.242227
NODE_751_length_31020_cov_3.745869	140478	2293063	0.0612622
NODE_62_length_52114_cov_3.985350	314152	3963403	0.0792632
NODE_689_length_31764_cov_3.600221	505237	3192564	0.158254
NODE_2017_length_23402_cov_3.052096	306616	1947512	0.15744
NODE_2916_length_20715_cov_3.748157	242447	2075146	0.116834
NODE_1798_length_24285_cov_3.530141	543342	2622157	0.207212
NODE_705_length_31601_cov_3.534252	393307	3233358	0.12164
NODE_1578_length_25207_cov_3.421539	313944	2052728	0.15294
NODE_3103_length_20284_cov_3.736537	171746	1766368	0.0972312
NODE_1433_length_25956_cov_3.939862	115129	2100687	0.0548054
NODE_1313_length_26598_cov_3.789464	176665	1993544	0.0886186
NODE_2073_length_23259_cov_3.476684	100010	1787088	0.0559625
NODE_222_length_40987_cov_3.563442	268416	2920626	0.0919036
NODE_1367_length_26265_cov_3.615914	184975	2022696	0.0914497
NODE_650_length_32120_cov_4.229787	123884	2477079	0.0500121
NODE_2449_length_22020_cov_3.309794	502020	2287449	0.219467
NODE_327_length_37950_cov_3.605374	349426	3085402	0.113251
NODE_344_length_37485_cov_3.593217	218534	3177847	0.0687679
NODE_2677_length_21398_cov_3.389643	192386	1911371	0.100653
NODE_43_length_56649_cov_3.890769	290005	4287616	0.0676378
NODE_594_length_32893_cov_3.654601	211273	2566781	0.0823105
NODE_2309_length_22453_cov_3.516194	862056	5731506	0.150407
NODE_725_length_31244_cov_3.805266	585479	3207786	0.182518
NODE_740_length_31129_cov_3.603545	242931	2371693	0.102429
NODE_2607_length_21578_cov_3.470879	207034	1714696	0.120741
NODE_757_length_30971_cov_3.718969	196469	2382986	0.0824466
NODE_1831_length_24109_cov_3.330071	283059	1940997	0.145832
NODE_1208_length_27278_cov_3.410758	292648	2586779	0.113132
NODE_660_length_32042_cov_3.780547	1628761	8469000	0.19232
NODE_2508_length_21839_cov_3.473689	227529	1989283	0.114377
NODE_707_length_31583_cov_3.834837	200079	2394407	0.083561
NODE_1724_length_24573_cov_3.442796	146931	1812040	0.081086
NODE_495_length_34242_cov_3.495504	341549	3250251	0.105084
NODE_65_length_51730_cov_3.723499	518932	4469604	0.116102
NODE_1151_length_27648_cov_3.518567	319405	2272582	0.140547
NODE_1252_length_27007_cov_3.269883	601661	2878075	0.20905
NODE_3219_length_20070_cov_3.550949	333610	1846655	0.180656
NODE_956_length_29153_cov_4.064088	202206	2349325	0.0860698
NODE_2486_length_21919_cov_3.267690	210795	1757718	0.119925
NODE_1897_length_23798_cov_6.283725	1489597	9195244	0.161996
NODE_19_length_63044_cov_3.511732	411337	4629669	0.088848
NODE_90_length_48251_cov_3.312220	524150	4293455	0.122081
NODE_1629_length_24970_cov_3.319408	174712	2088718	0.0836456
NODE_1274_length_26845_cov_3.176998	536849	2767516	0.193982
NODE_1683_length_24717_cov_3.436347	425751	2148946	0.198121
NODE_2295_length_22494_cov_3.216923	344474	2061232	0.16712
NODE_2589_length_21623_cov_3.294416	117168	1580697	0.0741243
NODE_565_length_33298_cov_3.490979	224454	2472884	0.0907661
NODE_1231_length_27179_cov_3.707238	138658	1954030	0.07096
NODE_2524_length_21801_cov_3.530919	139583	1746893	0.0799036
NODE_2257_length_22603_cov_3.829541	211213	1748897	0.120769
NODE_1760_length_24457_cov_3.318581	475929	3198185	0.148812
NODE_1908_length_23746_cov_3.334757	144216	1698626	0.0849016
NODE_382_length_36485_cov_4.389216	294838	3381308	0.0871964
NODE_2138_length_23035_cov_4.063089	286584	2265385	0.126506
NODE_544_length_33607_cov_3.709114	559387	3508393	0.159443
NODE_2100_length_23175_cov_3.174684	475113	2640817	0.179911
NODE_1972_length_23539_cov_3.373763	154436	1752435	0.0881265
NODE_2498_length_21865_cov_4.465267	394660	4210176	0.0937395
NODE_551_length_33516_cov_3.487716	119268	2553076	0.0467154
NODE_433_length_35421_cov_3.462148	348597	3022449	0.115336
NODE_285_length_39129_cov_3.880374	250744	2951922	0.0849426
NODE_1607_length_25022_cov_3.665169	152823	2012661	0.0759308
NODE_953_length_29169_cov_3.785587	247398	2407451	0.102763
NODE_608_length_32725_cov_3.566971	346434	2754989	0.125748
NODE_1811_length_24202_cov_3.404763	354171	2760120	0.128317
NODE_238_length_40437_cov_3.889608	492986	3845806	0.128188
NODE_2262_length_22577_cov_3.583103	167697	1829149	0.0916803
NODE_1763_length_24447_cov_3.865697	137159	1846992	0.0742607
NODE_2967_length_20599_cov_3.609268	521747	2494076	0.209195
NODE_279_length_39279_cov_3.387928	483221	3684818	0.131138
NODE_2561_length_21695_cov_4.179385	112531	1644963	0.0684094
NODE_2911_length_20737_cov_3.651081	135070	1666688	0.081041
NODE_1449_length_25894_cov_3.445784	318049	2593681	0.122625
NODE_368_length_36820_cov_3.859944	254666	2887475	0.0881968
NODE_1772_length_24414_cov_3.468024	1132306	4666449	0.242648
NODE_2788_length_21070_cov_3.474846	467213	2567099	0.182
NODE_1326_length_26517_cov_3.592172	232831	2135806	0.109013
NODE_2715_length_21270_cov_3.324784	193878	2190782	0.0884972
NODE_1169_length_27547_cov_3.871612	159307	1933579	0.0823897
NODE_1221_length_27222_cov_3.610699	151670	2143949	0.0707433
NODE_3186_length_20131_cov_3.518071	108998	1490178	0.0731443
NODE_129_length_45051_cov_3.377202	1130461	4586042	0.2465
NODE_1139_length_27697_cov_3.811653	254308	2566087	0.0991034
NODE_2533_length_21782_cov_4.249181	430462	3634523	0.118437
NODE_829_length_30235_cov_3.298281	217503	2346393	0.0926967
NODE_1567_length_25255_cov_3.341787	518015	3792728	0.136581
NODE_1774_length_24401_cov_3.520698	91788	1818566	0.0504727
NODE_1366_length_26277_cov_3.147910	271495	2024417	0.13411
NODE_690_length_31760_cov_3.561448	220840	2482734	0.0889503
NODE_1495_length_25644_cov_3.693874	127021	1857942	0.0683665
NODE_543_length_33611_cov_3.243674	503236	3241211	0.155262
NODE_134_length_44775_cov_3.683096	474082	3883966	0.122061
NODE_2319_length_22429_cov_2.910255	481005	2460789	0.195468
NODE_670_length_31964_cov_3.716335	126438	2471548	0.0511574
NODE_2700_length_21321_cov_3.376496	100695	1547147	0.0650843
NODE_1537_length_25380_cov_3.766900	113932	1899217	0.0599889
NODE_2738_length_21218_cov_3.693451	176641	1745885	0.101176
NODE_2185_length_22833_cov_2.490367	313502	1953130	0.160513
NODE_3047_length_20399_cov_3.181232	128532	1491696	0.086165
NODE_3059_length_20363_cov_3.340801	204650	1665764	0.122857
NODE_2908_length_20743_cov_3.627252	119088	1615123	0.0737331
NODE_1090_length_28071_cov_3.783534	137439	1975635	0.069567
NODE_1542_length_25361_cov_3.495487	215727	2008934	0.107384
NODE_2221_length_22705_cov_3.635760	82147	1620762	0.0506842
NODE_1768_length_24423_cov_4.204983	234328	2663061	0.087992
NODE_2994_length_20532_cov_3.222826	701329	5405782	0.129737
NODE_455_length_34963_cov_3.977685	144149	2655065	0.0542921
NODE_1235_length_27145_cov_2.960401	503463	2332876	0.215812
NODE_2562_length_21694_cov_3.681547	120884	1559948	0.0774923
NODE_2899_length_20760_cov_6.883839	220674	2111062	0.104532
NODE_3200_length_20100_cov_3.612119	473717	2429951	0.194949
NODE_2291_length_22501_cov_3.553388	124025	1772994	0.0699523
NODE_500_length_34196_cov_3.699651	252513	2645836	0.0954379
NODE_742_length_31118_cov_3.617783	422736	2975868	0.142055
NODE_1277_length_26820_cov_4.313723	192600	2045656	0.0941507
NODE_2512_length_21833_cov_2.887780	993434	3745107	0.265262
NODE_449_length_35118_cov_3.601102	259473	2790252	0.0929927
NODE_157_length_43310_cov_3.673162	233866	3110221	0.0751927
NODE_3_length_85606_cov_3.777808	386736	6371303	0.0606997
NODE_2625_length_21502_cov_2.959772	678624	3086589	0.219862
NODE_629_length_32314_cov_4.091665	158729	2267752	0.069994
NODE_2116_length_23109_cov_3.886267	1582000	5657789	0.279615
NODE_2112_length_23127_cov_3.550591	165116	1792737	0.0921027
NODE_2022_length_23386_cov_2.886288	754135	2768553	0.272393
NODE_213_length_41242_cov_3.631092	191115	3133453	0.0609918
NODE_759_length_30956_cov_3.465048	193188	2347512	0.0822948
NODE_2065_length_23288_cov_3.860969	1921335	9058459	0.212104
NODE_1867_length_23946_cov_3.728855	122009	1721333	0.0708805
NODE_2391_length_22190_cov_3.368883	230892	2004094	0.11521
NODE_1340_length_26469_cov_3.830110	1289380	5452431	0.236478
NODE_1940_length_23658_cov_3.196910	1091068	4655995	0.234336
NODE_2822_length_20973_cov_3.419278	230631	1688020	0.136628
NODE_1386_length_26182_cov_3.429360	827244	3509798	0.235696
NODE_56_length_53083_cov_3.770478	359180	4088261	0.0878564
NODE_1452_length_25871_cov_5.737001	2933800	17243623	0.170138
NODE_1301_length_26692_cov_4.080284	206263	2177246	0.0947357
NODE_1926_length_23704_cov_3.935437	679751	5664139	0.12001
NODE_2725_length_21240_cov_3.337874	235067	1722025	0.136506
NODE_2326_length_22406_cov_3.347828	166092	1803991	0.0920692
NODE_1411_length_26057_cov_3.844711	93585	1943067	0.0481635
NODE_1624_length_24980_cov_3.696757	127836	1879896	0.0680016
NODE_1524_length_25474_cov_3.756138	254006	2491402	0.101953
NODE_1215_length_27233_cov_3.611005	144091	2074820	0.0694475
NODE_2317_length_22433_cov_3.592639	211167	2047089	0.103155
NODE_1739_length_24534_cov_3.459832	167899	1785334	0.0940435
NODE_2940_length_20663_cov_3.791334	99513	1526301	0.0651988
NODE_2921_length_20704_cov_3.456151	243537	1780827	0.136755
NODE_25_length_62424_cov_3.351657	612058	5069881	0.120724
NODE_2688_length_21360_cov_3.630168	422120	2507274	0.168358
NODE_2492_length_21878_cov_3.648193	75227	1631165	0.0461186
NODE_2247_length_22634_cov_3.429687	226239	1751686	0.129155
NODE_3083_length_20326_cov_5.305186	1748317	12144125	0.143964
NODE_2404_length_22159_cov_3.129193	235303	1751083	0.134376
NODE_1293_length_26755_cov_3.414016	221411	2224135	0.0995493
NODE_1374_length_26231_cov_3.240433	221619	2130824	0.104006
NODE_380_length_36507_cov_3.656367	188483	2745445	0.068653
NODE_1917_length_23718_cov_3.465981	337954	2075083	0.162863
NODE_1719_length_24592_cov_3.465031	167705	1935336	0.0866542
NODE_672_length_31924_cov_3.569144	199194	2345930	0.0849105
NODE_1442_length_25919_cov_3.922153	167855	1955875	0.0858209
NODE_338_length_37640_cov_3.878746	232854	3035162	0.0767188
NODE_2702_length_21318_cov_3.777039	94441	1596460	0.0591565
NODE_1183_length_27449_cov_3.639013	209164	2268521	0.0922028
NODE_3037_length_20425_cov_3.723851	101612	1464819	0.0693683
NODE_516_length_33971_cov_3.799539	164398	2505939	0.0656034
NODE_348_length_37430_cov_3.625994	356158	3044239	0.116994
NODE_1950_length_23628_cov_3.900761	897412	4160553	0.215695
NODE_2575_length_21675_cov_3.076613	117665	1604356	0.073341
NODE_654_length_32101_cov_3.663396	260731	2733218	0.0953934
NODE_3041_length_20417_cov_3.464120	136022	1386704	0.0980901
NODE_827_length_30241_cov_3.595813	123519	2238859	0.0551705
NODE_492_length_34336_cov_3.404212	652274	3877122	0.168237
NODE_2014_length_23412_cov_3.260970	427092	2334923	0.182915
NODE_941_length_29241_cov_3.426189	164203	2122726	0.0773548
NODE_1959_length_23610_cov_3.622390	127055	1872720	0.0678452
NODE_3007_length_20499_cov_3.426912	237605	1825815	0.130136
NODE_1928_length_23700_cov_3.483793	171636	1924362	0.0891911
NODE_2042_length_23342_cov_3.795465	200117	1803928	0.110934
NODE_713_length_31485_cov_3.390110	225305	2562837	0.0879123
NODE_809_length_30432_cov_3.868790	274294	2544590	0.107795
NODE_1635_length_24941_cov_3.646607	190383	1982890	0.0960129
NODE_1076_length_28172_cov_3.504862	145153	2168579	0.0669346
NODE_2596_length_21611_cov_2.982057	160742	1625003	0.098918
NODE_1408_length_26063_cov_3.327839	169370	2028027	0.0835147
NODE_684_length_31824_cov_3.764003	159532	2357292	0.067676
NODE_1729_length_24559_cov_3.582952	225271	1976483	0.113976
NODE_245_length_40162_cov_3.283553	412518	3218213	0.128182
NODE_1040_length_28400_cov_3.310554	216008	2122420	0.101774
NODE_863_length_29820_cov_4.010228	186540	2247031	0.0830162
NODE_1241_length_27065_cov_3.500297	270102	2024915	0.133389
NODE_1158_length_27621_cov_3.746821	178862	1966605	0.0909496
NODE_1396_length_26132_cov_3.434372	300934	2259659	0.133177
NODE_3044_length_20402_cov_4.037433	208612	1671729	0.124788
NODE_2199_length_22786_cov_3.685679	167365	1739939	0.0961902
NODE_1981_length_23520_cov_3.441996	130572	1749283	0.0746432
NODE_2482_length_21925_cov_3.670897	324484	2104348	0.154197
NODE_1716_length_24602_cov_3.560258	269565	2170758	0.12418
NODE_1173_length_27537_cov_3.381041	385265	2269579	0.169752
NODE_387_length_36387_cov_3.648093	245858	2684661	0.0915788
NODE_1037_length_28403_cov_3.410260	207017	2267932	0.0912801
NODE_2923_length_20700_cov_3.692685	112085	1532699	0.0731292
NODE_3222_length_20061_cov_3.732392	118479	1489099	0.0795642
NODE_2591_length_21616_cov_3.732769	275287	2107428	0.130627
NODE_2290_length_22503_cov_3.638279	69793	1734317	0.0402424
NODE_225_length_40865_cov_3.547196	359544	3536863	0.101656
NODE_957_length_29142_cov_3.489481	120152	2118263	0.0567219
NODE_644_length_32161_cov_4.057638	139196	2341699	0.0594423
NODE_1916_length_23719_cov_3.565495	773792	3455454	0.223934
NODE_2618_length_21515_cov_2.944294	287067	2133565	0.134548
NODE_2443_length_22046_cov_3.050303	225486	1887115	0.119487
NODE_3118_length_20261_cov_3.103214	222690	1651861	0.134812
NODE_1653_length_24849_cov_3.727030	127088	2003576	0.0634306
NODE_2775_length_21102_cov_3.442270	217979	1845486	0.118115
NODE_1207_length_27288_cov_3.534885	250873	2346053	0.106934
NODE_1818_length_24161_cov_3.234561	548364	2739518	0.200168
NODE_456_length_34940_cov_3.906604	157194	2666477	0.0589519
NODE_1197_length_27353_cov_3.708410	179425	2065178	0.0868811
NODE_2605_length_21585_cov_3.321279	146583	1557346	0.0941236
NODE_2926_length_20689_cov_3.710539	336041	1954281	0.171951
NODE_229_length_40732_cov_4.100485	187837	3106861	0.0604588
NODE_1630_length_24961_cov_3.597900	181254	1815431	0.0998408
NODE_1428_length_25972_cov_4.008580	425526	2517440	0.169031
NODE_3032_length_20438_cov_3.690349	203387	1868931	0.108825
NODE_1377_length_26216_cov_4.152238	466849	3277904	0.142423
NODE_517_length_33964_cov_3.838949	303229	3337196	0.0908634
NODE_3208_length_20088_cov_3.543649	298793	1789706	0.166951
NODE_1098_length_28020_cov_3.371727	164638	2250245	0.0731645
NODE_474_length_34578_cov_3.635227	397383	3196538	0.124317
NODE_1534_length_25393_cov_3.673124	102789	1812529	0.0567103
NODE_32_length_59289_cov_3.442845	602576	4925067	0.122349
NODE_397_length_36060_cov_3.947082	394668	3475193	0.113567
NODE_1162_length_27605_cov_4.986621	1399768	8129859	0.172176
NODE_144_length_44076_cov_3.987448	711132	5406210	0.13154
NODE_796_length_30647_cov_3.546844	669738	4000440	0.167416
NODE_2032_length_23366_cov_3.413332	154634	1907480	0.0810672
NODE_3021_length_20463_cov_3.318356	163602	1659773	0.0985689
NODE_1942_length_23651_cov_3.065175	596544	3073650	0.194083
NODE_1856_length_23988_cov_3.840889	414417	3141393	0.131921
NODE_2008_length_23441_cov_3.155000	1144857	6578589	0.174028
NODE_1925_length_23707_cov_3.891096	285358	2099193	0.135937
NODE_2045_length_23332_cov_3.486334	162475	1929979	0.0841849
NODE_1376_length_26219_cov_3.444985	320945	2353307	0.13638
NODE_179_length_42489_cov_3.782284	455652	3504851	0.130006
NODE_2040_length_23348_cov_3.764635	117873	1774781	0.0664155
NODE_2897_length_20763_cov_7.886469	1619092	14032080	0.115385
NODE_2840_length_20918_cov_3.659206	99892	1428275	0.0699389
NODE_1125_length_27781_cov_3.615021	183435	2154162	0.0851538
NODE_522_length_33918_cov_3.752181	133318	2513068	0.0530499
NODE_712_length_31540_cov_3.844089	170270	2550840	0.0667506
NODE_1747_length_24501_cov_3.474920	146770	1879772	0.0780786
NODE_1932_length_23690_cov_3.097622	353990	2076981	0.170435
NODE_2071_length_23263_cov_3.696037	116012	1773782	0.0654038
NODE_496_length_34237_cov_4.007060	1186933	9140743	0.129851
NODE_2629_length_21484_cov_3.397849	119471	1674951	0.0713281
NODE_374_length_36763_cov_3.771711	179309	2779304	0.0645158
NODE_3072_length_20343_cov_3.469472	174811	1692505	0.103285
NODE_1352_length_26365_cov_3.657923	109443	2045245	0.0535109
NODE_2581_length_21657_cov_3.751276	181408	1681379	0.107892
NODE_1695_length_24660_cov_3.839502	396623	2304862	0.172081
NODE_1431_length_25966_cov_4.131944	715123	4857704	0.147214
NODE_2402_length_22160_cov_3.442138	193096	1872951	0.103097
NODE_2877_length_20809_cov_3.408064	140262	1684381	0.0832721
NODE_1538_length_25369_cov_2.876652	569121	2828122	0.201236
NODE_3224_length_20059_cov_2.904810	1357112	5286383	0.256718
NODE_708_length_31581_cov_3.200591	1036903	4676967	0.221704
NODE_2216_length_22717_cov_3.288841	214932	1753847	0.122549
NODE_288_length_39096_cov_3.478780	240435	2965819	0.0810687
NODE_23_length_62712_cov_3.854311	400315	4454769	0.0898621
NODE_1259_length_26961_cov_3.629886	410239	2742038	0.149611
NODE_3140_length_20220_cov_2.846081	428672	2066415	0.207447
NODE_614_length_32600_cov_3.548291	1002295	5004782	0.200267
NODE_1577_length_25216_cov_3.698611	183525	2034208	0.0902194
NODE_3188_length_20129_cov_3.271493	282490	1727530	0.163522
NODE_1750_length_24488_cov_3.730452	652166	4129042	0.157946
NODE_295_length_38819_cov_3.632800	340700	3383563	0.100693
NODE_317_length_38305_cov_3.427446	1242486	7594942	0.163594
NODE_38_length_57309_cov_3.381769	403929	4508893	0.089585
NODE_2849_length_20897_cov_3.181700	158411	1622423	0.0976385
NODE_2536_length_21769_cov_3.682787	107211	1624049	0.0660146
NODE_2996_length_20529_cov_3.591630	361477	2492157	0.145046
NODE_1251_length_27016_cov_3.474087	143889	2210747	0.0650861
NODE_1902_length_23774_cov_3.562872	312443	2254931	0.13856
NODE_54_length_53363_cov_3.365613	613826	4602770	0.13336
NODE_2243_length_22647_cov_3.440970	641655	4013173	0.159887
NODE_3064_length_20355_cov_3.221860	275246	1949748	0.14117
NODE_3250_length_20002_cov_3.137617	334357	1806658	0.185069
NODE_1275_length_26832_cov_3.682378	152206	2003807	0.0759584
NODE_458_length_34926_cov_3.805668	212913	2705078	0.0787086
NODE_988_length_28845_cov_3.670424	374435	2454136	0.152573
NODE_3006_length_20500_cov_3.750846	81252	1616794	0.050255
NODE_471_length_34642_cov_3.458877	287995	2697301	0.106772
NODE_1371_length_26259_cov_3.986927	134682	2053081	0.0655999
NODE_2572_length_21680_cov_3.501043	279701	2246158	0.124524
NODE_1438_length_25934_cov_3.228953	504986	3577324	0.141163
NODE_2950_length_20634_cov_3.835159	61242	1493989	0.0409923
NODE_1502_length_25622_cov_2.993379	231037	2015607	0.114624
NODE_1757_length_24459_cov_3.322167	201832	2049027	0.0985014
NODE_2157_length_22931_cov_3.939208	289658	1990773	0.1455
NODE_679_length_31882_cov_3.587232	299640	2630557	0.113907
NODE_1109_length_27878_cov_3.688830	239259	2239051	0.106857
NODE_1852_length_24016_cov_3.897270	365700	2515442	0.145382
NODE_2228_length_22692_cov_3.831895	96066	1743999	0.0550837
NODE_1295_length_26727_cov_3.745569	367746	2586354	0.142187
NODE_250_length_39967_cov_3.767332	186529	2919188	0.0638976
NODE_2308_length_22454_cov_10.439410	1532620	10899717	0.140611
NODE_1388_length_26161_cov_3.247372	991123	4036235	0.245556
NODE_1587_length_25142_cov_3.559757	500204	2600917	0.192318
NODE_541_length_33641_cov_3.232604	209822	2570760	0.0816187
NODE_41_length_56896_cov_3.794549	242143	4212767	0.0574784
NODE_429_length_35545_cov_3.252892	367865	2690069	0.136749
NODE_3002_length_20521_cov_3.396141	213423	2143161	0.0995833
NODE_147_length_43781_cov_3.775628	557166	4296472	0.12968
NODE_1492_length_25661_cov_3.053087	791806	3382236	0.234107
NODE_2489_length_21893_cov_3.515050	151773	1726609	0.0879024
NODE_416_length_35835_cov_3.730748	319584	3134892	0.101944
NODE_877_length_29719_cov_3.604659	493095	4518962	0.109117
NODE_1541_length_25363_cov_3.426813	486566	2548467	0.190925
NODE_1422_length_25996_cov_3.577982	388297	2719196	0.142798
NODE_867_length_29782_cov_3.160732	874810	3246806	0.269437
NODE_837_length_30141_cov_4.031556	114963	2268180	0.0506851
NODE_2111_length_23128_cov_4.136654	127032	1784719	0.0711776
NODE_2955_length_20626_cov_3.322307	135221	1477190	0.0915393
NODE_519_length_33947_cov_3.367200	254519	2688764	0.0946602
NODE_2755_length_21153_cov_3.567873	167028	1721566	0.097021
NODE_24_length_62654_cov_3.829382	308708	4864526	0.0634611
NODE_2743_length_21206_cov_2.881982	309353	1761282	0.175641
NODE_2441_length_22049_cov_3.609066	105930	1497340	0.0707455
NODE_2438_length_22055_cov_3.643423	118936	1633024	0.0728318
NODE_2942_length_20653_cov_3.836771	148379	1500125	0.0989111
NODE_1994_length_23468_cov_3.332749	192324	1736251	0.11077
NODE_140_length_44451_cov_3.709641	166096	3397258	0.0488912
NODE_846_length_30004_cov_3.658117	123391	2205673	0.0559426
NODE_2313_length_22449_cov_3.598389	175681	1900386	0.0924449
NODE_1013_length_28706_cov_3.768833	149781	2212582	0.0676951
NODE_259_length_39722_cov_3.510991	1053437	5129782	0.205357
NODE_227_length_40785_cov_3.573318	312020	3316935	0.0940688
NODE_1918_length_23717_cov_3.687653	160100	1874916	0.0853905
NODE_1712_length_24613_cov_3.552174	437555	2705589	0.161723
NODE_1839_length_24069_cov_3.158114	348530	2171878	0.160474
NODE_798_length_30630_cov_3.685336	316714	2940191	0.107719
NODE_1348_length_26379_cov_3.589155	149725	2050188	0.0730299
NODE_832_length_30204_cov_3.928450	389788	2917501	0.133603
NODE_2818_length_20985_cov_3.544336	236181	1845841	0.127953
NODE_2518_length_21820_cov_3.185627	190390	1714344	0.111057
NODE_578_length_33103_cov_3.520543	423372	2868850	0.147576
NODE_1748_length_24493_cov_3.514635	172874	1932293	0.0894657
NODE_1769_length_24420_cov_2.934707	182710	2033424	0.0898534
NODE_994_length_28797_cov_3.595756	180769	2101588	0.0860154
NODE_2988_length_20546_cov_3.463540	345717	2590289	0.133467
NODE_874_length_29728_cov_3.595498	129976	2111049	0.0615694
NODE_3008_length_20495_cov_3.849922	305778	2711177	0.112784
NODE_2341_length_22350_cov_3.883556	99679	1605165	0.0620989
NODE_1877_length_23901_cov_3.679355	128610	1770959	0.0726217
NODE_88_length_48717_cov_3.474721	567053	4851940	0.116871
NODE_820_length_30298_cov_3.381900	430411	3244945	0.13264
NODE_845_length_30023_cov_3.858274	132753	2254384	0.0588866
NODE_2546_length_21729_cov_3.078410	1306362	3741770	0.349129
NODE_2997_length_20528_cov_3.679231	660775	2883267	0.229176
NODE_422_length_35700_cov_3.767535	317764	2896721	0.109698
NODE_1989_length_23482_cov_3.376983	229963	1978423	0.116236
NODE_2927_length_20688_cov_3.928214	80576	1515432	0.0531703
NODE_2949_length_20634_cov_4.185586	192512	1745848	0.110268
NODE_790_length_30673_cov_3.551907	295437	2475585	0.11934
NODE_2852_length_20894_cov_3.483434	143999	1508500	0.0954584
NODE_2650_length_21447_cov_3.301105	132401	1582560	0.0836625
NODE_1625_length_24974_cov_3.480322	903397	11397364	0.0792637
NODE_366_length_36851_cov_3.331193	282804	2970333	0.0952095
NODE_1828_length_24123_cov_3.667125	719439	3692809	0.194822
NODE_1189_length_27409_cov_3.692237	723079	4059233	0.178132
NODE_1204_length_27314_cov_3.533382	208699	2298028	0.0908166
NODE_773_length_30820_cov_3.346115	210875	2456989	0.0858266
NODE_228_length_40757_cov_3.913252	203815	3111298	0.065508
NODE_2611_length_21557_cov_3.282133	337021	2110245	0.159707
NODE_945_length_29213_cov_3.570104	158987	2291305	0.0693871
NODE_2943_length_20653_cov_3.416756	166871	1646195	0.101368
NODE_1974_length_23529_cov_3.499531	795709	3334268	0.238646
NODE_3146_length_20211_cov_3.492741	66502	1552159	0.0428448
NODE_920_length_29378_cov_3.725093	345563	2604586	0.132675
NODE_1668_length_24785_cov_3.520335	120354	1869554	0.0643758
NODE_448_length_35139_cov_3.420919	216919	2596321	0.0835486
NODE_14_length_68017_cov_3.523101	745562	5834996	0.127774
NODE_2366_length_22271_cov_3.992017	164382	1767640	0.0929952
NODE_3109_length_20277_cov_3.196303	167684	1569126	0.106865
NODE_2723_length_21252_cov_4.020895	174958	1678983	0.104205
NODE_2191_length_22809_cov_3.433994	160975	1750458	0.0919616
NODE_3076_length_20335_cov_3.436895	292817	2202431	0.132952
NODE_1864_length_23961_cov_3.508759	902842	4672736	0.193215
NODE_2928_length_20685_cov_5.156126	333671	2661341	0.125377
NODE_789_length_30692_cov_3.573236	438344	3036942	0.144337
NODE_2003_length_23455_cov_3.684706	350285	2100249	0.166783
NODE_1263_length_26955_cov_3.612452	350453	2346265	0.149366
NODE_1227_length_27201_cov_3.868017	322119	3048806	0.105654
NODE_2274_length_22542_cov_3.652230	185303	1801560	0.102857
NODE_1892_length_23816_cov_3.164566	389802	2573751	0.151453
NODE_523_length_33904_cov_3.790445	169791	2604164	0.0651998
NODE_2150_length_22960_cov_3.690915	156587	1686768	0.0928326
NODE_940_length_29259_cov_3.399554	217563	2196842	0.0990344
NODE_1951_length_23627_cov_3.914272	232548	2020052	0.11512
NODE_1573_length_25228_cov_3.336424	274389	2036094	0.134762
NODE_1564_length_25270_cov_3.214135	159046	1828973	0.0869592
NODE_2752_length_21158_cov_3.666176	380327	2960327	0.128475
NODE_2155_length_22933_cov_4.226461	166215	1777321	0.09352
NODE_1426_length_25986_cov_3.608027	157035	1952777	0.0804162
NODE_465_length_34787_cov_3.539322	180665	2529433	0.0714251
NODE_1370_length_26260_cov_3.728298	172883	1811552	0.0954336
NODE_2251_length_22621_cov_3.102566	152066	1631431	0.0932102
NODE_1463_length_25817_cov_3.556731	90729	1810644	0.0501087
NODE_1043_length_28396_cov_3.864473	171290	2265301	0.0756147
NODE_1755_length_24473_cov_3.381349	238659	2381449	0.100216
NODE_1487_length_25670_cov_3.626100	138436	1867302	0.0741369
NODE_1890_length_23822_cov_3.607259	163841	1851432	0.0884942
NODE_1041_length_28398_cov_3.581363	118287	2005477	0.058982
NODE_532_length_33758_cov_3.531388	123254	2658459	0.0463629
NODE_2811_length_21001_cov_3.640848	270067	2118479	0.127482
NODE_683_length_31830_cov_3.674293	253094	2579870	0.0981034
NODE_282_length_39234_cov_3.482305	264077	3114469	0.0847904
NODE_2413_length_22127_cov_5.007127	495501	4538362	0.109181
NODE_322_length_38060_cov_3.526303	297509	2753224	0.108058
NODE_756_length_30972_cov_4.051210	118690	2279253	0.0520741
NODE_2386_length_22198_cov_3.889678	259759	1972309	0.131703
NODE_3082_length_20327_cov_3.557692	152012	1584642	0.0959283
NODE_3217_length_20075_cov_3.481578	242391	1777343	0.136378
NODE_1744_length_24522_cov_3.567784	181156	1912398	0.0947271
NODE_558_length_33451_cov_3.738696	186029	2633061	0.0706512
NODE_69_length_51328_cov_3.655859	373796	4107821	0.0909962
NODE_592_length_32914_cov_3.643791	236214	2625893	0.0899557
NODE_1845_length_24054_cov_2.999332	667175	2702854	0.246841
NODE_1599_length_25057_cov_4.470110	284138	2331115	0.121889
NODE_95_length_47810_cov_3.397267	354208	3771959	0.0939056
NODE_1821_length_24146_cov_3.304030	177238	1778143	0.0996759
NODE_1832_length_24107_cov_3.186355	289767	2046901	0.141564
NODE_2214_length_22724_cov_3.492376	163470	1830629	0.0892972
NODE_2759_length_21132_cov_3.062949	2001542	14458205	0.138436
NODE_2396_length_22180_cov_3.959105	108571	1580053	0.0687135
NODE_2215_length_22722_cov_2.987623	539231	2361811	0.228313
NODE_1804_length_24237_cov_3.324675	135327	1908893	0.0708929
NODE_1682_length_24722_cov_3.774073	240339	2060797	0.116624
NODE_2477_length_21950_cov_3.560844	633545	2510594	0.252349
NODE_931_length_29316_cov_3.481672	272603	2232964	0.122081
NODE_577_length_33142_cov_3.563478	312767	2693051	0.116139
NODE_2339_length_22359_cov_3.422417	497177	2288668	0.217234
NODE_1485_length_25682_cov_3.579447	237445	2066133	0.114922
NODE_1497_length_25640_cov_3.351278	251866	2084705	0.120816
NODE_1091_length_28055_cov_3.518207	166629	2071912	0.0804228
NODE_2900_length_20760_cov_4.118339	218480	1970940	0.110851
NODE_3017_length_20467_cov_3.485909	1042191	5923960	0.175928
NODE_2615_length_21528_cov_3.567035	171259	1445229	0.1185
NODE_2361_length_22279_cov_3.720604	134702	1562229	0.0862242
NODE_2333_length_22375_cov_3.901823	467942	2338069	0.20014
NODE_1745_length_24510_cov_3.671951	438208	2751553	0.159258
NODE_2586_length_21630_cov_3.383447	317893	2253339	0.141076
NODE_2977_length_20575_cov_3.893876	76226	1566491	0.0486603
NODE_1103_length_27962_cov_3.749453	241073	2206953	0.109233
NODE_2211_length_22751_cov_3.986491	2273629	8292527	0.274178
NODE_2049_length_23325_cov_3.614096	184486	1766732	0.104422
NODE_868_length_29771_cov_3.247102	142871	2259166	0.0632406
NODE_2318_length_22429_cov_3.686923	214332	1816620	0.117984
NODE_276_length_39313_cov_3.937930	257324	2961299	0.0868956
NODE_2208_length_22761_cov_3.688774	97631	1796815	0.0543356
NODE_1693_length_24666_cov_3.593235	1738197	10652163	0.163178
NODE_2937_length_20672_cov_3.236815	421967	2171486	0.194322
NODE_2135_length_23038_cov_3.238502	173174	1729197	0.100147
NODE_659_length_32043_cov_3.497120	640702	4197913	0.152624
NODE_2827_length_20958_cov_3.668345	145365	1709690	0.0850242
NODE_1973_length_23529_cov_3.910414	105037	1825121	0.0575507
NODE_2302_length_22463_cov_3.692944	127404	1613679	0.0789525
NODE_2219_length_22709_cov_3.270942	349332	2165898	0.161287
NODE_1228_length_27197_cov_3.409514	235419	2292691	0.102682
NODE_2628_length_21498_cov_3.664751	116670	1550397	0.0752517
NODE_379_length_36662_cov_3.885130	305128	3093946	0.098621
NODE_2737_length_21221_cov_3.258688	209196	1850057	0.113075
NODE_115_length_45814_cov_3.603106	585791	3827285	0.153057
NODE_2354_length_22296_cov_2.952606	326624	2011472	0.162381
NODE_207_length_41361_cov_3.636179	282713	3218326	0.0878447
NODE_2758_length_21134_cov_3.186213	553018	2184640	0.253139
NODE_1905_length_23762_cov_3.445717	201413	1877167	0.107296
NODE_1961_length_23593_cov_3.519877	137305	1663061	0.0825616
NODE_951_length_29173_cov_3.647107	255409	2454280	0.104067
NODE_432_length_35518_cov_3.568000	157552	2499523	0.0630328
NODE_22_length_62893_cov_3.681482	621138	5471183	0.113529
NODE_2729_length_21228_cov_3.903782	124540	1720233	0.0723972
NODE_2206_length_22764_cov_3.504434	207008	1935685	0.106943
NODE_1879_length_23888_cov_3.294338	139550	1710737	0.081573
NODE_102_length_46763_cov_3.799246	273228	3528276	0.0774395
NODE_1494_length_25658_cov_3.491295	139481	1886625	0.0739315
NODE_2419_length_22100_cov_3.439935	131743	1724813	0.076381
NODE_1992_length_23474_cov_3.605305	116422	1710077	0.06808
NODE_557_length_33460_cov_3.000779	414043	2830035	0.146303
NODE_183_length_42389_cov_3.371128	459298	3691107	0.124434
NODE_596_length_32863_cov_3.246002	353384	2715863	0.130118
NODE_1168_length_27558_cov_3.399942	154388	1946241	0.0793262
NODE_1589_length_25135_cov_3.179182	261264	1950814	0.133926
NODE_595_length_32883_cov_3.400165	393735	2708910	0.145348
NODE_570_length_33259_cov_4.037425	159764	2460224	0.0649388
NODE_2687_length_21361_cov_3.530383	124778	1580818	0.0789326
NODE_2483_length_21924_cov_3.444399	112357	1568227	0.0716459
NODE_878_length_29704_cov_6.067556	1182779	15552052	0.0760529
NODE_1381_length_26211_cov_4.198032	533541	3634355	0.146805
NODE_1406_length_26076_cov_3.616584	172309	1995180	0.0863626
NODE_2430_length_22073_cov_3.833166	621269	3508136	0.177094
NODE_46_length_55383_cov_3.867213	235816	4102195	0.0574853
NODE_515_length_33981_cov_7.377575	698431	5374936	0.129942
NODE_1647_length_24896_cov_3.991209	179739	2074038	0.0866614
NODE_2296_length_22489_cov_4.088209	132015	2008754	0.0657198
NODE_194_length_41962_cov_3.628741	302434	3057470	0.0989164
NODE_243_length_40212_cov_3.498691	355742	3026892	0.117527
NODE_2819_length_20982_cov_3.960207	234683	1942354	0.120824
NODE_3213_length_20083_cov_4.498649	313453	2167499	0.144615
NODE_567_length_33279_cov_3.338608	361023	3012130	0.119856
NODE_1970_length_23544_cov_3.486031	144575	1745687	0.0828184
NODE_520_length_33930_cov_3.127930	930893	4719001	0.197265
NODE_1338_length_26486_cov_3.653238	111367	1952150	0.0570484
NODE_1977_length_23525_cov_3.497994	681380	2904929	0.23456
NODE_262_length_39671_cov_3.649171	314277	3187029	0.0986113
NODE_1486_length_25675_cov_3.323467	218134	2096169	0.104063
NODE_2998_length_20527_cov_3.495154	617137	2956865	0.208713
NODE_407_length_35932_cov_3.563810	296131	2921736	0.101354
NODE_2337_length_22362_cov_3.774649	115676	1751964	0.0660265
NODE_2664_length_21428_cov_3.523888	158826	1792311	0.0886152
NODE_1246_length_27049_cov_3.483377	129654	1981971	0.0654167
NODE_2369_length_22266_cov_3.629991	190311	1714579	0.110996
NODE_2105_length_23145_cov_3.964115	126402	1708050	0.0740037
NODE_1096_length_28028_cov_3.960650	321634	2800881	0.114833
NODE_1330_length_26515_cov_3.181481	735480	2855689	0.257549
NODE_1531_length_25414_cov_3.222635	312522	2179867	0.143367
NODE_2347_length_22311_cov_4.299478	264448	1959321	0.134969
NODE_2108_length_23135_cov_5.064030	1164423	6799811	0.171243
NODE_1707_length_24621_cov_3.520227	176700	1832272	0.0964376
NODE_1791_length_24342_cov_3.737367	140922	1831728	0.0769339
NODE_1642_length_24903_cov_3.534954	264365	2055677	0.128602
NODE_883_length_29655_cov_3.139870	218189	2444210	0.0892677
NODE_272_length_39470_cov_3.597318	512505	3552061	0.144284
NODE_223_length_40943_cov_3.337038	698435	4136842	0.168833
NODE_526_length_33855_cov_4.028262	183483	2439813	0.0752037
NODE_1166_length_27567_cov_3.729940	186093	2300298	0.0808995
NODE_3154_length_20203_cov_3.743086	188985	1849329	0.102191
NODE_1516_length_25530_cov_3.571271	156137	1978828	0.0789038
NODE_419_length_35718_cov_4.023330	228061	2710766	0.0841316
NODE_1944_length_23646_cov_3.491145	143721	1752374	0.082015
NODE_598_length_32824_cov_3.489656	709682	4372437	0.162308
NODE_415_length_35838_cov_3.617337	289723	2705085	0.107103
NODE_3144_length_20212_cov_3.460299	59731	1578404	0.0378427
NODE_3247_length_20005_cov_3.584849	569414	2572995	0.221304
NODE_865_length_29788_cov_3.952946	214007	2434605	0.0879021
NODE_774_length_30803_cov_3.292340	368823	2423092	0.152212
NODE_1808_length_24225_cov_3.349540	129118	1813751	0.0711884
NODE_1979_length_23522_cov_3.458353	179609	1844628	0.0973687
NODE_981_length_28913_cov_3.515062	4665606	11118370	0.41963
NODE_2068_length_23278_cov_3.393071	370100	2637463	0.140324
NODE_1292_length_26755_cov_3.507766	158156	2114957	0.0747798
NODE_1678_length_24744_cov_3.521079	194891	1932985	0.100824
NODE_585_length_32950_cov_4.229856	223751	2780449	0.080473
NODE_1753_length_24480_cov_3.537181	151529	1762422	0.0859777
NODE_3238_length_20027_cov_3.235598	280101	1753498	0.159738
NODE_622_length_32452_cov_3.413037	349078	2727865	0.127967
NODE_664_length_32017_cov_3.449464	300410	2693160	0.111546
NODE_1018_length_28649_cov_3.858984	247452	2905963	0.0851532
NODE_1709_length_24618_cov_3.105632	345823	2133913	0.16206
NODE_1919_length_23717_cov_3.651749	580779	3020896	0.192254
NODE_2560_length_21699_cov_3.268241	180341	1748456	0.103143
NODE_2370_length_22263_cov_3.691391	568319	2915179	0.194952
NODE_1949_length_23629_cov_3.309222	297487	2028696	0.14664
NODE_2571_length_21684_cov_3.319435	230809	1769067	0.130469
NODE_3104_length_20282_cov_3.412674	656207	3244320	0.202263
NODE_2501_length_21860_cov_3.694270	120191	1648187	0.0729232
NODE_273_length_39434_cov_3.481912	256560	3120835	0.0822088
NODE_1440_length_25925_cov_3.207310	248457	2113005	0.117585
NODE_2952_length_20631_cov_3.428210	175442	1616224	0.108551
NODE_954_length_29169_cov_3.696938	216635	2371396	0.0913534
NODE_1670_length_24778_cov_3.300660	303649	2247430	0.135109
NODE_1835_length_24096_cov_3.445306	147060	1703075	0.0863497
NODE_1299_length_26717_cov_3.870088	198965	2444698	0.0813863
NODE_1507_length_25597_cov_3.191113	672714	2941022	0.228735
NODE_70_length_51005_cov_3.310749	735633	4629933	0.158886
NODE_2685_length_21367_cov_3.683280	152394	1588179	0.0959552
NODE_1728_length_24562_cov_3.621633	179318	1886461	0.0950552
NODE_1046_length_28376_cov_3.732645	165231	2099004	0.0787188
NODE_414_length_35866_cov_3.536612	255996	2660689	0.0962142
NODE_3022_length_20462_cov_2.953249	995097	3436352	0.289579
NODE_1462_length_25820_cov_3.296062	1174489	5728322	0.205032
NODE_2047_length_23330_cov_4.408807	165665	1871984	0.088497
NODE_1351_length_26370_cov_3.313083	118932	1893121	0.0628232
NODE_550_length_33517_cov_3.740589	164328	2508952	0.0654967
NODE_2322_length_22414_cov_3.636298	122771	1607068	0.0763944
NODE_1035_length_28435_cov_3.580463	142157	2052912	0.0692465
NODE_825_length_30259_cov_3.428846	513842	2877812	0.178553
NODE_2519_length_21819_cov_3.836510	107749	1655518	0.0650848
NODE_1311_length_26612_cov_5.046392	603437	5713238	0.105621
NODE_475_length_34571_cov_3.439690	562440	3726626	0.150925
NODE_2415_length_22120_cov_3.141410	675278	3110502	0.217096
NODE_1736_length_24543_cov_3.358657	244984	1975355	0.12402
NODE_521_length_33921_cov_3.582816	400468	2789824	0.143546
NODE_897_length_29569_cov_3.511910	190295	2229380	0.0853578
NODE_2434_length_22064_cov_3.681220	66501	1677344	0.0396466
NODE_926_length_29350_cov_3.459335	250919	2562968	0.0979017
NODE_1053_length_28329_cov_3.280871	170327	1955945	0.0870817
NODE_2202_length_22771_cov_4.021745	368733	2330967	0.158189
NODE_405_length_35962_cov_3.781390	128962	2660894	0.0484657
NODE_2538_length_21759_cov_3.764497	102889	1625100	0.0633124
NODE_2642_length_21459_cov_2.958380	436536	1951581	0.223683
NODE_5_length_79200_cov_3.872239	338287	5912534	0.0572152
NODE_1245_length_27050_cov_3.836555	916087	6485787	0.141245
NODE_1225_length_27214_cov_3.479071	167431	2057773	0.0813651
NODE_1971_length_23540_cov_3.464869	182308	1851158	0.0984832
NODE_800_length_30588_cov_3.950572	173510	2280816	0.0760737
NODE_2367_length_22271_cov_3.644010	170153	1820041	0.0934886
NODE_537_length_33687_cov_3.460998	188752	2484043	0.0759858
NODE_1094_length_28041_cov_3.287238	635761	3141924	0.202348
NODE_999_length_28766_cov_3.924059	164300	2307754	0.0711948
NODE_3157_length_20201_cov_3.381106	1598945	5162430	0.309727
NODE_2880_length_20803_cov_3.396880	501364	2534994	0.197777
NODE_3040_length_20421_cov_3.258292	79226	1608176	0.0492645
NODE_439_length_35275_cov_3.371276	298955	2778810	0.107584
NODE_362_length_37133_cov_3.294432	284809	2615759	0.108882
NODE_991_length_28815_cov_3.606561	257035	2585255	0.0994235
NODE_698_length_31652_cov_3.510126	133634	2268509	0.0589083
NODE_8_length_73120_cov_3.680873	1273824	9461824	0.134628
NODE_3197_length_20103_cov_5.232154	192046	1658306	0.115809
NODE_296_length_38759_cov_3.881609	595614	6153999	0.0967849
NODE_2781_length_21088_cov_3.823098	65085	1509025	0.0431305
NODE_2095_length_23197_cov_3.093385	411738	3558408	0.115708
NODE_1333_length_26510_cov_3.934005	254410	2313442	0.10997
NODE_1262_length_26959_cov_3.495011	230631	2101297	0.109756
NODE_946_length_29210_cov_3.730239	447829	3354023	0.13352
NODE_3151_length_20205_cov_2.999851	115975	1489328	0.0778707
NODE_1690_length_24680_cov_3.584069	290154	2143381	0.135372
NODE_1149_length_27651_cov_3.445630	816696	3576550	0.228347
NODE_1006_length_28733_cov_3.902808	1035373	6809455	0.152049
NODE_930_length_29323_cov_3.515535	306148	2458080	0.124548
NODE_2122_length_23074_cov_3.660718	98998	1738085	0.0569581
NODE_1399_length_26108_cov_3.720443	126350	1889371	0.0668741
NODE_1532_length_25413_cov_3.808604	128698	1846401	0.0697021
NODE_1012_length_28711_cov_3.297952	201253	2244625	0.08966
NODE_201_length_41642_cov_3.623523	209666	3112180	0.0673695
NODE_2667_length_21422_cov_3.403039	180600	1736489	0.104003
NODE_34_length_58130_cov_3.719667	776735	5072496	0.153127
NODE_1544_length_25354_cov_3.314393	242483	1865974	0.12995
NODE_2948_length_20638_cov_4.144944	575807	2840748	0.202696
NODE_611_length_32680_cov_3.705104	265889	2529220	0.105127
NODE_1895_length_23803_cov_3.578257	260457	1997756	0.130375
NODE_2376_length_22234_cov_3.050328	700286	2973819	0.235484
NODE_856_length_29902_cov_3.736906	951117	7149444	0.133034
NODE_2163_length_22917_cov_3.543694	239994	2218040	0.108201
NODE_2238_length_22662_cov_3.248947	185518	1732884	0.107057
NODE_588_length_32942_cov_3.438602	192770	2306805	0.0835658
NODE_2226_length_22693_cov_3.396742	671808	4116554	0.163197
NODE_857_length_29895_cov_3.803967	155351	2228118	0.069723
NODE_667_length_31987_cov_3.336522	196151	2574911	0.0761778
NODE_1128_length_27760_cov_3.651567	194137	2171716	0.0893934
NODE_849_length_29997_cov_3.531474	337951	3016894	0.11202
NODE_300_length_38681_cov_3.598880	761845	4702451	0.16201
NODE_263_length_39644_cov_3.491642	650151	4052123	0.160447
NODE_2336_length_22369_cov_3.443152	181865	1826195	0.0995868
NODE_308_length_38508_cov_3.476269	181299	2899294	0.0625321
NODE_2806_length_21017_cov_3.541878	149799	1608101	0.0931527
NODE_2061_length_23301_cov_3.999612	95743	1700692	0.0562965
NODE_2264_length_22574_cov_4.862425	137750	1943120	0.0708911
NODE_688_length_31774_cov_3.587024	281397	2537827	0.110881
NODE_2078_length_23248_cov_4.591861	322416	2804540	0.114962
NODE_2490_length_21892_cov_6.635020	660945	4795644	0.137822
NODE_2947_length_20642_cov_3.338509	206871	1691783	0.12228
NODE_2856_length_20876_cov_3.241950	337873	1943863	0.173815
NODE_1443_length_25918_cov_3.655680	520578	3291002	0.158182
NODE_668_length_31978_cov_3.382979	181548	2484261	0.0730793
NODE_674_length_31915_cov_3.541740	284361	2974775	0.0955908
NODE_2606_length_21584_cov_3.841098	111502	1638071	0.0680691
NODE_2278_length_22532_cov_3.235145	159511	1754686	0.0909057
NODE_2753_length_21155_cov_3.539609	194489	1609741	0.12082
NODE_909_length_29463_cov_3.858160	139687	2306113	0.0605725
NODE_1092_length_28048_cov_3.913378	267949	2423669	0.110555
NODE_3251_length_20000_cov_3.270187	383720	2289733	0.167583
NODE_1082_length_28126_cov_3.365647	203062	2086569	0.0973186
NODE_2503_length_21855_cov_3.219388	990250	3505086	0.282518
NODE_105_length_46595_cov_4.374075	250777	3587680	0.0698995
NODE_1533_length_25394_cov_3.646650	557047	3184133	0.174945
NODE_508_length_34067_cov_3.499028	200846	2683039	0.0748577
NODE_1054_length_28327_cov_3.271893	298510	2164128	0.137935
NODE_1337_length_26496_cov_3.872523	269903	2140769	0.126078
NODE_1380_length_26213_cov_3.363177	744970	3788102	0.19666
NODE_752_length_31016_cov_3.401268	312043	2457898	0.126955
NODE_816_length_30320_cov_3.712319	301897	2717518	0.111093
NODE_540_length_33654_cov_3.778125	786886	4260326	0.184701
NODE_216_length_41182_cov_3.547355	575524	4214783	0.136549
NODE_905_length_29494_cov_3.548869	649255	3232452	0.200855
NODE_3187_length_20130_cov_3.724227	804472	2811690	0.286117
NODE_261_length_39676_cov_3.651136	359521	3104725	0.115798
NODE_50_length_54439_cov_3.845491	320647	3886497	0.0825028
NODE_1498_length_25636_cov_3.997572	91433	1871510	0.0488552
NODE_2969_length_20597_cov_3.641331	395772	2119794	0.186703
NODE_1815_length_24178_cov_3.783338	399355	2691303	0.148387
NODE_1171_length_27544_cov_3.228493	193905	2044534	0.0948407
NODE_1405_length_26082_cov_3.365855	247272	2064146	0.119794
NODE_502_length_34181_cov_3.545977	280738	2843374	0.0987341
NODE_736_length_31145_cov_3.738034	257529	2377184	0.108334
NODE_2742_length_21210_cov_3.439202	224971	1894789	0.118731
NODE_1472_length_25762_cov_3.291782	570710	3220231	0.177226
NODE_818_length_30302_cov_3.307983	332362	2566292	0.129511
NODE_1455_length_25853_cov_3.717170	166701	1917143	0.0869528
NODE_2263_length_22576_cov_3.642612	221929	2031423	0.109248
NODE_2364_length_22277_cov_3.077149	124008	1653432	0.0750004
NODE_1692_length_24669_cov_3.993081	367856	2906246	0.126574
NODE_1705_length_24623_cov_3.473699	207237	1791026	0.115709
NODE_1110_length_27875_cov_3.295111	218397	2236797	0.0976383
NODE_161_length_42991_cov_3.446750	336274	3452276	0.0974065
NODE_21_length_62915_cov_4.070778	444860	4797403	0.0927293
NODE_1141_length_27677_cov_3.392994	476061	3057902	0.155682
NODE_1807_length_24228_cov_3.524680	408776	2506109	0.163112
NODE_2887_length_20792_cov_3.240371	157359	1822030	0.0863647
NODE_232_length_40656_cov_3.684345	204623	3070747	0.0666362
NODE_504_length_34159_cov_3.530652	415138	2979928	0.139311
NODE_2722_length_21254_cov_3.664713	104901	1652748	0.0634707
NODE_1965_length_23566_cov_3.656113	185214	1786287	0.103687
NODE_2624_length_21506_cov_3.062877	786551	3281108	0.239721
NODE_2352_length_22297_cov_3.637535	144706	1762921	0.0820831
NODE_230_length_40713_cov_3.598833	227154	2988556	0.0760079
NODE_1153_length_27641_cov_3.124828	366653	2478806	0.147915
NODE_1364_length_26295_cov_3.710872	522493	2826250	0.184871
NODE_286_length_39127_cov_3.454340	268611	2895122	0.0927805
NODE_673_length_31920_cov_3.457779	247306	2499246	0.0989522
NODE_2248_length_22632_cov_3.084942	171196	1667493	0.102667
NODE_77_length_50416_cov_3.959099	288124	3738245	0.0770747
NODE_1591_length_25123_cov_4.023058	148645	1865837	0.0796667
NODE_2469_length_21969_cov_3.013763	4111576	7727695	0.532057
NODE_236_length_40517_cov_3.341457	298173	3128246	0.0953164
NODE_2748_length_21179_cov_3.186575	201689	1810561	0.111396
NODE_89_length_48693_cov_3.757089	327091	4562497	0.0716912
NODE_2630_length_21482_cov_3.157508	700418	4128852	0.16964
NODE_2268_length_22563_cov_3.225383	213577	1993238	0.107151
NODE_3039_length_20421_cov_3.334662	300387	2202145	0.136407
NODE_2655_length_21442_cov_3.477393	129695	1648817	0.0786594
NODE_1349_length_26376_cov_3.697911	103301	1884494	0.0548163
NODE_2703_length_21318_cov_3.749470	137653	1562042	0.0881238
NODE_1323_length_26537_cov_3.575876	267109	2243948	0.119035
NODE_2292_length_22497_cov_3.400036	468932	2181403	0.214968
NODE_1924_length_23708_cov_3.208692	364672	2257180	0.161561
NODE_666_length_32000_cov_3.409924	422467	3323741	0.127106
NODE_3105_length_20280_cov_3.288985	366465	2164997	0.169268
NODE_2026_length_23380_cov_4.035694	323842	2332423	0.138844
NODE_2461_length_21988_cov_3.798483	78934	1539210	0.0512822
NODE_2048_length_23327_cov_3.298562	71818	1648666	0.0435613
NODE_483_length_34449_cov_3.647656	591329	3708672	0.159445
NODE_1743_length_24523_cov_3.308631	246294	1962548	0.125497
NODE_1077_length_28172_cov_3.472554	157004	2081735	0.0754198
NODE_1003_length_28751_cov_3.628822	126705	2144544	0.0590825
NODE_2780_length_21093_cov_3.400591	266003	2287827	0.116269
NODE_240_length_40335_cov_3.437519	206075	2788231	0.0739089
NODE_1603_length_25031_cov_3.652455	129508	1883187	0.0687707
NODE_3003_length_20519_cov_3.510627	179304	1692888	0.105916
NODE_1510_length_25575_cov_3.868504	146546	1958305	0.0748331
NODE_1764_length_24444_cov_3.594865	183918	1888390	0.0973941
NODE_2357_length_22286_cov_3.188579	245345	1725393	0.142197
NODE_2254_length_22611_cov_3.999689	209861	2396404	0.0875733
NODE_1598_length_25065_cov_3.577946	139542	1872854	0.0745077
NODE_1545_length_25350_cov_3.460813	329721	2372844	0.138956
NODE_45_length_55545_cov_3.661472	649573	5190051	0.125157
NODE_2707_length_21304_cov_3.299599	385696	1930300	0.199811
NODE_3202_length_20097_cov_3.169067	274405	1969527	0.139325
NODE_1758_length_24458_cov_3.624205	1747361	8195113	0.21322
NODE_2652_length_21444_cov_4.025767	168441	2063712	0.0816204
NODE_2668_length_21420_cov_3.271094	191759	1711741	0.112026
NODE_378_length_36678_cov_3.245797	244694	2842419	0.0860865
NODE_87_length_48838_cov_4.635384	556410	6140392	0.0906147
NODE_2895_length_20768_cov_4.824955	250055	2186403	0.114368
NODE_2000_length_23456_cov_3.797405	103678	1646345	0.0629746
NODE_98_length_47293_cov_3.868649	164492	3500147	0.0469957
NODE_3073_length_20341_cov_3.403913	158955	1422520	0.111742
NODE_2614_length_21544_cov_3.582000	152151	1604932	0.0948021
NODE_1620_length_24997_cov_3.547514	239679	2090132	0.114672
NODE_2896_length_20766_cov_3.393429	223183	1976510	0.112918
NODE_1185_length_27436_cov_3.501591	376637	2471580	0.152387
NODE_114_length_45855_cov_3.896691	237640	3640494	0.0652769
NODE_182_length_42465_cov_3.622362	350832	3306376	0.106108
NODE_55_length_53216_cov_3.181204	421685	3988384	0.105728
NODE_2966_length_20606_cov_3.483640	187700	1717903	0.109261
NODE_1761_length_24456_cov_3.735518	487716	3282047	0.148601
NODE_1860_length_23966_cov_3.895001	148159	1760875	0.0841394
NODE_412_length_35871_cov_3.604803	191699	2619582	0.0731792
NODE_738_length_31141_cov_3.194801	172749	2261102	0.0764004
NODE_1746_length_24506_cov_3.353874	198355	1888700	0.105022
NODE_1409_length_26060_cov_3.451947	215682	2047087	0.10536
NODE_3107_length_20279_cov_3.677800	319112	2061223	0.154817
NODE_1177_length_27492_cov_3.760523	164120	2053390	0.0799264
NODE_1160_length_27612_cov_3.361429	248427	2327364	0.106742
NODE_812_length_30377_cov_3.792291	591674	4896927	0.120826
NODE_254_length_39835_cov_3.546406	246458	3218439	0.0765769
NODE_1512_length_25553_cov_3.913570	90275	1969996	0.045825
NODE_746_length_31077_cov_3.856898	373824	3200593	0.116798
NODE_1963_length_23574_cov_3.463685	124821	1646846	0.075794
NODE_1637_length_24934_cov_3.074653	535650	2699851	0.1984
NODE_2659_length_21438_cov_4.253901	432286	2872018	0.150516
NODE_257_length_39774_cov_3.819660	1297537	7773202	0.166924
NODE_104_length_46715_cov_3.945491	1032328	6279838	0.164388
NODE_2203_length_22771_cov_3.620545	210726	1907083	0.110497
NODE_1930_length_23698_cov_3.176024	191322	1895595	0.10093
NODE_1794_length_24325_cov_3.368488	234250	1969023	0.118968
NODE_903_length_29513_cov_3.644387	660664	3779329	0.17481
NODE_3183_length_20137_cov_3.497804	186504	1506646	0.123788
NODE_2627_length_21499_cov_3.287850	130401	1590395	0.0819928
NODE_2918_length_20711_cov_3.172812	182280	1568885	0.116184
NODE_1933_length_23689_cov_3.379907	134269	1668108	0.0804918
NODE_1322_length_26538_cov_3.539166	168731	1910841	0.088302
NODE_944_length_29216_cov_3.389154	307033	2341897	0.131104
NODE_2110_length_23134_cov_4.136401	255541	1948670	0.131136
NODE_1145_length_27664_cov_3.491819	140423	2173078	0.0646194
NODE_72_length_50800_cov_3.774285	815152	6052464	0.134681
NODE_1080_length_28143_cov_4.150300	378916	3143719	0.120531
NODE_2084_length_23229_cov_3.384609	695167	3386080	0.205301
NODE_1362_length_26300_cov_3.563757	96940	2011694	0.0481882
NODE_3102_length_20288_cov_3.230967	127339	1400884	0.090899
NODE_1513_length_25545_cov_3.639393	506309	2636040	0.192072
NODE_1819_length_24157_cov_3.659240	508580	2569494	0.19793
NODE_1414_length_26026_cov_3.330621	441497	3228395	0.136754
NODE_701_length_31648_cov_3.342166	193689	2327855	0.0832049
NODE_1249_length_27034_cov_3.479413	182144	2102400	0.0866362
NODE_2728_length_21230_cov_3.692726	246298	2041025	0.120674
NODE_1884_length_23855_cov_3.701970	178573	1870291	0.0954787
NODE_1827_length_24137_cov_3.201473	135304	1804522	0.0749805
NODE_1843_length_24057_cov_3.200017	274005	3139549	0.0872753
NODE_1157_length_27630_cov_3.433148	173685	1858114	0.0934738
NODE_158_length_43302_cov_4.042891	671296	4659348	0.144075
NODE_980_length_28917_cov_3.853703	150077	2250738	0.066679
NODE_2451_length_22017_cov_3.944840	78010	1549144	0.0503568
NODE_1550_length_25326_cov_3.515202	231961	2091929	0.110884
NODE_1233_length_27162_cov_3.314932	379314	2353918	0.161142
NODE_1460_length_25829_cov_3.557015	77799	1908253	0.0407698
NODE_1347_length_26389_cov_4.929973	354484	3180695	0.111449
NODE_281_length_39239_cov_3.492131	191177	2752398	0.0694583
NODE_3054_length_20373_cov_3.315379	201779	1739655	0.115988
NODE_1968_length_23555_cov_3.575034	278300	2252814	0.123534
NODE_2544_length_21729_cov_3.571290	126363	1625729	0.077727
NODE_2393_length_22185_cov_3.751290	90654	1727145	0.0524878
NODE_1646_length_24898_cov_3.838784	157802	1887614	0.0835987
NODE_1373_length_26235_cov_3.992386	196021	2199775	0.0891096
NODE_2848_length_20900_cov_2.526898	466347	2052946	0.22716
NODE_2830_length_20956_cov_3.858273	111498	1518917	0.0734062
NODE_2747_length_21191_cov_3.455291	194924	2718934	0.0716913
NODE_2117_length_23106_cov_3.449559	122229	1651499	0.0740109
NODE_384_length_36476_cov_3.560272	246006	2901440	0.0847876
NODE_963_length_29104_cov_3.770902	188241	2425743	0.0776014
NODE_420_length_35711_cov_3.261260	205988	3086146	0.066746
NODE_336_length_37673_cov_3.431761	268462	3053458	0.0879206
NODE_3130_length_20242_cov_3.583478	243240	1624515	0.149731
NODE_178_length_42494_cov_3.585470	239099	3059069	0.0781607
NODE_1114_length_27839_cov_3.775054	161550	2138243	0.0755527
NODE_1083_length_28122_cov_3.522928	2153397	9819957	0.219288
NODE_914_length_29435_cov_3.390851	486767	3340202	0.14573
NODE_2539_length_21753_cov_3.275931	118921	1652312	0.0719725
NODE_512_length_34027_cov_3.396251	250343	2432062	0.102934
NODE_1767_length_24426_cov_3.380113	365237	1992068	0.183346
NODE_2794_length_21040_cov_3.512105	286494	1866284	0.15351
NODE_529_length_33790_cov_3.294500	393346	2861916	0.137441
NODE_2020_length_23387_cov_3.698385	402809	2708654	0.148712
NODE_793_length_30659_cov_3.634490	200580	2445897	0.0820067
NODE_2424_length_22086_cov_3.944513	174990	1707014	0.102512
NODE_1392_length_26146_cov_3.478212	996666	4751703	0.209749
NODE_2388_length_22193_cov_3.566081	140494	1773721	0.0792086
NODE_3015_length_20471_cov_3.539417	154180	1666172	0.0925355
NODE_343_length_37506_cov_3.471917	311570	2780695	0.112048
NODE_2644_length_21456_cov_3.458210	206968	1827758	0.113236
NODE_1886_length_23840_cov_3.339918	270232	2198698	0.122905
NODE_2704_length_21318_cov_3.589142	128126	1501696	0.0853209
NODE_1557_length_25285_cov_8.302112	678521	9706448	0.0699042
NODE_2968_length_20598_cov_3.690326	124882	1536928	0.0812543
NODE_268_length_39561_cov_3.741929	529704	4656713	0.113751
NODE_355_length_37304_cov_3.533100	282391	2868047	0.0984611
NODE_68_length_51384_cov_3.619362	443180	4026587	0.110063
NODE_3214_length_20083_cov_3.404023	413600	2711982	0.152508
NODE_2727_length_21234_cov_3.758883	454489	2661573	0.17076
NODE_2661_length_21436_cov_3.410648	316173	1853903	0.170545
NODE_120_length_45471_cov_5.232500	3300476	18295214	0.180401
NODE_1099_length_28010_cov_3.835083	269544	2348467	0.114774
NODE_2131_length_23054_cov_3.285167	1109521	6854639	0.161864
NODE_2913_length_20730_cov_3.365082	288585	2311347	0.124856
NODE_1318_length_26550_cov_3.641223	128780	1985273	0.0648677
NODE_1956_length_23614_cov_3.745524	803501	3943488	0.203754
NODE_2774_length_21103_cov_3.661588	109166	1512768	0.0721631
NODE_3205_length_20090_cov_3.450003	1299582	4503259	0.288587
NODE_2458_length_21995_cov_3.800740	76030	1568098	0.0484855
NODE_765_length_30885_cov_3.437569	230542	2565726	0.0898545
NODE_2123_length_23073_cov_3.471359	121015	1713593	0.0706206
NODE_437_length_35363_cov_3.819419	175812	2714414	0.0647698
NODE_1846_length_24047_cov_3.657633	320674	2495304	0.128511
NODE_795_length_30651_cov_3.494730	319115	2470832	0.129153
NODE_1425_length_25986_cov_3.796114	144214	1874601	0.0769305
NODE_929_length_29327_cov_3.152628	165562	2019264	0.0819913
NODE_2204_length_22770_cov_3.314146	364245	2256979	0.161386
NODE_3000_length_20525_cov_3.491139	133039	1613034	0.0824775
NODE_2375_length_22237_cov_3.290044	632695	3156385	0.200449
NODE_648_length_32129_cov_3.537652	174819	2389094	0.0731738
NODE_118_length_45643_cov_3.668957	352103	3555903	0.0990193
NODE_2796_length_21033_cov_3.706172	316896	2340889	0.135374
NODE_2072_length_23262_cov_3.764279	160421	1777606	0.0902455
NODE_1454_length_25854_cov_3.575500	111767	1828533	0.0611239
NODE_973_length_29029_cov_3.266816	692806	3677267	0.188402
NODE_2622_length_21508_cov_3.421178	630211	4154378	0.151698
NODE_2253_length_22619_cov_3.083792	132395	1587820	0.0833816
NODE_2416_length_22112_cov_3.554627	2908790	11966882	0.24307
NODE_1382_length_26207_cov_3.992684	180376	2047363	0.0881016
NODE_1029_length_28534_cov_3.301108	212346	2215049	0.0958651
NODE_199_length_41706_cov_3.466436	216530	3000851	0.0721562
NODE_1710_length_24615_cov_3.388767	225560	1938133	0.11638
NODE_1142_length_27673_cov_3.257344	192260	2088888	0.0920394
NODE_2701_length_21320_cov_3.675604	204224	1973163	0.103501
NODE_2978_length_20575_cov_3.470942	134652	1538012	0.0875494
NODE_1615_length_25005_cov_3.673051	117651	1852548	0.0635077
NODE_2484_length_21923_cov_3.703675	345007	2228193	0.154837
NODE_2255_length_22611_cov_3.795753	114038	1643250	0.0693978
NODE_2771_length_21109_cov_3.538839	339091	2863163	0.118432
NODE_2338_length_22362_cov_3.306203	186227	2021080	0.0921423
NODE_886_length_29615_cov_3.580871	154704	2286272	0.0676665
NODE_621_length_32456_cov_3.725469	385126	3424291	0.112469
NODE_1269_length_26905_cov_3.277811	186186	1954342	0.0952679
NODE_248_length_40096_cov_3.410331	350471	3170822	0.11053
NODE_2076_length_23251_cov_3.165385	338891	2337585	0.144975
NODE_1953_length_23625_cov_3.709683	133364	1775881	0.0750974
NODE_669_length_31966_cov_3.044121	719137	3324897	0.216289
NODE_275_length_39358_cov_3.313890	407201	3304566	0.123224
NODE_891_length_29598_cov_3.645073	164131	2126258	0.0771924
NODE_1570_length_25241_cov_4.464362	1660059	13202819	0.125735
NODE_1170_length_27547_cov_3.450379	208567	2025852	0.102953
NODE_1904_length_23767_cov_2.833742	1097371	3549429	0.309168
NODE_1464_length_25801_cov_4.003891	91152	2025961	0.044992
NODE_1914_length_23724_cov_3.741164	237249	1808101	0.131214
NODE_1124_length_27782_cov_3.709966	594818	4208758	0.141329
NODE_1389_length_26156_cov_3.629505	281183	2271084	0.12381
NODE_1132_length_27744_cov_3.724507	131629	2138016	0.061566
NODE_2276_length_22540_cov_3.265719	339171	2193208	0.154646
NODE_16_length_67001_cov_3.667843	576772	5479092	0.105268
NODE_149_length_43674_cov_3.669650	277729	3399479	0.0816975
NODE_1609_length_25020_cov_3.629068	145936	1907311	0.076514
NODE_589_length_32939_cov_3.744397	1108649	7098859	0.156173
NODE_1691_length_24679_cov_3.200854	155500	1749665	0.0888742
NODE_2648_length_21447_cov_4.105677	46063	1653133	0.0278641
NODE_739_length_31132_cov_3.648697	364848	2770632	0.131684
NODE_524_length_33900_cov_3.610455	882238	6330627	0.13936
NODE_1593_length_25101_cov_3.858251	92061	1834268	0.0501895
NODE_1023_length_28597_cov_3.311987	540468	3512094	0.153888
NODE_1289_length_26763_cov_3.222810	547768	3467158	0.157988
NODE_942_length_29230_cov_3.748035	232693	2188419	0.106329
NODE_2653_length_21444_cov_3.391614	445514	3720617	0.119742
NODE_1432_length_25964_cov_3.227644	197810	2036609	0.0971271
NODE_130_length_44892_cov_3.676356	233716	3473347	0.0672884
NODE_2178_length_22858_cov_3.361747	204253	1818612	0.112313
NODE_2480_length_21945_cov_3.375492	293493	1854450	0.158264
NODE_750_length_31053_cov_3.290463	828598	3477177	0.238296
NODE_2377_length_22228_cov_3.525961	352671	2116260	0.166648
NODE_436_length_35367_cov_3.820716	182139	2573964	0.0707621
NODE_2974_length_20586_cov_3.327476	291778	2100797	0.138889
NODE_3112_length_20268_cov_4.920968	826722	5304300	0.155859
NODE_127_length_45191_cov_3.584006	308774	3292838	0.0937714
NODE_1702_length_24630_cov_3.725816	120388	1868681	0.0644241
NODE_2421_length_22098_cov_3.525388	381996	2196264	0.17393
NODE_256_length_39785_cov_3.310009	1182445	6865597	0.172228
NODE_2906_length_20745_cov_3.283348	84969	1608922	0.0528111
NODE_1117_length_27829_cov_3.514858	260388	2385304	0.109163
NODE_3182_length_20139_cov_3.998154	86155	1531188	0.0562668
NODE_2531_length_21785_cov_3.119524	231592	1708770	0.135531
NODE_3241_length_20015_cov_3.568739	235718	1647941	0.143038
NODE_3236_length_20032_cov_3.355792	131378	1569632	0.0836999
NODE_2862_length_20858_cov_3.658221	144517	1621743	0.0891121
NODE_1823_length_24145_cov_3.701988	133843	1824376	0.0733637
NODE_2925_length_20689_cov_3.727975	441284	2056027	0.214629
NODE_860_length_29866_cov_3.756542	133554	2173790	0.0614383
NODE_2201_length_22777_cov_3.334906	348209	2397463	0.145241
NODE_1511_length_25568_cov_3.900114	181978	2044310	0.0890168
NODE_2812_length_20998_cov_3.579214	127890	1563165	0.0818148
NODE_2579_length_21661_cov_6.821260	235971	3437951	0.0686371
NODE_2944_length_20652_cov_3.419939	755630	4124717	0.183196
NODE_2442_length_22046_cov_3.924773	119015	1725808	0.0689619
NODE_2554_length_21719_cov_3.602081	402612	2149659	0.187291
NODE_533_length_33748_cov_3.659187	205236	2460300	0.0834191
NODE_258_length_39770_cov_3.571198	213343	3261033	0.0654219
NODE_584_length_32987_cov_3.371199	842745	6000876	0.140437
NODE_2172_length_22884_cov_3.970682	93440	1782218	0.0524291
NODE_961_length_29124_cov_3.386770	581096	2965355	0.195962
NODE_2378_length_22225_cov_3.182997	156788	1646477	0.0952264
NODE_314_length_38338_cov_3.413583	1129746	4842909	0.233278
NODE_1717_length_24595_cov_3.531964	242288	2095418	0.115628
NODE_612_length_32663_cov_3.429186	347295	2830418	0.122701
NODE_1805_length_24234_cov_3.664719	794843	4274850	0.185935
NODE_284_length_39179_cov_3.870445	165470	3005230	0.0550607
NODE_2973_length_20589_cov_3.211518	219828	1730388	0.12704
NODE_2889_length_20788_cov_3.284257	187181	1650642	0.113399
NODE_986_length_28871_cov_3.899833	1355202	5846234	0.231808
NODE_741_length_31120_cov_3.263757	387055	2492076	0.155314
NODE_966_length_29068_cov_3.236598	326977	2588421	0.126323
NODE_2789_length_21069_cov_3.792608	336550	1970221	0.170818
NODE_3053_length_20373_cov_3.619315	607301	3193274	0.190181
NODE_1481_length_25692_cov_3.660806	134654	1699117	0.0792494
NODE_2958_length_20621_cov_3.252120	200504	1671660	0.119943
NODE_893_length_29589_cov_3.583961	197667	2320624	0.0851784
NODE_1268_length_26919_cov_3.328188	109556	1963553	0.0557948
NODE_1749_length_24492_cov_3.621285	165833	1811333	0.091553
NODE_3227_length_20048_cov_3.459672	137118	1539255	0.0890808
NODE_976_length_28984_cov_3.556829	251801	2219351	0.113457
NODE_2633_length_21476_cov_3.100341	216479	1793257	0.120718
NODE_613_length_32614_cov_3.934984	115318	2355043	0.0489664
NODE_2821_length_20973_cov_4.273833	141044	1597975	0.0882642
NODE_110_length_46186_cov_3.757567	181612	3258122	0.0557413
NODE_377_length_36707_cov_3.540483	676599	4018555	0.168369
NODE_2674_length_21403_cov_3.332473	169047	1762945	0.095889
NODE_321_length_38109_cov_3.548014	589633	3714244	0.158749
NODE_2270_length_22556_cov_3.645456	172750	1674554	0.103162
NODE_607_length_32730_cov_3.578836	276257	2718986	0.101603
NODE_1100_length_28008_cov_3.942098	94084	2042655	0.0460597
NODE_861_length_29848_cov_3.239840	336878	2477833	0.135957
NODE_1119_length_27804_cov_3.265512	593038	3201470	0.185239
NODE_1859_length_23967_cov_3.526018	350205	2513876	0.139309
NODE_2673_length_21405_cov_3.879940	85155	1517249	0.0561246
NODE_2773_length_21105_cov_3.624298	213154	1565015	0.136199
NODE_804_length_30552_cov_3.465931	244230	2360766	0.103454
NODE_3128_length_20246_cov_3.312751	211059	1744418	0.120991
NODE_335_length_37682_cov_3.370673	214086	2924335	0.0732084
NODE_42_length_56745_cov_3.704728	474722	4405446	0.107758
NODE_2039_length_23349_cov_3.240516	317334	2471460	0.128399
NODE_1964_length_23568_cov_3.723252	222789	1843637	0.120842
NODE_3108_length_20277_cov_3.536624	159948	1728526	0.0925343
NODE_470_length_34645_cov_3.381520	667139	3863630	0.172672
NODE_676_length_31911_cov_3.834968	219472	2349722	0.0934034
NODE_1430_length_25970_cov_3.623323	113886	1829192	0.0622603
NODE_743_length_31118_cov_3.547568	321455	2514858	0.127822
NODE_3244_length_20012_cov_3.757144	140885	1585236	0.0888732
NODE_1_length_116598_cov_3.811458	454005	8727603	0.0520194
NODE_1659_length_24832_cov_3.778474	334658	2532108	0.132166
NODE_2323_length_22414_cov_3.051983	285242	1954093	0.145972
NODE_1065_length_28237_cov_3.335525	235640	2307395	0.102124
NODE_1633_length_24948_cov_3.577890	309115	2061461	0.149949
NODE_3220_length_20063_cov_3.226458	127803	1502742	0.0850465
NODE_1501_length_25626_cov_3.593920	190601	2083730	0.0914711
NODE_3212_length_20085_cov_3.417692	209483	1718197	0.12192
NODE_2634_length_21475_cov_4.622380	819558	6002980	0.136525
NODE_1520_length_25501_cov_3.650697	180565	2082708	0.0866972
NODE_269_length_39550_cov_3.466173	478738	4065676	0.117751
NODE_1616_length_25004_cov_3.509335	101696	1934901	0.0525588
NODE_2833_length_20947_cov_3.358787	164679	1640971	0.100355
NODE_993_length_28797_cov_3.715207	238748	2310014	0.103353
NODE_2007_length_23443_cov_3.450565	236682	2109865	0.112179
NODE_1771_length_24415_cov_4.249424	321383	2384482	0.134781
NODE_525_length_33871_cov_3.534940	475646	3090140	0.153924
NODE_323_length_38058_cov_3.370373	322187	3130870	0.102907
NODE_1250_length_27027_cov_3.379085	172120	2062908	0.0834356
NODE_2190_length_22812_cov_3.351957	259273	1975181	0.131265
NODE_2964_length_20612_cov_3.232633	150395	1477865	0.101765
NODE_1120_length_27804_cov_3.045660	434373	2923835	0.148563
NODE_2139_length_23035_cov_3.235307	192800	1829535	0.105382
NODE_2166_length_22907_cov_3.263942	744514	5368916	0.138671
NODE_1957_length_23612_cov_3.849573	121433	1771893	0.0685329
NODE_172_length_42601_cov_3.393040	465836	3615253	0.128853
NODE_546_length_33555_cov_3.374402	495641	3626245	0.136682
NODE_753_length_30998_cov_3.858248	119656	2309070	0.05182
NODE_1706_length_24622_cov_3.567059	97150	1980870	0.0490441
NODE_2_length_96890_cov_3.348008	701324	7570326	0.0926412
NODE_1306_length_26640_cov_3.388003	167924	2109301	0.0796112
NODE_1999_length_23457_cov_3.703399	172173	1687050	0.102056
NODE_1329_length_26515_cov_3.697759	154019	1917051	0.0803416
NODE_807_length_30477_cov_3.835901	173519	2215087	0.0783351
NODE_467_length_34734_cov_3.838516	501286	3680042	0.136217
NODE_1882_length_23864_cov_3.066358	158334	1947006	0.0813218
NODE_290_length_38949_cov_3.720772	618319	4121582	0.15002
NODE_539_length_33667_cov_3.657501	348239	2717691	0.128138
NODE_810_length_30420_cov_3.471192	168140	2223715	0.0756122
NODE_1595_length_25083_cov_3.818444	183791	1886916	0.0974029
NODE_1889_length_23831_cov_3.309456	197416	1810727	0.109026
NODE_2678_length_21394_cov_3.639164	615367	5306031	0.115975
NODE_2762_length_21125_cov_3.314801	105946	1471709	0.0719884
NODE_249_length_40064_cov_3.324809	464135	3307750	0.140317
NODE_2454_length_22003_cov_3.152666	678282	3145245	0.215653
NODE_313_length_38347_cov_3.559219	241794	2855880	0.0846653
NODE_955_length_29160_cov_3.637452	398711	3014196	0.132278
NODE_3016_length_20467_cov_3.841025	114293	1622569	0.0704395
NODE_2056_length_23308_cov_3.699858	98877	1782476	0.0554717
NODE_1898_length_23793_cov_3.415590	521023	2483538	0.209791
NODE_2500_length_21863_cov_3.866385	140380	1651755	0.0849884
NODE_2863_length_20858_cov_3.404981	330512	2567581	0.128725
NODE_2147_length_22985_cov_3.616490	104390	1712365	0.0609625
NODE_2412_length_22130_cov_3.468068	1037526	5209689	0.199153
NODE_3237_length_20031_cov_3.840157	234244	1670125	0.140255
NODE_2976_length_20577_cov_3.443012	225101	1539681	0.1462
NODE_959_length_29140_cov_3.934782	167960	2328684	0.0721266
NODE_716_length_31378_cov_3.756578	891711	4729736	0.188533
NODE_1188_length_27423_cov_3.655248	220022	2062103	0.106698
NODE_1000_length_28765_cov_3.224203	251404	2019865	0.124466
NODE_2807_length_21013_cov_3.763795	136456	1487449	0.0917383
NODE_1715_length_24604_cov_3.041012	247510	1878283	0.131775
NODE_885_length_29640_cov_3.150740	723372	4605045	0.157083
NODE_2845_length_20906_cov_3.366463	232634	1842772	0.126241
NODE_1072_length_28176_cov_3.660184	150518	1996137	0.0754046
NODE_1857_length_23983_cov_3.928153	134142	1722377	0.0778819
NODE_2220_length_22707_cov_3.306352	93840	1767006	0.0531068
NODE_2126_length_23065_cov_3.384438	143572	1725313	0.083215
NODE_2478_length_21950_cov_3.543270	143196	1594665	0.0897969
NODE_3170_length_20171_cov_3.170237	307850	1863405	0.165208
NODE_3160_length_20193_cov_3.299492	322954	1815588	0.177878
NODE_71_length_50897_cov_4.008071	167567	3724205	0.044994
NODE_1810_length_24202_cov_4.004854	115875	1812591	0.0639278
NODE_646_length_32152_cov_3.525349	546223	3951006	0.138249
NODE_1927_length_23700_cov_3.592941	112978	1731408	0.0652521
NODE_399_length_36055_cov_3.599511	323810	2991170	0.108255
NODE_821_length_30281_cov_3.389371	463414	3368906	0.137556
NODE_1030_length_28514_cov_3.677565	363108	2607124	0.139275
NODE_193_length_41971_cov_3.628821	214700	3367898	0.063749
NODE_1618_length_24998_cov_3.495241	292160	2245496	0.130109
NODE_2931_length_20683_cov_2.870288	313015	2030103	0.154187
NODE_3078_length_20331_cov_3.601028	91083	1506515	0.0604594
NODE_363_length_37030_cov_3.157456	1010282	4403644	0.22942
NODE_2861_length_20859_cov_4.020087	364534	2133795	0.170838
NODE_1848_length_24038_cov_3.544091	235008	1895821	0.123961
NODE_904_length_29499_cov_3.547313	264993	2585242	0.102502
NODE_562_length_33328_cov_3.796052	146740	2453450	0.0598097
NODE_1350_length_26376_cov_3.193667	333661	2112715	0.15793
NODE_441_length_35216_cov_3.524618	188834	2720598	0.069409
NODE_2626_length_21500_cov_3.651932	199153	1716653	0.116012
NODE_995_length_28796_cov_3.465415	233141	2197513	0.106093
NODE_1887_length_23837_cov_3.553627	136999	1873226	0.0731353
NODE_2709_length_21291_cov_3.337533	157441	1574743	0.0999789
NODE_1296_length_26726_cov_3.886732	1456448	5965233	0.244156
NODE_1600_length_25049_cov_3.619198	203380	1952408	0.104169
NODE_2839_length_20920_cov_3.770520	300208	2426431	0.123724
NODE_703_length_31628_cov_3.488566	427047	2824113	0.151215
NODE_451_length_35092_cov_3.929529	184660	2532117	0.0729271
NODE_1566_length_25263_cov_3.406215	199842	1967235	0.101585
NODE_788_length_30692_cov_3.700650	209896	2434242	0.0862264
NODE_37_length_57386_cov_3.806239	334584	4762678	0.0702512
NODE_61_length_52473_cov_3.878642	270353	3975525	0.0680044
NODE_1239_length_27112_cov_3.596824	193719	2094531	0.092488
NODE_2009_length_23441_cov_3.112287	425460	2320242	0.183369
NODE_1583_length_25154_cov_3.678228	283540	2199462	0.128913
NODE_817_length_30316_cov_3.591621	269310	2395282	0.112434
NODE_3035_length_20434_cov_3.499041	167550	1600964	0.104656
NODE_1579_length_25202_cov_3.299088	229772	2013877	0.114094
NODE_3066_length_20353_cov_3.798904	117465	1550298	0.0757693
NODE_2245_length_22643_cov_3.420555	228149	1945300	0.117282
NODE_2576_length_21669_cov_3.730505	380094	2072746	0.183377
NODE_3084_length_20326_cov_3.395313	105055	1509095	0.0696146
NODE_2170_length_22889_cov_3.446468	139661	1717353	0.0813234
NODE_3120_length_20259_cov_3.725843	344315	2438191	0.141217
NODE_1565_length_25266_cov_3.762467	698102	4003620	0.174368
NODE_3176_length_20154_cov_3.827275	96920	1540879	0.0628992
NODE_635_length_32228_cov_3.833826	290669	2783232	0.104436
NODE_2511_length_21834_cov_3.618956	129408	1566403	0.0826148
NODE_858_length_29891_cov_3.194650	229034	2336327	0.0980317
NODE_834_length_30162_cov_3.553405	201460	2248957	0.0895793
NODE_375_length_36751_cov_3.513369	222894	2587509	0.0861423
NODE_982_length_28913_cov_3.395988	178160	2176624	0.0818515
NODE_301_length_38650_cov_3.635833	306044	3018520	0.101389
NODE_2174_length_22875_cov_3.871970	79008	1642613	0.048099
NODE_63_length_52114_cov_3.440431	520730	4538051	0.114747
NODE_2754_length_21154_cov_3.674614	89133	1534934	0.0580696
NODE_3116_length_20261_cov_3.570975	389234	3852501	0.101034
NODE_151_length_43654_cov_3.405694	608203	3893141	0.156224
NODE_138_length_44611_cov_4.208169	140405	3500117	0.0401144
NODE_2632_length_21476_cov_3.731627	140975	1607058	0.0877224
NODE_409_length_35888_cov_3.406577	261381	2666851	0.0980111
NODE_1281_length_26808_cov_3.548280	109456	2050703	0.0533749
NODE_1356_length_26313_cov_3.816396	99226	1981456	0.0500773
NODE_3204_length_20092_cov_2.802781	171312	1529388	0.112013
NODE_2229_length_22689_cov_3.043338	234550	1876029	0.125025
NODE_1086_length_28102_cov_3.260222	527403	2417649	0.218147
NODE_1476_length_25732_cov_3.624507	341624	2710947	0.126016
NODE_1984_length_23515_cov_2.895157	387078	2326062	0.166409
NODE_2491_length_21887_cov_4.054250	240867	2266319	0.106281
NODE_2074_length_23258_cov_3.318969	308434	2594758	0.118868
NODE_1829_length_24120_cov_3.416802	271910	2039699	0.133309
NODE_1123_length_27794_cov_3.478534	2163351	6062320	0.356852
NODE_2832_length_20947_cov_3.668889	118380	1471052	0.080473
NODE_2086_length_23224_cov_3.420108	292394	2085251	0.14022
NODE_461_length_34844_cov_3.680645	189498	2589348	0.0731837
NODE_1144_length_27667_cov_3.487558	342141	2482298	0.137832
NODE_210_length_41304_cov_3.810897	604677	4997222	0.121003
NODE_403_length_35987_cov_3.656431	261129	2819828	0.0926046
NODE_51_length_54424_cov_3.747832	688758	4823200	0.142801
NODE_2680_length_21390_cov_3.404678	507324	4040934	0.125546
NODE_1113_length_27843_cov_3.584991	122269	2270152	0.0538594
NODE_1456_length_25846_cov_3.834893	138122	1967961	0.0701853
NODE_3001_length_20522_cov_3.434363	108905	1579645	0.0689427
NODE_331_length_37867_cov_3.729295	677354	4494931	0.150693
NODE_1394_length_26144_cov_3.502246	322934	2327536	0.138745
NODE_2316_length_22440_cov_3.847097	435245	3547740	0.122682
NODE_2859_length_20866_cov_2.817210	581674	2275583	0.255615
NODE_2635_length_21470_cov_3.424922	467260	2363014	0.197739
NODE_681_length_31873_cov_3.387801	194109	2418051	0.080275
NODE_1122_length_27796_cov_3.669495	300508	2238120	0.134268
NODE_312_length_38351_cov_3.338492	571111	4518919	0.126382
NODE_389_length_36354_cov_3.671052	997375	4312611	0.231269
NODE_195_length_41947_cov_3.267444	241804	3439732	0.0702973
NODE_48_length_54887_cov_3.532872	647955	4967752	0.130432
NODE_2828_length_20957_cov_5.329754	1996869	17131742	0.11656
NODE_2941_length_20662_cov_3.466907	95147	1545842	0.0615503
NODE_460_length_34862_cov_3.908322	493066	3645200	0.135264
NODE_1474_length_25760_cov_3.743892	128720	2055103	0.0626343
NODE_638_length_32217_cov_4.225232	178090	2438723	0.0730259
NODE_2985_length_20557_cov_3.464610	248389	1853013	0.134046
NODE_2355_length_22289_cov_3.467373	228837	1841182	0.124288
NODE_1379_length_26213_cov_3.739335	2306688	12020182	0.191901
NODE_463_length_34791_cov_3.784244	225849	2730198	0.0827226
NODE_1413_length_26039_cov_3.371781	203887	1934191	0.105412
NODE_2075_length_23256_cov_3.919549	536027	4139026	0.129506
NODE_564_length_33307_cov_3.734431	98248	2508768	0.0391619
NODE_1201_length_27343_cov_6.441822	194440	3709745	0.0524133
NODE_1421_length_25997_cov_3.597421	156628	1834711	0.0853693
NODE_361_length_37194_cov_6.462192	446834	3852095	0.115998
NODE_2053_length_23317_cov_3.307908	426575	2865750	0.148853
NODE_662_length_32031_cov_3.533196	599709	3373921	0.177748
NODE_218_length_41107_cov_3.505170	302797	3382400	0.0895213
NODE_2043_length_23341_cov_3.565743	180269	1920565	0.0938625
NODE_489_length_34406_cov_3.650888	207500	2493962	0.0832009
NODE_367_length_36843_cov_3.523296	700323	4791471	0.14616
NODE_1137_length_27708_cov_3.999638	210384	2116014	0.0994247
NODE_47_length_54946_cov_3.470782	295503	4098417	0.0721017
NODE_148_length_43741_cov_3.390220	303043	3355959	0.0903
NODE_2115_length_23110_cov_3.674243	116783	1846595	0.0632423
NODE_2267_length_22565_cov_4.519585	636286	4500488	0.141382
NODE_2696_length_21338_cov_3.774660	106236	1647450	0.0644851
NODE_1393_length_26145_cov_3.721838	156937	2068252	0.0758791
NODE_3215_length_20077_cov_3.229502	283142	1860270	0.152205
NODE_1787_length_24356_cov_3.544915	1791512	7859520	0.227942
NODE_2566_length_21690_cov_3.356584	196704	1578199	0.124638
NODE_1762_length_24451_cov_3.747290	87859	1883039	0.0466581
NODE_556_length_33475_cov_3.714885	136664	2481944	0.0550633
NODE_1045_length_28382_cov_3.769968	501998	3074125	0.163298
NODE_1559_length_25285_cov_3.503931	187507	2007463	0.093405
NODE_3245_length_20012_cov_3.495656	304914	1877856	0.162373
NODE_1941_length_23656_cov_3.796961	253652	1965445	0.129056
NODE_571_length_33199_cov_3.688036	209530	2571920	0.0814683
NODE_2580_length_21659_cov_3.510946	136089	1686047	0.0807148
NODE_1837_length_24079_cov_3.128649	1621580	4812674	0.33694
NODE_2684_length_21380_cov_3.002397	160670	1650515	0.0973454
NODE_2720_length_21259_cov_3.455718	167865	1789580	0.0938013
NODE_2321_length_22416_cov_3.667742	117376	1676817	0.0699993
NODE_156_length_43331_cov_3.762398	273886	3263407	0.0839264
NODE_2344_length_22321_cov_3.550176	145370	1649586	0.0881251
NODE_2954_length_20626_cov_3.473377	124287	1551660	0.0800994
NODE_1020_length_28628_cov_3.219566	260643	2441816	0.106741
NODE_2029_length_23377_cov_3.710499	339958	2419398	0.140513
NODE_184_length_42385_cov_3.498889	879492	5520254	0.159321
NODE_1467_length_25775_cov_3.647180	238510	2177651	0.109526
NODE_2741_length_21210_cov_3.740799	140584	1611364	0.0872453
NODE_882_length_29657_cov_3.238954	183384	2342140	0.0782976
NODE_2314_length_22447_cov_3.262395	175959	1785992	0.0985217
NODE_3089_length_20312_cov_3.429476	127526	1550547	0.0822458
NODE_1181_length_27462_cov_3.794723	164328	2056427	0.0799095
NODE_3199_length_20100_cov_3.851857	106242	1486283	0.0714817
NODE_1935_length_23687_cov_3.183186	441791	2158779	0.204649
NODE_3014_length_20480_cov_3.138413	278053	1705682	0.163016
NODE_1244_length_27051_cov_3.855076	144092	2326139	0.0619447
NODE_1936_length_23677_cov_3.578336	198812	1945394	0.102196
NODE_33_length_58250_cov_3.576826	681442	4917984	0.138561
NODE_2603_length_21591_cov_3.612926	93762	1603751	0.0584642
NODE_2400_length_22167_cov_3.413540	292190	1988683	0.146926
NODE_2236_length_22668_cov_3.905047	131021	1792954	0.0730755
NODE_1506_length_25601_cov_3.808093	204958	1905661	0.107552
NODE_190_length_42200_cov_3.471984	319051	3241024	0.0984414
NODE_1946_length_23645_cov_3.859297	128456	1796962	0.0714851
NODE_494_length_34304_cov_3.042567	636203	3362966	0.189179
NODE_2446_length_22033_cov_3.443740	111447	1676121	0.066491
NODE_3137_length_20231_cov_3.824856	112499	1474970	0.0762721
NODE_1880_length_23875_cov_3.459749	652851	3468947	0.188199
NODE_978_length_28949_cov_3.672270	426315	2676083	0.159306
NODE_53_length_53800_cov_3.757565	713846	5971095	0.11955
NODE_203_length_41539_cov_3.451375	325430	3352178	0.0970802
NODE_1590_length_25129_cov_3.585497	203581	1944157	0.104714
NODE_1872_length_23935_cov_3.320649	158602	1871831	0.0847309
NODE_390_length_36343_cov_3.845023	306608	2960341	0.103572
NODE_486_length_34433_cov_3.780684	413672	3396314	0.1218
NODE_2459_length_21991_cov_3.931436	259415	1838147	0.141129
NODE_1219_length_27224_cov_3.944590	156598	2106524	0.0743395
NODE_2266_length_22567_cov_3.292460	532985	2902758	0.183613
NODE_3218_length_20074_cov_3.741827	114408	1534501	0.0745571
NODE_2631_length_21480_cov_3.817595	123206	1575234	0.0782144
NODE_226_length_40854_cov_3.872237	321443	3192509	0.100687
NODE_1759_length_24458_cov_3.396855	259452	2026727	0.128015
NODE_1473_length_25761_cov_3.422298	346064	2333758	0.148286
NODE_1203_length_27324_cov_3.147107	502417	2530557	0.19854
NODE_1539_length_25365_cov_5.586915	621569	5064781	0.122724
NODE_18_length_63337_cov_3.725956	695869	5370539	0.129572
NODE_799_length_30601_cov_3.625107	468555	4135342	0.113305
NODE_427_length_35588_cov_3.629181	166695	2670853	0.0624126
NODE_2689_length_21357_cov_7.468059	949131	5651955	0.16793
NODE_1400_length_26104_cov_3.552317	119004	1955693	0.06085
NODE_2279_length_22531_cov_4.091521	94678	1646917	0.057488
NODE_1064_length_28237_cov_3.576267	157726	1980652	0.0796334
NODE_922_length_29371_cov_3.881252	365769	3397906	0.107645
NODE_3036_length_20429_cov_3.344368	73569	1512023	0.048656
NODE_2734_length_21226_cov_3.877361	170057	1615975	0.105235
NODE_128_length_45079_cov_3.165296	818760	4649972	0.176078
NODE_2373_length_22256_cov_3.764995	77491	1593974	0.048615
NODE_1028_length_28554_cov_3.668283	200880	2141599	0.0937991
NODE_977_length_28967_cov_3.724193	204863	2268209	0.0903193
NODE_2798_length_21031_cov_3.849369	219257	1856940	0.118074
NODE_873_length_29736_cov_3.323515	334796	3037202	0.110232
NODE_311_length_38391_cov_4.242662	164237	2882716	0.056973
NODE_1993_length_23472_cov_3.038420	464666	3548731	0.130939
NODE_2325_length_22410_cov_2.972032	163109	1730316	0.0942654
NODE_28_length_61056_cov_3.169300	540231	4968855	0.108723
NODE_1878_length_23899_cov_3.453319	428816	2633868	0.162808
NODE_1980_length_23520_cov_3.629606	372568	2086229	0.178584
NODE_984_length_28903_cov_3.677475	595670	3861859	0.154244
NODE_2999_length_20526_cov_4.868556	71842	1811800	0.0396523
NODE_511_length_34063_cov_3.717789	286594	2687196	0.106652
NODE_3162_length_20191_cov_3.783446	260329	1877867	0.13863
NODE_518_length_33956_cov_4.356677	368490	3467990	0.106255
NODE_3164_length_20184_cov_3.370575	153325	1468861	0.104384
NODE_553_length_33496_cov_3.646256	341214	2736793	0.124677
NODE_561_length_33378_cov_3.422429	299521	2772889	0.108018
NODE_625_length_32355_cov_3.873295	250595	2619705	0.0956577
NODE_1833_length_24101_cov_3.619490	102026	1680790	0.0607012
NODE_747_length_31074_cov_3.354221	231982	2473435	0.0937894
NODE_2850_length_20894_cov_4.048762	85197	1574287	0.0541178
NODE_1756_length_24464_cov_3.496409	130484	1778043	0.0733863
NODE_2181_length_22843_cov_3.586308	304019	2277545	0.133485
NODE_341_length_37541_cov_4.090193	213895	2806873	0.076204
NODE_763_length_30920_cov_3.650822	246311	2219270	0.110987
NODE_1781_length_24367_cov_3.659428	216066	2079299	0.103913
NODE_2990_length_20541_cov_3.762694	1340262	4481036	0.299096
NODE_1402_length_26103_cov_3.751500	174592	2038318	0.0856549
NODE_1901_length_23781_cov_3.366143	327996	2212681	0.148235
NODE_1883_length_23862_cov_3.718933	327461	2097455	0.156123
NODE_2227_length_22693_cov_3.205497	1330667	4966408	0.267933
NODE_2693_length_21354_cov_3.544248	106611	1645334	0.064796
NODE_3189_length_20127_cov_3.693479	100492	1449203	0.0693429
NODE_2545_length_21729_cov_3.510032	526970	2661698	0.197983
NODE_3045_length_20400_cov_3.497759	123472	1570473	0.0786209
NODE_602_length_32775_cov_3.512884	860988	4133597	0.20829
NODE_1909_length_23744_cov_3.356185	785609	3413399	0.230154
NODE_1675_length_24758_cov_3.376212	360911	3331934	0.108319
NODE_2466_length_21974_cov_4.300160	597765	3600305	0.166032
NODE_911_length_29445_cov_3.187726	962176	4391010	0.219124
NODE_618_length_32527_cov_3.723356	119769	2409901	0.0496987
NODE_1958_length_23612_cov_3.299621	113753	1686634	0.0674438
NODE_241_length_40304_cov_3.826216	831890	5795175	0.143549
NODE_1766_length_24430_cov_3.560972	152504	1996173	0.0763982
NODE_894_length_29582_cov_3.276634	387979	2576906	0.15056
NODE_3242_length_20014_cov_3.162591	116545	1497657	0.0778182
NODE_247_length_40111_cov_3.761821	456620	3521376	0.129671
NODE_221_length_40988_cov_3.832180	194167	3089201	0.0628535
NODE_1536_length_25381_cov_4.034768	213730	2446436	0.0873638
NODE_1025_length_28566_cov_3.506130	492435	2730137	0.18037
NODE_26_length_62198_cov_3.948244	567231	5510635	0.102934
NODE_2953_length_20627_cov_3.686818	150068	1553572	0.0965955
NODE_717_length_31374_cov_4.180080	1193073	9717256	0.122779
NODE_855_length_29924_cov_3.766907	266140	2368345	0.112374
NODE_1912_length_23737_cov_3.807302	91164	1736226	0.052507
NODE_2813_length_20998_cov_3.438107	117835	1533698	0.0768306
NODE_3010_length_20491_cov_3.216310	381567	2551369	0.149554
NODE_1199_length_27348_cov_3.406731	235727	2292447	0.102828
NODE_2470_length_21968_cov_3.517719	225876	1742717	0.129611
NODE_1071_length_28176_cov_3.704491	272732	2488166	0.109612
NODE_3101_length_20288_cov_3.320769	404379	1926166	0.20994
NODE_1503_length_25620_cov_3.795894	74563	1841991	0.0404796
NODE_2212_length_22740_cov_3.779471	468160	3533676	0.132485
NODE_1067_length_28230_cov_3.886851	323726	2466734	0.131237
NODE_1075_length_28172_cov_3.656859	468886	2800562	0.167426
NODE_2835_length_20928_cov_3.261078	101766	1429546	0.0711876
NODE_1885_length_23853_cov_3.455250	374543	2667216	0.140425
NODE_2146_length_22991_cov_3.658527	479157	2748111	0.174359
NODE_2225_length_22694_cov_3.639965	91450	1668568	0.0548075
NODE_2410_length_22149_cov_3.612517	159531	1761404	0.0905704
NODE_1224_length_27217_cov_3.030386	408638	2246162	0.181927
NODE_1108_length_27899_cov_3.569856	184119	1986465	0.0926868
NODE_2310_length_22451_cov_3.568540	851395	3973853	0.214249
NODE_326_length_37963_cov_3.443905	579776	3323096	0.174469
NODE_1441_length_25920_cov_3.581039	173607	1958013	0.0886649
NODE_481_length_34486_cov_3.322157	468456	3241013	0.14454
NODE_2824_length_20965_cov_3.684223	128099	1492796	0.0858115
NODE_239_length_40359_cov_3.551043	165987	2925416	0.0567396
NODE_843_length_30041_cov_3.662982	501950	3271041	0.153453
NODE_2297_length_22485_cov_3.495131	393244	2445556	0.160799
NODE_2876_length_20815_cov_3.301603	371625	1927857	0.192766
NODE_1427_length_25981_cov_3.620508	387533	3106352	0.124755
NODE_2036_length_23353_cov_3.162553	553917	2858631	0.19377
NODE_1493_length_25660_cov_3.176871	212354	1884882	0.112662
NODE_1404_length_26088_cov_3.276463	572587	3037522	0.188505
NODE_200_length_41646_cov_4.106626	236435	3160276	0.0748147
NODE_2194_length_22796_cov_3.524210	304998	2052244	0.148617
NODE_723_length_31308_cov_3.331763	222492	2487152	0.0894565
NODE_2444_length_22043_cov_3.520507	199180	1652370	0.120542
NODE_559_length_33393_cov_3.594552	264670	2559440	0.103409
NODE_339_length_37626_cov_3.445359	190414	2831141	0.067257
NODE_364_length_37019_cov_3.835536	422240	4322645	0.0976809
NODE_3024_length_20459_cov_3.856729	148069	1568410	0.0944071
NODE_1360_length_26304_cov_3.622438	299624	2283124	0.131234
NODE_468_length_34666_cov_3.834785	160992	2667659	0.0603495
NODE_371_length_36771_cov_3.635035	164545	2766997	0.059467
NODE_1812_length_24198_cov_3.530063	281145	2194287	0.128126
NODE_1931_length_23695_cov_3.307425	170316	1791981	0.0950434
NODE_1862_length_23963_cov_3.301877	102530	1785160	0.0574346
NODE_1121_length_27798_cov_3.404022	384180	3441230	0.11164
NODE_2158_length_22929_cov_2.942970	1554714	3960864	0.392519
NODE_2695_length_21341_cov_3.617786	470805	2225645	0.211536
NODE_3139_length_20220_cov_3.424532	146703	1576425	0.0930606
NODE_1948_length_23641_cov_3.859698	261155	1965431	0.132874
NODE_2066_length_23283_cov_3.392512	266561	2214949	0.120346
NODE_209_length_41344_cov_3.421772	447943	3439216	0.130246
NODE_152_length_43545_cov_3.975809	308520	3241210	0.0951867
NODE_1385_length_26195_cov_3.765328	136074	2055549	0.0661984
NODE_480_length_34492_cov_3.544820	190046	2575290	0.073796
NODE_2487_length_21918_cov_3.129658	292137	1822606	0.160285
NODE_1722_length_24575_cov_3.607656	510613	2661527	0.19185
NODE_2809_length_21010_cov_3.568457	321392	1990019	0.161502
NODE_766_length_30882_cov_3.448072	179817	2204330	0.0815744
NODE_580_length_33065_cov_3.717921	195418	2471356	0.0790732
NODE_424_length_35657_cov_3.936695	334141	3080389	0.108474
NODE_1817_length_24162_cov_3.357520	142398	1769923	0.0804543
NODE_1483_length_25688_cov_3.733479	168655	1994301	0.0845685
NODE_538_length_33670_cov_3.557922	630316	4023743	0.156649
NODE_1619_length_24997_cov_3.615230	2644120	15905426	0.16624
NODE_2168_length_22905_cov_3.941638	111235	1794225	0.0619961
NODE_473_length_34608_cov_3.451303	280176	2625988	0.106694
NODE_2751_length_21164_cov_3.588892	155751	1602454	0.0971953
NODE_3131_length_20241_cov_3.501043	305723	1761189	0.173589
NODE_2557_length_21714_cov_3.746056	132116	1691838	0.0780902
NODE_119_length_45487_cov_3.639861	725868	6737783	0.107731
NODE_1906_length_23759_cov_3.709214	132527	1848554	0.0716923
NODE_1987_length_23501_cov_3.723613	194871	2072902	0.0940088
NODE_2961_length_20614_cov_3.517475	104473	1527308	0.0684034
NODE_923_length_29366_cov_3.729046	214686	2359557	0.0909857
NODE_1184_length_27441_cov_3.633823	1008810	5180251	0.194742
NODE_2569_length_21684_cov_3.851888	148806	1635966	0.0909591
NODE_1031_length_28509_cov_3.529849	164636	2215128	0.0743235
NODE_881_length_29668_cov_4.841320	1421453	13597054	0.104541
NODE_452_length_35078_cov_3.830698	295926	2847500	0.103925
NODE_3143_length_20215_cov_3.371595	267589	2034764	0.131509
NODE_3050_length_20389_cov_3.643815	188945	1611988	0.117212
NODE_2395_length_22182_cov_3.632432	225198	2073901	0.108587
NODE_1175_length_27515_cov_3.703458	123568	1984601	0.0622634
NODE_1955_length_23621_cov_3.672264	213777	1836904	0.116379
NODE_1240_length_27081_cov_3.657253	155945	2140228	0.0728637
NODE_2002_length_23456_cov_3.548358	178692	1769954	0.100959
NODE_359_length_37217_cov_3.567972	360403	3211249	0.112231
NODE_2414_length_22122_cov_3.792580	91617	1721318	0.0532249
NODE_1943_length_23647_cov_3.691736	113362	1724437	0.0657386
NODE_2294_length_22494_cov_3.308238	147134	1850876	0.0794943
NODE_386_length_36417_cov_3.341126	592533	3807965	0.155604
NODE_283_length_39212_cov_3.763940	321320	3203814	0.100293
NODE_1770_length_24419_cov_3.250658	456872	3066692	0.148979
NODE_302_length_38623_cov_3.526633	232617	2877587	0.0808375
NODE_351_length_37384_cov_3.658361	644918	3808302	0.169345
NODE_573_length_33188_cov_3.771797	102630	2400877	0.0427469
NODE_2765_length_21120_cov_4.716807	2730089	17283111	0.157963
NODE_3100_length_20292_cov_3.393255	312426	2018294	0.154797
NODE_1416_length_26014_cov_3.754968	133650	1958345	0.0682464
NODE_78_length_50161_cov_3.497703	610206	4580873	0.133207
NODE_2825_length_20965_cov_2.865858	544342	2680593	0.203068
NODE_142_length_44290_cov_3.865289	249701	3275657	0.0762293
NODE_928_length_29347_cov_3.182542	748805	3636949	0.205888
NODE_1858_length_23983_cov_3.179241	777975	3808183	0.20429
NODE_2288_length_22514_cov_3.567879	129040	1634292	0.0789577
NODE_162_length_42989_cov_3.931336	220533	3319434	0.0664369
NODE_1797_length_24287_cov_3.279436	340359	2267517	0.150102
NODE_737_length_31142_cov_3.263022	248018	2413429	0.102766
NODE_969_length_29040_cov_3.588611	104479	2255661	0.0463186
NODE_2023_length_23384_cov_3.414344	346442	2448854	0.141471
NODE_2102_length_23166_cov_3.695973	209407	1905879	0.109874
NODE_3055_length_20372_cov_3.752824	246228	1829838	0.134563
NODE_1639_length_24931_cov_3.191970	287178	2017939	0.142313
NODE_853_length_29952_cov_4.192175	482851	4650401	0.10383
NODE_1327_length_26517_cov_3.441782	694139	3762201	0.184503
NODE_1873_length_23924_cov_3.902371	720255	3549833	0.202898
NODE_1636_length_24940_cov_3.501630	136379	1800137	0.0757603
NODE_704_length_31614_cov_3.843630	143144	2408272	0.0594385
NODE_2149_length_22963_cov_3.499300	315749	2213031	0.142677
NODE_2335_length_22370_cov_3.321854	133108	1635913	0.0813662
NODE_501_length_34188_cov_3.545895	302550	2840465	0.106514
NODE_840_length_30076_cov_3.370084	376864	2799870	0.134601
NODE_360_length_37214_cov_3.558561	398962	3436045	0.116111
NODE_1328_length_26516_cov_3.439490	1098650	4876866	0.225278
NODE_2050_length_23324_cov_3.111087	157240	1712865	0.0917994
NODE_2847_length_20900_cov_3.812846	421356	2155408	0.195488
NODE_2281_length_22530_cov_3.405555	128181	1719939	0.0745265
NODE_1069_length_28209_cov_3.509961	115361	2224697	0.0518547
NODE_2427_length_22080_cov_3.312907	255974	1781620	0.143675
NODE_1226_length_27209_cov_3.427554	146407	2032829	0.0720213
NODE_699_length_31652_cov_3.430767	467345	4338557	0.107719
NODE_1093_length_28043_cov_3.327405	261234	2442761	0.106942
NODE_3086_length_20325_cov_3.453179	129844	1464161	0.0886815
NODE_3011_length_20489_cov_3.480481	200342	1621008	0.123591
NODE_219_length_41022_cov_3.385993	784063	4030008	0.194556
NODE_2814_length_20996_cov_3.678375	590241	2415081	0.244398
NODE_58_length_52638_cov_3.513105	769138	6233087	0.123396
NODE_1530_length_25420_cov_4.322144	399530	2816868	0.141835
NODE_2552_length_21725_cov_2.920050	1061951	4321769	0.245721
NODE_1555_length_25307_cov_3.879483	83428	1795237	0.0464719
NODE_2982_length_20569_cov_3.486273	117456	1436830	0.0817466
NODE_2175_length_22875_cov_3.497366	165860	2066238	0.0802715
NODE_852_length_29962_cov_3.805646	102545	2240882	0.045761
NODE_2772_length_21108_cov_3.152839	256488	1802124	0.142325
NODE_10_length_70150_cov_3.661732	346119	5384387	0.064282
NODE_2192_length_22799_cov_3.322555	348215	2318600	0.150183
NODE_310_length_38421_cov_4.250431	596150	4500575	0.132461
NODE_1560_length_25282_cov_3.455347	320390	2360588	0.135725
NODE_381_length_36493_cov_4.012749	137099	2786916	0.0491938
NODE_606_length_32732_cov_3.639843	308201	2791845	0.110393
NODE_373_length_36764_cov_3.690031	331319	2966114	0.111701
NODE_2690_length_21355_cov_3.665694	75946	1670158	0.0454723
NODE_1638_length_24933_cov_3.639849	141337	1725438	0.0819137
NODE_1556_length_25302_cov_3.328651	299793	2236083	0.134071
NODE_590_length_32938_cov_3.552849	416377	3227237	0.12902
NODE_413_length_35866_cov_4.004893	242209	2703684	0.0895848
NODE_287_length_39101_cov_3.896877	199098	2854339	0.0697528
NODE_1656_length_24843_cov_3.670870	194882	1928047	0.101077
NODE_1436_length_25949_cov_3.529749	153537	1831181	0.0838459
NODE_2197_length_22794_cov_3.734303	374425	2666375	0.140425
NODE_2507_length_21842_cov_2.864692	2393345	16654575	0.143705
NODE_159_length_43060_cov_3.785387	389594	3446999	0.113024
NODE_925_length_29351_cov_5.347805	1966507	13369750	0.147086
NODE_582_length_33051_cov_3.423859	260142	2672032	0.0973574
NODE_2403_length_22159_cov_3.496419	195724	1904514	0.102768
NODE_2394_length_22185_cov_3.149416	155549	1705869	0.0911846
NODE_2886_length_20794_cov_3.231698	138996	1477758	0.0940587
NODE_2641_length_21460_cov_3.257291	162318	1659675	0.0978011
NODE_628_length_32319_cov_3.056580	355603	2628402	0.135292
NODE_1089_length_28083_cov_3.489673	186354	2365984	0.0787638
NODE_2463_length_21980_cov_3.506512	194222	1763617	0.110127
NODE_1825_length_24144_cov_3.351923	205192	1926782	0.106495
NODE_1552_length_25318_cov_3.807883	159625	1932936	0.0825816
NODE_2617_length_21519_cov_3.114239	215547	1768059	0.121912
NODE_2152_length_22947_cov_3.348608	241789	1805370	0.133928
NODE_2854_length_20891_cov_3.017314	205445	1663568	0.123497
NODE_1779_length_24382_cov_3.429189	294073	2110359	0.139347
NODE_768_length_30872_cov_3.378384	343209	2829543	0.121295
NODE_2912_length_20736_cov_3.736977	70590	1518001	0.0465019
NODE_2683_length_21380_cov_3.639303	128468	1611638	0.0797127
NODE_3019_length_20467_cov_3.186813	181670	1558260	0.116585
NODE_3177_length_20154_cov_3.458439	104723	1536246	0.0681681
NODE_1754_length_24478_cov_3.772755	576057	4674455	0.123235
NODE_73_length_50610_cov_3.637129	266128	3801084	0.0700137
NODE_1477_length_25718_cov_3.215309	446899	2273864	0.196537
NODE_1206_length_27294_cov_3.469829	145335	1886434	0.0770422
NODE_1783_length_24362_cov_2.969254	254302	1936680	0.131308
NODE_609_length_32699_cov_3.673190	158481	2523636	0.0627987
NODE_74_length_50534_cov_3.637771	461193	4290849	0.107483
NODE_2802_length_21019_cov_3.467973	175428	1538517	0.114024
NODE_2180_length_22845_cov_4.014244	86166	1665612	0.0517323
NODE_1368_length_26264_cov_3.371565	241726	2223743	0.108702
NODE_2420_length_22099_cov_3.146364	500663	3827473	0.130808
NODE_1439_length_25932_cov_3.428870	115915	1898720	0.061049
NODE_2356_length_22287_cov_3.222868	154823	1436744	0.10776
NODE_2497_length_21870_cov_3.377199	202873	1688334	0.120162
NODE_1095_length_28038_cov_3.095744	192819	2132630	0.0904137
NODE_2592_length_21616_cov_3.043408	229939	2046130	0.112378
NODE_2360_length_22281_cov_3.687269	103045	1610810	0.0639709
NODE_1617_length_25001_cov_3.760421	171587	1890932	0.090742
NODE_404_length_35980_cov_3.531145	434446	4837289	0.0898119
NODE_1611_length_25009_cov_3.427619	877501	4140463	0.211933
NODE_581_length_33053_cov_4.208199	482661	3109990	0.155197
NODE_3165_length_20178_cov_3.707306	278938	1799479	0.15501
NODE_2801_length_21019_cov_3.634895	80440	1595231	0.0504253
NODE_1445_length_25911_cov_3.509259	206109	1994353	0.103346
NODE_1489_length_25664_cov_3.552904	248492	2066528	0.120246
NODE_1165_length_27571_cov_3.548267	301841	2397618	0.125892
NODE_527_length_33828_cov_3.490913	126471	2576976	0.0490773
NODE_2785_length_21079_cov_3.616301	137172	1517532	0.0903915
NODE_1954_length_23624_cov_3.734750	85789	1652214	0.0519237
NODE_2453_length_22005_cov_3.815393	237783	2082982	0.114155
NODE_2428_length_22079_cov_7.211692	466842	2977557	0.156787
NODE_1448_length_25898_cov_3.218652	468427	2466321	0.189929
NODE_2750_length_21170_cov_3.317973	454504	3757422	0.120962
NODE_3134_length_20235_cov_3.724424	95118	1468774	0.0647601
NODE_782_length_30765_cov_3.363562	201613	2313203	0.0871575
NODE_2871_length_20832_cov_2.986447	301688	1772098	0.170243
NODE_2445_length_22038_cov_4.093714	78826	1686542	0.0467382
NODE_3159_length_20200_cov_3.866773	157510	1776886	0.0886438
NODE_2970_length_20595_cov_3.206479	293319	1881488	0.155897
NODE_2601_length_21599_cov_3.684791	247018	1871651	0.131979
NODE_720_length_31333_cov_3.853845	254001	2471740	0.102762
NODE_398_length_36056_cov_3.743221	146168	2699253	0.0541513
NODE_1966_length_23563_cov_4.327864	388471	3282835	0.118334
NODE_630_length_32284_cov_3.806556	147919	2330692	0.0634657
NODE_3042_length_20414_cov_3.570071	320370	2426799	0.132013
NODE_1049_length_28350_cov_3.501398	206731	2187479	0.0945065
NODE_167_length_42777_cov_4.154154	140714	3196055	0.0440274
NODE_1738_length_24535_cov_3.854763	166002	1821456	0.091137
NODE_1186_length_27432_cov_3.175539	215019	2195587	0.0979324
NODE_1875_length_23908_cov_3.929186	600737	3333492	0.180213
NODE_1998_length_23460_cov_3.034374	192303	1717997	0.111934
NODE_802_length_30578_cov_3.502215	193901	2277338	0.0851437
NODE_52_length_54166_cov_3.498363	259313	3868181	0.0670375
NODE_3196_length_20112_cov_3.668366	255310	1973868	0.129345
NODE_17_length_65525_cov_3.703665	346097	5081486	0.0681094
NODE_442_length_35214_cov_3.106849	413736	3103592	0.133309
NODE_2637_length_21467_cov_3.488253	348999	1954248	0.178585
NODE_2577_length_21669_cov_3.722995	93519	1561514	0.05989
NODE_2330_length_22382_cov_3.444240	404943	2411391	0.167929
NODE_1042_length_28397_cov_3.296699	221468	2050457	0.108009
NODE_1444_length_25915_cov_3.120429	186862	1788251	0.104494
NODE_2259_length_22592_cov_3.781132	274320	2095438	0.130913
NODE_1576_length_25219_cov_3.304061	214953	2145884	0.10017
NODE_1217_length_27227_cov_3.825826	271278	2495118	0.108724
NODE_1721_length_24590_cov_3.456045	150629	1913646	0.0787131
NODE_2189_length_22817_cov_3.772559	135804	1716272	0.0791273
NODE_1280_length_26809_cov_3.636129	435811	2427808	0.179508
NODE_299_length_38697_cov_16.074797	1300952	8978261	0.1449
NODE_1286_length_26782_cov_2.941386	270072	2056795	0.131307
NODE_2054_length_23312_cov_3.852540	153889	1861042	0.0826897
NODE_3097_length_20298_cov_3.757067	75325	1532635	0.0491474
NODE_974_length_29024_cov_3.530925	216061	2463142	0.0877176
NODE_1272_length_26871_cov_6.895861	1323322	9288860	0.142463
NODE_1610_length_25014_cov_4.627935	688503	3918529	0.175704
NODE_1180_length_27473_cov_3.373676	413315	2523970	0.163756
NODE_3027_length_20456_cov_3.317286	408235	1996818	0.204443
NODE_902_length_29520_cov_3.574692	190903	2083211	0.0916388
NODE_1661_length_24830_cov_3.449355	602243	2511892	0.239757
NODE_30_length_59794_cov_3.480710	679003	5234373	0.12972
NODE_2679_length_21393_cov_3.180332	334983	1863605	0.17975
NODE_2567_length_21689_cov_3.693886	113437	1639107	0.0692066
NODE_2920_length_20705_cov_3.461904	139214	1594972	0.087283
NODE_2867_length_20849_cov_3.723036	361673	2185303	0.165502
NODE_1802_length_24241_cov_3.716179	1641433	6557161	0.250327
NODE_2636_length_21469_cov_3.567993	213247	1776659	0.120027
NODE_2237_length_22664_cov_3.038688	380218	1938022	0.196189
NODE_2409_length_22149_cov_3.958549	2711126	13025557	0.208139
NODE_637_length_32218_cov_3.417666	182032	2348361	0.0775145
NODE_2736_length_21221_cov_3.691270	169475	1740189	0.0973888
NODE_1847_length_24045_cov_3.679821	199826	2014886	0.0991748
NODE_1282_length_26804_cov_3.968321	340652	3198965	0.106488
NODE_1021_length_28602_cov_3.913799	230088	2175062	0.105785
NODE_2732_length_21227_cov_3.693156	120215	1463663	0.082133
NODE_2517_length_21822_cov_3.371726	135721	1675890	0.0809844
NODE_3095_length_20306_cov_3.354085	1102841	8563406	0.128785
NODE_2371_length_22259_cov_3.743051	107578	1664515	0.0646302
NODE_2015_length_23411_cov_6.544012	2122192	9151961	0.231884
NODE_1997_length_23467_cov_3.251455	140522	1743481	0.0805985
NODE_1543_length_25359_cov_3.752019	893156	5970256	0.149601
NODE_2129_length_23055_cov_3.792429	138055	1714196	0.0805363
NODE_1471_length_25768_cov_3.436714	198639	1904933	0.104276
NODE_1643_length_24902_cov_2.869250	673610	3061435	0.220031
NODE_1800_length_24272_cov_3.633806	256956	1959118	0.131159
NODE_1196_length_27364_cov_3.469686	516483	2541227	0.203242
NODE_801_length_30586_cov_3.612327	213782	2290453	0.0933361
NODE_1332_length_26512_cov_3.273994	305353	2535346	0.120438
NODE_1297_length_26721_cov_3.593081	164811	2042654	0.0806847
NODE_2091_length_23211_cov_3.235462	326379	1834302	0.177931
NODE_13_length_68114_cov_3.343174	1418693	8424321	0.168404
NODE_583_length_32997_cov_3.614505	169622	2498892	0.0678789
NODE_2307_length_22456_cov_3.234647	263985	1960499	0.134652
NODE_35_length_57784_cov_3.561099	570685	4902236	0.116413
NODE_783_length_30754_cov_3.543859	309079	2601807	0.118794
NODE_906_length_29489_cov_3.398775	150869	2205060	0.0684195
NODE_79_length_49835_cov_3.292786	522901	4494074	0.116353
NODE_2399_length_22167_cov_5.915534	373686	3569495	0.104689
NODE_2682_length_21382_cov_3.358173	136867	1595041	0.0858078
NODE_2324_length_22410_cov_3.452826	250276	1756389	0.142495
NODE_426_length_35605_cov_3.469245	386206	3196432	0.120824
NODE_2558_length_21711_cov_3.569313	205952	1811341	0.113701
NODE_1562_length_25278_cov_3.461734	509684	2660719	0.191559
NODE_1585_length_25153_cov_3.260597	194374	1894105	0.10262
NODE_2989_length_20543_cov_3.477304	95899	1445357	0.0663497
NODE_15_length_67516_cov_3.678390	405460	5107848	0.0793798
NODE_1236_length_27134_cov_3.268911	282514	2269779	0.124468
NODE_2525_length_21800_cov_3.494678	153273	1668362	0.0918703
NODE_2922_length_20701_cov_3.307203	290200	1896656	0.153006
NODE_3149_length_20210_cov_3.340262	5462072	21374920	0.255536
NODE_1704_length_24625_cov_3.139403	344046	2561678	0.134305
NODE_2841_length_20916_cov_3.456454	140854	1727941	0.0815155
NODE_848_length_29998_cov_3.244624	318626	2355217	0.135285
NODE_1341_length_26455_cov_4.125247	208913	2634606	0.0792957
NODE_2034_length_23359_cov_3.828590	198009	1693120	0.116949
NODE_472_length_34624_cov_3.066474	310300	2739443	0.113271
NODE_1773_length_24405_cov_3.961285	131395	1884057	0.0697405
NODE_126_length_45242_cov_4.606030	1105741	9539838	0.115908
NODE_3004_length_20514_cov_3.405535	123839	1608816	0.0769752
NODE_965_length_29090_cov_3.467904	348201	2432699	0.143134
NODE_1664_length_24817_cov_3.329638	347004	2232530	0.155431
NODE_1258_length_26965_cov_3.886771	118585	2068599	0.0573262
NODE_786_length_30707_cov_3.435572	219803	2339834	0.0939396
NODE_2698_length_21334_cov_3.613610	686377	7937138	0.0864766
NODE_2504_length_21850_cov_3.135810	525113	3754707	0.139855
NODE_675_length_31913_cov_3.417741	516522	3058595	0.168876
NODE_191_length_42089_cov_3.205406	395519	3327949	0.118848
NODE_2058_length_23306_cov_3.977464	325311	2784799	0.116817
NODE_1517_length_25529_cov_3.719662	90867	1938059	0.0468856
NODE_964_length_29092_cov_3.594764	265402	2317030	0.114544
NODE_1410_length_26059_cov_3.210940	162910	1836888	0.088688
NODE_3235_length_20032_cov_3.387147	177268	1583559	0.111943
NODE_1547_length_25345_cov_3.489741	310688	2611941	0.118949
NODE_808_length_30457_cov_3.696818	564039	3362003	0.167769
NODE_1688_length_24686_cov_3.453288	446104	3709452	0.120261
NODE_2745_length_21193_cov_3.823410	74532	1614956	0.0461511
NODE_2241_length_22650_cov_3.672165	195808	1787806	0.109524
NODE_1500_length_25627_cov_3.892118	163788	1923475	0.0851521
NODE_1073_length_28176_cov_3.380418	384179	2424867	0.158433
NODE_895_length_29574_cov_3.726921	197009	2249228	0.0875896
NODE_2708_length_21292_cov_2.939744	274011	1814913	0.150977
NODE_2763_length_21124_cov_4.084281	281785	1916882	0.147002
NODE_2119_length_23088_cov_3.596329	102581	1818583	0.0564071
NODE_2381_length_22212_cov_3.902953	441935	2407359	0.183577
NODE_694_length_31699_cov_3.412310	1315082	6893178	0.19078
NODE_1419_length_26006_cov_3.494847	504932	3588499	0.140708
NODE_3243_length_20013_cov_3.404791	911924	5406402	0.168675
NODE_2541_length_21735_cov_3.911028	125417	1696223	0.073939
NODE_2860_length_20861_cov_3.250506	115468	1611820	0.0716383
NODE_1118_length_27806_cov_3.433067	544554	3124829	0.174267
NODE_2791_length_21065_cov_3.155394	230157	1685989	0.136512
NODE_545_length_33591_cov_3.638361	237887	2726104	0.0872626
NODE_731_length_31175_cov_3.512807	266592	2498447	0.106703
NODE_101_length_46778_cov_4.250412	236737	3534816	0.0669729
NODE_2979_length_20575_cov_3.284089	286081	1859664	0.153835
NODE_2496_length_21871_cov_3.605916	199747	1816942	0.109936
NODE_600_length_32788_cov_3.550766	159552	2325067	0.0686225
NODE_2669_length_21419_cov_3.705722	352858	1850125	0.190721
NODE_2303_length_22462_cov_3.577069	160056	1690699	0.0946685
NODE_1324_length_26528_cov_3.116198	312010	2257551	0.138207
NODE_1353_length_26353_cov_3.730593	187644	2134069	0.0879278
NODE_1312_length_26612_cov_3.469883	693946	4779989	0.145177
NODE_1782_length_24366_cov_3.136770	782190	3725497	0.209956
NODE_2055_length_23312_cov_3.195623	520589	2849024	0.182725
NODE_1881_length_23866_cov_3.308495	203322	1727980	0.117665
NODE_1172_length_27538_cov_3.953096	429755	3522981	0.121986
NODE_417_length_35813_cov_3.312006	278090	2824172	0.0984678
NODE_2343_length_22337_cov_3.055715	144747	1740316	0.0831728
NODE_3178_length_20148_cov_3.267295	165133	1677272	0.0984533
NODE_2210_length_22752_cov_3.205712	1348048	5466060	0.246622
NODE_1317_length_26564_cov_3.490308	444200	2678736	0.165824
NODE_1701_length_24635_cov_3.174112	219496	1804303	0.121651
NODE_3163_length_20188_cov_3.282393	281167	1817384	0.15471
NODE_1900_length_23785_cov_3.601326	108722	1662585	0.0653933
NODE_2719_length_21260_cov_3.235339	247535	1720235	0.143896
NODE_1813_length_24197_cov_4.019670	123089	1791729	0.0686984
NODE_84_length_49465_cov_3.397824	482482	3915517	0.123223
NODE_2965_length_20608_cov_3.926569	90943	1568404	0.0579844
NODE_678_length_31890_cov_3.935988	583942	4702050	0.124189
NODE_1420_length_26003_cov_3.424761	264943	2138077	0.123916
NODE_2875_length_20816_cov_3.315683	130844	1574934	0.083079
NODE_36_length_57678_cov_3.446708	295014	4213876	0.0700101
NODE_761_length_30925_cov_3.718355	132623	2108996	0.0628844
NODE_2951_length_20631_cov_3.866014	231053	1992961	0.115935
NODE_1415_length_26022_cov_3.697064	216218	1998493	0.108191
NODE_217_length_41150_cov_3.686390	221505	2960022	0.0748322
NODE_2382_length_22212_cov_3.241668	123562	1642126	0.0752451
NODE_1005_length_28748_cov_3.680652	630812	3136861	0.201097
NODE_3221_length_20062_cov_3.265942	251184	1808619	0.138882
NODE_762_length_30924_cov_3.349619	153067	2263181	0.0676336
NODE_132_length_44822_cov_3.699774	188637	3542519	0.0532494
NODE_1343_length_26431_cov_3.459897	643357	3216633	0.200009
NODE_1915_length_23720_cov_2.959951	246373	2012026	0.12245
NODE_503_length_34173_cov_3.882139	226406	2594329	0.0872696
NODE_1740_length_24532_cov_3.677608	133753	1719424	0.0777894
NODE_1540_length_25365_cov_3.430579	201386	2074142	0.0970936
NODE_1713_length_24610_cov_3.481865	84611	1850042	0.0457346
NODE_3190_length_20126_cov_3.494882	534397	2835113	0.188492
NODE_2543_length_21730_cov_3.316352	138505	1664177	0.0832273
NODE_950_length_29179_cov_3.686245	159308	2299595	0.0692765
NODE_542_length_33625_cov_3.788940	375222	2818336	0.133136
NODE_3093_length_20308_cov_4.023109	81090	1556003	0.0521143
NODE_1602_length_25038_cov_3.849152	168760	1783936	0.0945998
NODE_2171_length_22886_cov_3.011981	486127	3117166	0.155952
NODE_1334_length_26507_cov_3.818426	132382	1929093	0.068624
NODE_445_length_35176_cov_3.523448	469629	3816717	0.123045
NODE_346_length_37457_cov_3.716955	699632	3856808	0.181402
NODE_1223_length_27218_cov_3.051477	232837	2198562	0.105904
NODE_2831_length_20951_cov_3.618838	202389	1653977	0.122365
NODE_1796_length_24288_cov_3.698003	229342	2253644	0.101765
NODE_3248_length_20002_cov_3.723358	1782081	9867307	0.180605
NODE_2232_length_22678_cov_3.493777	310866	1868077	0.16641
NODE_2612_length_21551_cov_3.788784	328436	2279196	0.144102
NODE_2930_length_20683_cov_3.953265	272435	2049805	0.132908
NODE_350_length_37402_cov_3.463796	205078	2681506	0.0764787
NODE_2513_length_21829_cov_3.436677	81647	1516406	0.0538424
NODE_27_length_61975_cov_3.526909	357391	4534461	0.0788166
NODE_3043_length_20403_cov_3.369385	108242	1574632	0.0687411
NODE_2505_length_21849_cov_3.711678	254584	1901395	0.133893
NODE_1359_length_26308_cov_3.504254	164664	1924423	0.0855654
NODE_3087_length_20321_cov_3.550737	78056	1455359	0.0536335
NODE_2894_length_20768_cov_4.973390	438679	2822149	0.155441
NODE_2426_length_22083_cov_3.312136	471903	2298534	0.205306
NODE_623_length_32391_cov_3.370835	269323	2876319	0.0936346
NODE_2917_length_20714_cov_3.150424	272684	1872326	0.145639
NODE_2868_length_20846_cov_3.778908	127366	1556519	0.0818275
NODE_1068_length_28209_cov_3.536464	825174	4954465	0.166552
NODE_917_length_29403_cov_3.419226	200069	2170248	0.0921872
NODE_1418_length_26008_cov_3.814003	146159	1877308	0.0778556
NODE_2109_length_23135_cov_3.659446	91773	1683815	0.054503
NODE_2890_length_20787_cov_3.685760	368120	2915351	0.12627
NODE_1752_length_24486_cov_3.607209	164214	1935773	0.0848312
NODE_830_length_30220_cov_3.365791	209898	2314984	0.0906693
NODE_2153_length_22937_cov_3.476881	154868	1813882	0.0853793
NODE_2514_length_21827_cov_3.485779	132618	1712398	0.0774458
NODE_2439_length_22054_cov_3.776452	112640	1612515	0.0698536
NODE_1230_length_27182_cov_3.131595	269186	2564673	0.104959
NODE_9_length_70193_cov_3.924587	1087416	8528554	0.127503
NODE_2252_length_22619_cov_3.490053	246161	2078697	0.118421
NODE_2565_length_21691_cov_3.158624	108247	1674184	0.0646566
NODE_325_length_38001_cov_3.336447	444984	3520403	0.126401
NODE_3121_length_20259_cov_3.082639	1175470	4109043	0.286069
NODE_3081_length_20328_cov_3.194177	219774	1564299	0.140494
NODE_255_length_39824_cov_3.674160	220060	2973309	0.0740118
NODE_2550_length_21725_cov_3.820864	137713	1639447	0.0839997
NODE_1234_length_27157_cov_3.276517	2548961	6776258	0.376161
NODE_935_length_29297_cov_3.401295	880275	3762229	0.233977
NODE_1894_length_23804_cov_3.600422	307161	2200027	0.139617
NODE_171_length_42620_cov_3.394864	420144	3765352	0.111582
NODE_2901_length_20759_cov_3.183930	163111	1616571	0.100899
NODE_934_length_29301_cov_3.639853	412301	2849605	0.144687
NODE_962_length_29113_cov_3.388743	494605	2705883	0.182789
NODE_116_length_45728_cov_3.788797	373316	3594546	0.103856
NODE_722_length_31319_cov_3.187348	197954	2522326	0.0784807
NODE_2033_length_23363_cov_3.723994	140634	1928986	0.0729057
NODE_402_length_35994_cov_3.624154	315031	2829213	0.111349
NODE_1255_length_26997_cov_3.373708	297571	2372570	0.125421
NODE_709_length_31576_cov_3.176287	233894	2525777	0.0926028
NODE_1988_length_23490_cov_3.589971	193653	1938740	0.099886
NODE_2799_length_21031_cov_3.571852	115248	1574621	0.0731909
NODE_1733_length_24553_cov_3.757545	185484	1849539	0.100287
NODE_2595_length_21612_cov_3.311068	240729	1666284	0.144471
NODE_2304_length_22459_cov_3.612209	226225	2144702	0.105481
NODE_1478_length_25718_cov_3.065537	584503	2693503	0.217005
NODE_2600_length_21603_cov_3.160668	201662	1863152	0.108237
NODE_2790_length_21068_cov_2.999714	221456	1633357	0.135583
NODE_998_length_28773_cov_3.404548	167387	2182142	0.0767077
NODE_661_length_32038_cov_3.639970	317361	2759135	0.115022
NODE_1403_length_26095_cov_3.991268	150967	1874655	0.0805306
NODE_2800_length_21023_cov_3.110925	861183	3994310	0.215602
NODE_146_length_43811_cov_3.609535	226711	3200589	0.0708341
NODE_745_length_31084_cov_3.955172	148437	2475193	0.0599699
NODE_1866_length_23948_cov_3.620529	290751	2168151	0.134101
NODE_862_length_29847_cov_3.658969	145121	2118050	0.0685163
NODE_2328_length_22386_cov_3.394894	372700	2468253	0.150997
NODE_665_length_32010_cov_3.529003	228990	2607630	0.0878154
NODE_2761_length_21130_cov_3.474585	252319	1726749	0.146124
NODE_932_length_29308_cov_3.371974	201650	2228592	0.0904831
NODE_2991_length_20541_cov_3.582379	247239	1852043	0.133495
NODE_1869_length_23943_cov_3.695479	109963	1844822	0.0596063
NODE_653_length_32107_cov_3.055424	200091	2235940	0.0894885
NODE_2934_length_20680_cov_3.357757	433545	2096599	0.206785
NODE_682_length_31835_cov_3.764684	1844751	15352038	0.120163
NODE_136_length_44741_cov_3.447583	261333	3223555	0.0810698
NODE_2099_length_23179_cov_3.219411	279482	1892977	0.147642
NODE_2746_length_21193_cov_3.746421	81229	1520183	0.0534337
NODE_1237_length_27119_cov_3.221651	522420	3427894	0.152403
NODE_755_length_30978_cov_3.644354	156681	2368047	0.0661646
NODE_2148_length_22976_cov_3.442715	179204	1934638	0.0926292
NODE_2506_length_21847_cov_3.256253	258368	2112239	0.122319
NODE_2971_length_20594_cov_3.601464	204869	1805379	0.113477
NODE_3174_length_20160_cov_3.622252	551908	4697366	0.117493
NODE_1594_length_25094_cov_3.824765	1062947	5577386	0.190582
NODE_2542_length_21733_cov_3.803458	736473	3078897	0.2392
NODE_3249_length_20002_cov_3.361453	467914	2347420	0.199331
NODE_2568_length_21689_cov_3.330153	571947	4489615	0.127393
NODE_107_length_46358_cov_3.828142	148479	3331006	0.0445748
NODE_2593_length_21614_cov_3.318057	279911	1927979	0.145184
NODE_353_length_37362_cov_3.784290	497715	3919824	0.126974
NODE_3098_length_20294_cov_3.157267	963028	3556905	0.270749
NODE_59_length_52620_cov_3.445726	308686	3964068	0.077871
NODE_844_length_30035_cov_3.835783	108167	2287360	0.047289
NODE_2739_length_21215_cov_3.774579	59060	1572046	0.0375689
NODE_2456_length_21999_cov_3.522694	281013	1796517	0.156421
NODE_1435_length_25950_cov_3.647402	186083	1964629	0.0947166
NODE_3184_length_20133_cov_3.039982	2074436	4160368	0.498618
NODE_2154_length_22936_cov_3.672812	125352	1725240	0.0726577
NODE_2079_length_23248_cov_3.169727	252756	1856213	0.136168
NODE_244_length_40172_cov_3.395403	367045	3491198	0.105134
NODE_166_length_42782_cov_3.464635	222959	3098386	0.0719597
NODE_879_length_29702_cov_3.888896	165833	2123225	0.0781043
NODE_1453_length_25859_cov_3.251203	1289545	5012253	0.257279
NODE_333_length_37779_cov_3.312792	387822	3402199	0.113992
NODE_1558_length_25285_cov_3.777495	158833	1951635	0.0813846
NODE_1684_length_24707_cov_3.847773	523763	2480513	0.211151
NODE_1711_length_24613_cov_3.685486	150588	1792116	0.084028
NODE_1164_length_27579_cov_3.689265	251045	2019693	0.124299
NODE_2052_length_23320_cov_3.296111	513048	2542718	0.201771
NODE_3133_length_20236_cov_3.438248	445974	2059055	0.216592
NODE_2516_length_21823_cov_3.400571	325170	2277628	0.142767
NODE_1001_length_28761_cov_3.206196	272306	2492877	0.109234
NODE_1167_length_27563_cov_3.766203	178289	1917323	0.0929885
NODE_534_length_33726_cov_3.327207	255194	2538911	0.100513
NODE_640_length_32188_cov_3.633769	132169	2357392	0.0560658
NODE_1339_length_26475_cov_3.788937	191740	2208531	0.0868179
NODE_2731_length_21228_cov_3.091533	183409	1628570	0.11262
NODE_575_length_33169_cov_3.488570	497635	3408798	0.145985
NODE_888_length_29605_cov_3.468955	232637	2250569	0.103368
NODE_626_length_32351_cov_3.507379	173642	2572974	0.0674869
NODE_2756_length_21152_cov_3.718757	205512	2021669	0.101655
NODE_394_length_36102_cov_3.623615	170644	2708321	0.0630073
NODE_2282_length_22530_cov_3.323882	398926	2361379	0.168938
NODE_2983_length_20569_cov_3.150611	192632	1578756	0.122015
NODE_111_length_46104_cov_3.581915	598532	4251457	0.140783
NODE_1210_length_27265_cov_3.613782	108978	2012404	0.0541531
NODE_3246_length_20007_cov_2.848805	2626080	20916494	0.125551
NODE_2474_length_21958_cov_3.849536	448221	2310857	0.193963
NODE_493_length_34316_cov_3.769413	414343	2968179	0.139595
NODE_1254_length_26997_cov_3.671574	154299	2066149	0.0746795
NODE_971_length_29034_cov_3.766304	151518	2036908	0.0743863
NODE_579_length_33092_cov_3.612312	125376	2372014	0.0528563
NODE_3052_length_20377_cov_3.876516	190952	1517887	0.125801
NODE_85_length_49064_cov_5.712856	781752	8737592	0.08947
NODE_2134_length_23038_cov_3.680849	93009	1748207	0.0532025
NODE_2697_length_21335_cov_3.672678	199479	1680422	0.118708
NODE_2384_length_22203_cov_3.821933	137323	1819151	0.0754874
NODE_2087_length_23223_cov_3.867540	272484	1998369	0.136353
NODE_485_length_34438_cov_3.389441	220106	2595175	0.0848135
NODE_2646_length_21451_cov_3.523651	346305	2146578	0.161329
NODE_967_length_29067_cov_3.600766	340972	2502068	0.136276
NODE_113_length_45986_cov_3.459455	480400	3834199	0.125293
NODE_1680_length_24731_cov_4.176031	779841	4285682	0.181964
NODE_1549_length_25340_cov_3.535240	217837	2472843	0.0880917
NODE_1907_length_23750_cov_3.165532	318919	2044284	0.156005
NODE_1899_length_23788_cov_3.473173	119345	1781682	0.0669845
NODE_205_length_41392_cov_3.439324	1193401	5079515	0.234944
NODE_2299_length_22473_cov_3.306293	244926	1946814	0.125809
NODE_2869_length_20840_cov_3.237452	332074	2031530	0.16346
NODE_3194_length_20119_cov_3.267383	487808	1995385	0.244468
NODE_3069_length_20346_cov_3.512026	396573	2783339	0.142481
NODE_2114_length_23115_cov_3.352059	184056	1763510	0.104369
NODE_2167_length_22907_cov_3.160996	569073	2543657	0.223722
NODE_1514_length_25538_cov_3.563505	133717	1843562	0.0725319
NODE_1271_length_26888_cov_3.429878	150659	2111864	0.0713393
NODE_1198_length_27349_cov_3.397358	155326	2014821	0.0770917
NODE_369_length_36792_cov_3.280789	292736	2828025	0.103513
NODE_726_length_31225_cov_3.521493	1111942	7275279	0.152838
NODE_318_length_38226_cov_3.776484	319728	3226246	0.0991022
NODE_866_length_29787_cov_3.512497	224939	2071582	0.108583
NODE_2094_length_23205_cov_3.569246	399311	2777305	0.143776
NODE_2786_length_21075_cov_4.038997	152703	1586070	0.0962776
NODE_851_length_29972_cov_3.586918	1456067	9581387	0.151968
NODE_20_length_62940_cov_3.656116	332565	4817446	0.0690335
NODE_1865_length_23952_cov_3.468704	398631	2342396	0.170181
NODE_889_length_29602_cov_3.434871	449993	2681065	0.167841
NODE_2101_length_23170_cov_3.681722	65336	1673911	0.0390319
NODE_2598_length_21609_cov_3.502417	66672	1626485	0.0409915
NODE_1627_length_24973_cov_3.339431	203151	1911336	0.106287
NODE_3230_length_20043_cov_3.096621	142220	1510013	0.0941846
NODE_328_length_37933_cov_3.555506	249673	2738042	0.0911867
NODE_3175_length_20158_cov_3.537165	162292	1669751	0.0971953
NODE_1632_length_24951_cov_3.821383	271989	2233707	0.121766
NODE_1214_length_27237_cov_3.511939	450868	2647744	0.170284
NODE_1922_length_23710_cov_3.707552	399575	2310699	0.172924
NODE_3185_length_20131_cov_4.054762	182569	1639090	0.111384
NODE_3085_length_20325_cov_3.612331	2964794	13333581	0.222355
NODE_2432_length_22066_cov_3.732690	100948	1677756	0.0601685
NODE_211_length_41295_cov_3.722716	861139	4961606	0.173561
NODE_3113_length_20266_cov_3.488769	129195	1478767	0.0873667
NODE_484_length_34444_cov_3.509477	479744	5459364	0.0878754
NODE_770_length_30827_cov_3.356320	236774	2418364	0.0979067
NODE_1279_length_26813_cov_3.735944	219457	2016599	0.108825
NODE_385_length_36472_cov_3.453771	333142	3004769	0.110871
NODE_3062_length_20361_cov_3.324203	398286	2447805	0.162711
NODE_423_length_35677_cov_4.387234	414498	3909456	0.106024
NODE_1976_length_23525_cov_3.535175	120463	1682909	0.0715802
NODE_320_length_38202_cov_3.878015	266572	3191310	0.0835306
NODE_1412_length_26048_cov_4.035994	201366	2409351	0.0835769
NODE_1015_length_28697_cov_3.274914	244676	2175595	0.112464
NODE_2670_length_21411_cov_3.925629	116491	1545842	0.0753576
NODE_2610_length_21561_cov_2.993290	192955	1665686	0.115841
NODE_94_length_47905_cov_3.958081	322171	3767512	0.0855129
NODE_1775_length_24399_cov_3.357202	252455	2171603	0.116253
NODE_2718_length_21261_cov_3.357622	66283	1566636	0.0423091
NODE_2643_length_21458_cov_3.725877	248776	1985374	0.125304
NODE_1888_length_23836_cov_3.499221	1127634	5564324	0.202654
NODE_342_length_37512_cov_4.667869	823923	7187379	0.114635
NODE_428_length_35573_cov_3.471472	217907	2608710	0.0835306
NODE_605_length_32735_cov_3.236855	2084016	8347482	0.249658
NODE_2521_length_21813_cov_3.286820	102341	1622272	0.063085
NODE_1641_length_24919_cov_3.710113	176752	1908924	0.0925925
NODE_1891_length_23818_cov_3.615077	253323	2171793	0.116642
NODE_2838_length_20923_cov_3.452699	142219	1647242	0.0863376
NODE_835_length_30156_cov_3.522574	474731	2760271	0.171987
NODE_2205_length_22768_cov_3.500375	543269	2493611	0.217864
NODE_197_length_41809_cov_3.756749	611349	4083798	0.149701
NODE_1509_length_25576_cov_3.448797	126702	1817963	0.0696945
NODE_1929_length_23699_cov_3.638602	185935	1888980	0.0984314
NODE_3198_length_20101_cov_3.593291	635871	3703765	0.171682
NODE_1584_length_25153_cov_3.396583	216202	1930795	0.111976
NODE_316_length_38318_cov_3.757372	218230	2918615	0.0747718
NODE_2551_length_21725_cov_3.343707	173126	1624744	0.106556
NODE_1731_length_24556_cov_3.475120	352903	2918202	0.120932
NODE_3191_length_20125_cov_3.087736	205553	1730025	0.118815
NODE_1059_length_28283_cov_3.475163	405001	2922811	0.138566
NODE_391_length_36245_cov_3.625104	274856	2958148	0.0929149
NODE_1154_length_27640_cov_3.119386	316548	2343949	0.135049
NODE_876_length_29721_cov_3.715009	261752	2247266	0.116476
NODE_91_length_48239_cov_4.131034	478020	4655433	0.10268
NODE_2836_length_20927_cov_3.772662	831787	5061263	0.164344
NODE_624_length_32375_cov_3.314041	322822	2619149	0.123255
NODE_1048_length_28355_cov_3.649030	118231	2089197	0.0565916
NODE_2724_length_21244_cov_3.718704	92169	1591059	0.0579293
NODE_1613_length_25006_cov_3.359819	2515465	5570738	0.45155
NODE_476_length_34558_cov_3.654633	430798	3241779	0.132889
NODE_949_length_29201_cov_3.421724	257272	2471587	0.104092
NODE_823_length_30268_cov_3.279227	214866	2339005	0.0918621
NODE_3180_length_20142_cov_3.276256	99428	1491102	0.0666809
NODE_1308_length_26635_cov_3.472000	260343	2095172	0.124259
NODE_447_length_35144_cov_3.152347	329835	2764913	0.119293
NODE_854_length_29943_cov_3.731571	216040	2502686	0.0863233
NODE_4_length_83149_cov_3.998880	841581	7006774	0.12011
NODE_60_length_52497_cov_3.887782	250855	3894562	0.0644116
NODE_2515_length_21826_cov_4.059097	112414	1618314	0.0694637
NODE_2993_length_20534_cov_3.234010	184789	1555131	0.118825
NODE_952_length_29172_cov_3.211605	361992	2375610	0.152379
NODE_1726_length_24567_cov_3.463054	225126	2059456	0.109313
NODE_1457_length_25840_cov_3.457247	709813	3771813	0.188189
NODE_2590_length_21619_cov_2.949071	170338	1645495	0.103518
NODE_1290_length_26762_cov_3.683757	136770	2018856	0.0677463
NODE_645_length_32157_cov_3.994884	2082697	10163005	0.204929
NODE_1401_length_26104_cov_3.449221	394562	2405809	0.164004
NODE_2779_length_21096_cov_3.446016	161961	1714107	0.0944871
NODE_2464_length_21980_cov_3.095425	332970	2207462	0.150838
NODE_1447_length_25898_cov_3.298926	333364	2493885	0.133673
